[2025-08-23T18:02:53.313+0000] {processor.py:157} INFO - Started process (PID=167) to work on /opt/airflow/dags/churn_pipeline_dag.py
[2025-08-23T18:02:53.314+0000] {processor.py:829} INFO - Processing file /opt/airflow/dags/churn_pipeline_dag.py for tasks to queue
[2025-08-23T18:02:53.316+0000] {logging_mixin.py:154} INFO - [2025-08-23T18:02:53.316+0000] {dagbag.py:536} INFO - Filling up the DagBag from /opt/airflow/dags/churn_pipeline_dag.py
[2025-08-23T18:02:53.392+0000] {processor.py:839} INFO - DAG(s) dict_keys(['churn_pipeline']) retrieved from /opt/airflow/dags/churn_pipeline_dag.py
[2025-08-23T18:02:53.551+0000] {logging_mixin.py:154} INFO - [2025-08-23T18:02:53.551+0000] {manager.py:499} INFO - Created Permission View: %s
[2025-08-23T18:02:53.556+0000] {logging_mixin.py:154} INFO - [2025-08-23T18:02:53.556+0000] {manager.py:499} INFO - Created Permission View: %s
[2025-08-23T18:02:53.558+0000] {logging_mixin.py:154} INFO - [2025-08-23T18:02:53.558+0000] {manager.py:499} INFO - Created Permission View: %s
[2025-08-23T18:02:53.558+0000] {logging_mixin.py:154} INFO - [2025-08-23T18:02:53.558+0000] {dag.py:2941} INFO - Sync 1 DAGs
[2025-08-23T18:02:53.563+0000] {logging_mixin.py:154} INFO - [2025-08-23T18:02:53.563+0000] {dag.py:2963} INFO - Creating ORM DAG for churn_pipeline
[2025-08-23T18:02:53.563+0000] {logging_mixin.py:154} INFO - [2025-08-23T18:02:53.563+0000] {dag.py:3722} INFO - Setting next_dagrun for churn_pipeline to None, run_after=None
[2025-08-23T18:02:53.572+0000] {processor.py:179} INFO - Processing /opt/airflow/dags/churn_pipeline_dag.py took 0.260 seconds
[2025-08-23T18:03:23.636+0000] {processor.py:157} INFO - Started process (PID=172) to work on /opt/airflow/dags/churn_pipeline_dag.py
[2025-08-23T18:03:23.637+0000] {processor.py:829} INFO - Processing file /opt/airflow/dags/churn_pipeline_dag.py for tasks to queue
[2025-08-23T18:03:23.638+0000] {logging_mixin.py:154} INFO - [2025-08-23T18:03:23.638+0000] {dagbag.py:536} INFO - Filling up the DagBag from /opt/airflow/dags/churn_pipeline_dag.py
[2025-08-23T18:03:23.653+0000] {processor.py:839} INFO - DAG(s) dict_keys(['churn_pipeline']) retrieved from /opt/airflow/dags/churn_pipeline_dag.py
[2025-08-23T18:03:23.675+0000] {logging_mixin.py:154} INFO - [2025-08-23T18:03:23.675+0000] {dag.py:2941} INFO - Sync 1 DAGs
[2025-08-23T18:03:23.685+0000] {logging_mixin.py:154} INFO - [2025-08-23T18:03:23.685+0000] {dag.py:3722} INFO - Setting next_dagrun for churn_pipeline to None, run_after=None
[2025-08-23T18:03:23.693+0000] {processor.py:179} INFO - Processing /opt/airflow/dags/churn_pipeline_dag.py took 0.061 seconds
[2025-08-23T18:03:53.950+0000] {processor.py:157} INFO - Started process (PID=185) to work on /opt/airflow/dags/churn_pipeline_dag.py
[2025-08-23T18:03:53.952+0000] {processor.py:829} INFO - Processing file /opt/airflow/dags/churn_pipeline_dag.py for tasks to queue
[2025-08-23T18:03:53.953+0000] {logging_mixin.py:154} INFO - [2025-08-23T18:03:53.953+0000] {dagbag.py:536} INFO - Filling up the DagBag from /opt/airflow/dags/churn_pipeline_dag.py
[2025-08-23T18:03:53.966+0000] {processor.py:839} INFO - DAG(s) dict_keys(['churn_pipeline']) retrieved from /opt/airflow/dags/churn_pipeline_dag.py
[2025-08-23T18:03:53.986+0000] {logging_mixin.py:154} INFO - [2025-08-23T18:03:53.986+0000] {dag.py:2941} INFO - Sync 1 DAGs
[2025-08-23T18:03:53.993+0000] {logging_mixin.py:154} INFO - [2025-08-23T18:03:53.993+0000] {dag.py:3722} INFO - Setting next_dagrun for churn_pipeline to None, run_after=None
[2025-08-23T18:03:54.000+0000] {processor.py:179} INFO - Processing /opt/airflow/dags/churn_pipeline_dag.py took 0.054 seconds
[2025-08-23T18:04:24.241+0000] {processor.py:157} INFO - Started process (PID=190) to work on /opt/airflow/dags/churn_pipeline_dag.py
[2025-08-23T18:04:24.242+0000] {processor.py:829} INFO - Processing file /opt/airflow/dags/churn_pipeline_dag.py for tasks to queue
[2025-08-23T18:04:24.243+0000] {logging_mixin.py:154} INFO - [2025-08-23T18:04:24.243+0000] {dagbag.py:536} INFO - Filling up the DagBag from /opt/airflow/dags/churn_pipeline_dag.py
[2025-08-23T18:04:24.254+0000] {processor.py:839} INFO - DAG(s) dict_keys(['churn_pipeline']) retrieved from /opt/airflow/dags/churn_pipeline_dag.py
[2025-08-23T18:04:24.271+0000] {logging_mixin.py:154} INFO - [2025-08-23T18:04:24.270+0000] {dag.py:2941} INFO - Sync 1 DAGs
[2025-08-23T18:04:24.276+0000] {logging_mixin.py:154} INFO - [2025-08-23T18:04:24.276+0000] {dag.py:3722} INFO - Setting next_dagrun for churn_pipeline to None, run_after=None
[2025-08-23T18:04:24.283+0000] {processor.py:179} INFO - Processing /opt/airflow/dags/churn_pipeline_dag.py took 0.047 seconds
[2025-08-23T18:04:54.536+0000] {processor.py:157} INFO - Started process (PID=195) to work on /opt/airflow/dags/churn_pipeline_dag.py
[2025-08-23T18:04:54.537+0000] {processor.py:829} INFO - Processing file /opt/airflow/dags/churn_pipeline_dag.py for tasks to queue
[2025-08-23T18:04:54.538+0000] {logging_mixin.py:154} INFO - [2025-08-23T18:04:54.537+0000] {dagbag.py:536} INFO - Filling up the DagBag from /opt/airflow/dags/churn_pipeline_dag.py
[2025-08-23T18:04:54.553+0000] {processor.py:839} INFO - DAG(s) dict_keys(['churn_pipeline']) retrieved from /opt/airflow/dags/churn_pipeline_dag.py
[2025-08-23T18:04:54.579+0000] {logging_mixin.py:154} INFO - [2025-08-23T18:04:54.579+0000] {dag.py:2941} INFO - Sync 1 DAGs
[2025-08-23T18:04:54.588+0000] {logging_mixin.py:154} INFO - [2025-08-23T18:04:54.588+0000] {dag.py:3722} INFO - Setting next_dagrun for churn_pipeline to None, run_after=None
[2025-08-23T18:04:54.598+0000] {processor.py:179} INFO - Processing /opt/airflow/dags/churn_pipeline_dag.py took 0.067 seconds
[2025-08-23T18:05:24.805+0000] {processor.py:157} INFO - Started process (PID=200) to work on /opt/airflow/dags/churn_pipeline_dag.py
[2025-08-23T18:05:24.805+0000] {processor.py:829} INFO - Processing file /opt/airflow/dags/churn_pipeline_dag.py for tasks to queue
[2025-08-23T18:05:24.806+0000] {logging_mixin.py:154} INFO - [2025-08-23T18:05:24.806+0000] {dagbag.py:536} INFO - Filling up the DagBag from /opt/airflow/dags/churn_pipeline_dag.py
[2025-08-23T18:05:24.818+0000] {processor.py:839} INFO - DAG(s) dict_keys(['churn_pipeline']) retrieved from /opt/airflow/dags/churn_pipeline_dag.py
[2025-08-23T18:05:24.838+0000] {logging_mixin.py:154} INFO - [2025-08-23T18:05:24.837+0000] {dag.py:2941} INFO - Sync 1 DAGs
[2025-08-23T18:05:24.847+0000] {logging_mixin.py:154} INFO - [2025-08-23T18:05:24.846+0000] {dag.py:3722} INFO - Setting next_dagrun for churn_pipeline to None, run_after=None
[2025-08-23T18:05:24.856+0000] {processor.py:179} INFO - Processing /opt/airflow/dags/churn_pipeline_dag.py took 0.055 seconds
[2025-08-23T18:05:55.115+0000] {processor.py:157} INFO - Started process (PID=205) to work on /opt/airflow/dags/churn_pipeline_dag.py
[2025-08-23T18:05:55.116+0000] {processor.py:829} INFO - Processing file /opt/airflow/dags/churn_pipeline_dag.py for tasks to queue
[2025-08-23T18:05:55.117+0000] {logging_mixin.py:154} INFO - [2025-08-23T18:05:55.117+0000] {dagbag.py:536} INFO - Filling up the DagBag from /opt/airflow/dags/churn_pipeline_dag.py
[2025-08-23T18:05:55.135+0000] {processor.py:839} INFO - DAG(s) dict_keys(['churn_pipeline']) retrieved from /opt/airflow/dags/churn_pipeline_dag.py
[2025-08-23T18:05:55.159+0000] {logging_mixin.py:154} INFO - [2025-08-23T18:05:55.159+0000] {dag.py:2941} INFO - Sync 1 DAGs
[2025-08-23T18:05:55.168+0000] {logging_mixin.py:154} INFO - [2025-08-23T18:05:55.168+0000] {dag.py:3722} INFO - Setting next_dagrun for churn_pipeline to None, run_after=None
[2025-08-23T18:05:55.178+0000] {processor.py:179} INFO - Processing /opt/airflow/dags/churn_pipeline_dag.py took 0.067 seconds
[2025-08-23T18:06:25.426+0000] {processor.py:157} INFO - Started process (PID=210) to work on /opt/airflow/dags/churn_pipeline_dag.py
[2025-08-23T18:06:25.427+0000] {processor.py:829} INFO - Processing file /opt/airflow/dags/churn_pipeline_dag.py for tasks to queue
[2025-08-23T18:06:25.428+0000] {logging_mixin.py:154} INFO - [2025-08-23T18:06:25.427+0000] {dagbag.py:536} INFO - Filling up the DagBag from /opt/airflow/dags/churn_pipeline_dag.py
[2025-08-23T18:06:25.442+0000] {processor.py:839} INFO - DAG(s) dict_keys(['churn_pipeline']) retrieved from /opt/airflow/dags/churn_pipeline_dag.py
[2025-08-23T18:06:25.463+0000] {logging_mixin.py:154} INFO - [2025-08-23T18:06:25.463+0000] {dag.py:2941} INFO - Sync 1 DAGs
[2025-08-23T18:06:25.472+0000] {logging_mixin.py:154} INFO - [2025-08-23T18:06:25.471+0000] {dag.py:3722} INFO - Setting next_dagrun for churn_pipeline to None, run_after=None
[2025-08-23T18:06:25.480+0000] {processor.py:179} INFO - Processing /opt/airflow/dags/churn_pipeline_dag.py took 0.058 seconds
[2025-08-23T18:06:55.716+0000] {processor.py:157} INFO - Started process (PID=215) to work on /opt/airflow/dags/churn_pipeline_dag.py
[2025-08-23T18:06:55.716+0000] {processor.py:829} INFO - Processing file /opt/airflow/dags/churn_pipeline_dag.py for tasks to queue
[2025-08-23T18:06:55.717+0000] {logging_mixin.py:154} INFO - [2025-08-23T18:06:55.717+0000] {dagbag.py:536} INFO - Filling up the DagBag from /opt/airflow/dags/churn_pipeline_dag.py
[2025-08-23T18:06:55.732+0000] {processor.py:839} INFO - DAG(s) dict_keys(['churn_pipeline']) retrieved from /opt/airflow/dags/churn_pipeline_dag.py
[2025-08-23T18:06:55.755+0000] {logging_mixin.py:154} INFO - [2025-08-23T18:06:55.755+0000] {dag.py:2941} INFO - Sync 1 DAGs
[2025-08-23T18:06:55.763+0000] {logging_mixin.py:154} INFO - [2025-08-23T18:06:55.763+0000] {dag.py:3722} INFO - Setting next_dagrun for churn_pipeline to None, run_after=None
[2025-08-23T18:06:55.772+0000] {processor.py:179} INFO - Processing /opt/airflow/dags/churn_pipeline_dag.py took 0.061 seconds
[2025-08-23T18:07:26.099+0000] {processor.py:157} INFO - Started process (PID=220) to work on /opt/airflow/dags/churn_pipeline_dag.py
[2025-08-23T18:07:26.100+0000] {processor.py:829} INFO - Processing file /opt/airflow/dags/churn_pipeline_dag.py for tasks to queue
[2025-08-23T18:07:26.101+0000] {logging_mixin.py:154} INFO - [2025-08-23T18:07:26.101+0000] {dagbag.py:536} INFO - Filling up the DagBag from /opt/airflow/dags/churn_pipeline_dag.py
[2025-08-23T18:07:26.115+0000] {processor.py:839} INFO - DAG(s) dict_keys(['churn_pipeline']) retrieved from /opt/airflow/dags/churn_pipeline_dag.py
[2025-08-23T18:07:26.140+0000] {logging_mixin.py:154} INFO - [2025-08-23T18:07:26.140+0000] {dag.py:2941} INFO - Sync 1 DAGs
[2025-08-23T18:07:26.149+0000] {logging_mixin.py:154} INFO - [2025-08-23T18:07:26.149+0000] {dag.py:3722} INFO - Setting next_dagrun for churn_pipeline to None, run_after=None
[2025-08-23T18:07:26.157+0000] {processor.py:179} INFO - Processing /opt/airflow/dags/churn_pipeline_dag.py took 0.064 seconds
[2025-08-23T18:07:48.351+0000] {processor.py:157} INFO - Started process (PID=225) to work on /opt/airflow/dags/churn_pipeline_dag.py
[2025-08-23T18:07:48.352+0000] {processor.py:829} INFO - Processing file /opt/airflow/dags/churn_pipeline_dag.py for tasks to queue
[2025-08-23T18:07:48.353+0000] {logging_mixin.py:154} INFO - [2025-08-23T18:07:48.353+0000] {dagbag.py:536} INFO - Filling up the DagBag from /opt/airflow/dags/churn_pipeline_dag.py
[2025-08-23T18:07:48.363+0000] {logging_mixin.py:154} INFO - [2025-08-23T18:07:48.361+0000] {dagbag.py:346} ERROR - Failed to import: /opt/airflow/dags/churn_pipeline_dag.py
Traceback (most recent call last):
  File "/home/airflow/.local/lib/python3.8/site-packages/airflow/models/dagbag.py", line 342, in parse
    loader.exec_module(new_module)
  File "<frozen importlib._bootstrap_external>", line 843, in exec_module
  File "<frozen importlib._bootstrap>", line 219, in _call_with_frames_removed
  File "/opt/airflow/dags/churn_pipeline_dag.py", line 4, in <module>
    from DataIngestion.ingestion import ingest_data
ModuleNotFoundError: No module named 'DataIngestion'
[2025-08-23T18:07:48.363+0000] {processor.py:841} WARNING - No viable dags retrieved from /opt/airflow/dags/churn_pipeline_dag.py
[2025-08-23T18:07:48.385+0000] {processor.py:179} INFO - Processing /opt/airflow/dags/churn_pipeline_dag.py took 0.038 seconds
[2025-08-23T18:08:18.658+0000] {processor.py:157} INFO - Started process (PID=230) to work on /opt/airflow/dags/churn_pipeline_dag.py
[2025-08-23T18:08:18.659+0000] {processor.py:829} INFO - Processing file /opt/airflow/dags/churn_pipeline_dag.py for tasks to queue
[2025-08-23T18:08:18.660+0000] {logging_mixin.py:154} INFO - [2025-08-23T18:08:18.660+0000] {dagbag.py:536} INFO - Filling up the DagBag from /opt/airflow/dags/churn_pipeline_dag.py
[2025-08-23T18:08:18.664+0000] {logging_mixin.py:154} INFO - [2025-08-23T18:08:18.663+0000] {dagbag.py:346} ERROR - Failed to import: /opt/airflow/dags/churn_pipeline_dag.py
Traceback (most recent call last):
  File "/home/airflow/.local/lib/python3.8/site-packages/airflow/models/dagbag.py", line 342, in parse
    loader.exec_module(new_module)
  File "<frozen importlib._bootstrap_external>", line 843, in exec_module
  File "<frozen importlib._bootstrap>", line 219, in _call_with_frames_removed
  File "/opt/airflow/dags/churn_pipeline_dag.py", line 4, in <module>
    from DataIngestion.ingestion import ingest_data
ModuleNotFoundError: No module named 'DataIngestion'
[2025-08-23T18:08:18.665+0000] {processor.py:841} WARNING - No viable dags retrieved from /opt/airflow/dags/churn_pipeline_dag.py
[2025-08-23T18:08:18.678+0000] {processor.py:179} INFO - Processing /opt/airflow/dags/churn_pipeline_dag.py took 0.024 seconds
[2025-08-23T18:08:48.959+0000] {processor.py:157} INFO - Started process (PID=235) to work on /opt/airflow/dags/churn_pipeline_dag.py
[2025-08-23T18:08:48.960+0000] {processor.py:829} INFO - Processing file /opt/airflow/dags/churn_pipeline_dag.py for tasks to queue
[2025-08-23T18:08:48.961+0000] {logging_mixin.py:154} INFO - [2025-08-23T18:08:48.961+0000] {dagbag.py:536} INFO - Filling up the DagBag from /opt/airflow/dags/churn_pipeline_dag.py
[2025-08-23T18:08:48.966+0000] {logging_mixin.py:154} INFO - [2025-08-23T18:08:48.965+0000] {dagbag.py:346} ERROR - Failed to import: /opt/airflow/dags/churn_pipeline_dag.py
Traceback (most recent call last):
  File "/home/airflow/.local/lib/python3.8/site-packages/airflow/models/dagbag.py", line 342, in parse
    loader.exec_module(new_module)
  File "<frozen importlib._bootstrap_external>", line 843, in exec_module
  File "<frozen importlib._bootstrap>", line 219, in _call_with_frames_removed
  File "/opt/airflow/dags/churn_pipeline_dag.py", line 4, in <module>
    from DataIngestion.ingestion import ingest_data
ModuleNotFoundError: No module named 'DataIngestion'
[2025-08-23T18:08:48.967+0000] {processor.py:841} WARNING - No viable dags retrieved from /opt/airflow/dags/churn_pipeline_dag.py
[2025-08-23T18:08:48.992+0000] {processor.py:179} INFO - Processing /opt/airflow/dags/churn_pipeline_dag.py took 0.036 seconds
[2025-08-23T18:09:00.095+0000] {processor.py:157} INFO - Started process (PID=240) to work on /opt/airflow/dags/churn_pipeline_dag.py
[2025-08-23T18:09:00.096+0000] {processor.py:829} INFO - Processing file /opt/airflow/dags/churn_pipeline_dag.py for tasks to queue
[2025-08-23T18:09:00.097+0000] {logging_mixin.py:154} INFO - [2025-08-23T18:09:00.097+0000] {dagbag.py:536} INFO - Filling up the DagBag from /opt/airflow/dags/churn_pipeline_dag.py
[2025-08-23T18:09:00.102+0000] {logging_mixin.py:154} INFO - [2025-08-23T18:09:00.102+0000] {dagbag.py:346} ERROR - Failed to import: /opt/airflow/dags/churn_pipeline_dag.py
Traceback (most recent call last):
  File "/home/airflow/.local/lib/python3.8/site-packages/airflow/models/dagbag.py", line 342, in parse
    loader.exec_module(new_module)
  File "<frozen importlib._bootstrap_external>", line 843, in exec_module
  File "<frozen importlib._bootstrap>", line 219, in _call_with_frames_removed
  File "/opt/airflow/dags/churn_pipeline_dag.py", line 4, in <module>
    from DataIngestion.ingestion import ingest
ModuleNotFoundError: No module named 'DataIngestion'
[2025-08-23T18:09:00.103+0000] {processor.py:841} WARNING - No viable dags retrieved from /opt/airflow/dags/churn_pipeline_dag.py
[2025-08-23T18:09:00.117+0000] {processor.py:179} INFO - Processing /opt/airflow/dags/churn_pipeline_dag.py took 0.025 seconds
[2025-08-23T18:09:30.367+0000] {processor.py:157} INFO - Started process (PID=245) to work on /opt/airflow/dags/churn_pipeline_dag.py
[2025-08-23T18:09:30.369+0000] {processor.py:829} INFO - Processing file /opt/airflow/dags/churn_pipeline_dag.py for tasks to queue
[2025-08-23T18:09:30.370+0000] {logging_mixin.py:154} INFO - [2025-08-23T18:09:30.369+0000] {dagbag.py:536} INFO - Filling up the DagBag from /opt/airflow/dags/churn_pipeline_dag.py
[2025-08-23T18:09:30.377+0000] {logging_mixin.py:154} INFO - [2025-08-23T18:09:30.375+0000] {dagbag.py:346} ERROR - Failed to import: /opt/airflow/dags/churn_pipeline_dag.py
Traceback (most recent call last):
  File "/home/airflow/.local/lib/python3.8/site-packages/airflow/models/dagbag.py", line 342, in parse
    loader.exec_module(new_module)
  File "<frozen importlib._bootstrap_external>", line 843, in exec_module
  File "<frozen importlib._bootstrap>", line 219, in _call_with_frames_removed
  File "/opt/airflow/dags/churn_pipeline_dag.py", line 4, in <module>
    from DataIngestion.ingestion import ingest
ModuleNotFoundError: No module named 'DataIngestion'
[2025-08-23T18:09:30.377+0000] {processor.py:841} WARNING - No viable dags retrieved from /opt/airflow/dags/churn_pipeline_dag.py
[2025-08-23T18:09:30.392+0000] {processor.py:179} INFO - Processing /opt/airflow/dags/churn_pipeline_dag.py took 0.029 seconds
[2025-08-23T18:09:33.401+0000] {processor.py:157} INFO - Started process (PID=250) to work on /opt/airflow/dags/churn_pipeline_dag.py
[2025-08-23T18:09:33.402+0000] {processor.py:829} INFO - Processing file /opt/airflow/dags/churn_pipeline_dag.py for tasks to queue
[2025-08-23T18:09:33.402+0000] {logging_mixin.py:154} INFO - [2025-08-23T18:09:33.402+0000] {dagbag.py:536} INFO - Filling up the DagBag from /opt/airflow/dags/churn_pipeline_dag.py
[2025-08-23T18:09:33.408+0000] {logging_mixin.py:154} INFO - [2025-08-23T18:09:33.407+0000] {dagbag.py:346} ERROR - Failed to import: /opt/airflow/dags/churn_pipeline_dag.py
Traceback (most recent call last):
  File "/home/airflow/.local/lib/python3.8/site-packages/airflow/models/dagbag.py", line 342, in parse
    loader.exec_module(new_module)
  File "<frozen importlib._bootstrap_external>", line 843, in exec_module
  File "<frozen importlib._bootstrap>", line 219, in _call_with_frames_removed
  File "/opt/airflow/dags/churn_pipeline_dag.py", line 4, in <module>
    from DataIngestion.ingestion import ingest
ModuleNotFoundError: No module named 'DataIngestion'
[2025-08-23T18:09:33.409+0000] {processor.py:841} WARNING - No viable dags retrieved from /opt/airflow/dags/churn_pipeline_dag.py
[2025-08-23T18:09:33.424+0000] {processor.py:179} INFO - Processing /opt/airflow/dags/churn_pipeline_dag.py took 0.026 seconds
[2025-08-23T18:10:03.716+0000] {processor.py:157} INFO - Started process (PID=255) to work on /opt/airflow/dags/churn_pipeline_dag.py
[2025-08-23T18:10:03.717+0000] {processor.py:829} INFO - Processing file /opt/airflow/dags/churn_pipeline_dag.py for tasks to queue
[2025-08-23T18:10:03.718+0000] {logging_mixin.py:154} INFO - [2025-08-23T18:10:03.718+0000] {dagbag.py:536} INFO - Filling up the DagBag from /opt/airflow/dags/churn_pipeline_dag.py
[2025-08-23T18:10:03.724+0000] {logging_mixin.py:154} INFO - [2025-08-23T18:10:03.722+0000] {dagbag.py:346} ERROR - Failed to import: /opt/airflow/dags/churn_pipeline_dag.py
Traceback (most recent call last):
  File "/home/airflow/.local/lib/python3.8/site-packages/airflow/models/dagbag.py", line 342, in parse
    loader.exec_module(new_module)
  File "<frozen importlib._bootstrap_external>", line 843, in exec_module
  File "<frozen importlib._bootstrap>", line 219, in _call_with_frames_removed
  File "/opt/airflow/dags/churn_pipeline_dag.py", line 4, in <module>
    from DataIngestion.ingestion import ingest
ModuleNotFoundError: No module named 'DataIngestion'
[2025-08-23T18:10:03.724+0000] {processor.py:841} WARNING - No viable dags retrieved from /opt/airflow/dags/churn_pipeline_dag.py
[2025-08-23T18:10:03.736+0000] {processor.py:179} INFO - Processing /opt/airflow/dags/churn_pipeline_dag.py took 0.024 seconds
[2025-08-23T18:10:34.034+0000] {processor.py:157} INFO - Started process (PID=260) to work on /opt/airflow/dags/churn_pipeline_dag.py
[2025-08-23T18:10:34.035+0000] {processor.py:829} INFO - Processing file /opt/airflow/dags/churn_pipeline_dag.py for tasks to queue
[2025-08-23T18:10:34.036+0000] {logging_mixin.py:154} INFO - [2025-08-23T18:10:34.036+0000] {dagbag.py:536} INFO - Filling up the DagBag from /opt/airflow/dags/churn_pipeline_dag.py
[2025-08-23T18:10:34.041+0000] {logging_mixin.py:154} INFO - [2025-08-23T18:10:34.040+0000] {dagbag.py:346} ERROR - Failed to import: /opt/airflow/dags/churn_pipeline_dag.py
Traceback (most recent call last):
  File "/home/airflow/.local/lib/python3.8/site-packages/airflow/models/dagbag.py", line 342, in parse
    loader.exec_module(new_module)
  File "<frozen importlib._bootstrap_external>", line 843, in exec_module
  File "<frozen importlib._bootstrap>", line 219, in _call_with_frames_removed
  File "/opt/airflow/dags/churn_pipeline_dag.py", line 4, in <module>
    from DataIngestion.ingestion import ingest
ModuleNotFoundError: No module named 'DataIngestion'
[2025-08-23T18:10:34.042+0000] {processor.py:841} WARNING - No viable dags retrieved from /opt/airflow/dags/churn_pipeline_dag.py
[2025-08-23T18:10:34.054+0000] {processor.py:179} INFO - Processing /opt/airflow/dags/churn_pipeline_dag.py took 0.023 seconds
[2025-08-23T18:11:04.288+0000] {processor.py:157} INFO - Started process (PID=265) to work on /opt/airflow/dags/churn_pipeline_dag.py
[2025-08-23T18:11:04.288+0000] {processor.py:829} INFO - Processing file /opt/airflow/dags/churn_pipeline_dag.py for tasks to queue
[2025-08-23T18:11:04.289+0000] {logging_mixin.py:154} INFO - [2025-08-23T18:11:04.289+0000] {dagbag.py:536} INFO - Filling up the DagBag from /opt/airflow/dags/churn_pipeline_dag.py
[2025-08-23T18:11:04.295+0000] {logging_mixin.py:154} INFO - [2025-08-23T18:11:04.293+0000] {dagbag.py:346} ERROR - Failed to import: /opt/airflow/dags/churn_pipeline_dag.py
Traceback (most recent call last):
  File "/home/airflow/.local/lib/python3.8/site-packages/airflow/models/dagbag.py", line 342, in parse
    loader.exec_module(new_module)
  File "<frozen importlib._bootstrap_external>", line 843, in exec_module
  File "<frozen importlib._bootstrap>", line 219, in _call_with_frames_removed
  File "/opt/airflow/dags/churn_pipeline_dag.py", line 4, in <module>
    from DataIngestion.ingestion import ingest
ModuleNotFoundError: No module named 'DataIngestion'
[2025-08-23T18:11:04.295+0000] {processor.py:841} WARNING - No viable dags retrieved from /opt/airflow/dags/churn_pipeline_dag.py
[2025-08-23T18:11:04.319+0000] {processor.py:179} INFO - Processing /opt/airflow/dags/churn_pipeline_dag.py took 0.034 seconds
[2025-08-23T18:11:34.541+0000] {processor.py:157} INFO - Started process (PID=270) to work on /opt/airflow/dags/churn_pipeline_dag.py
[2025-08-23T18:11:34.542+0000] {processor.py:829} INFO - Processing file /opt/airflow/dags/churn_pipeline_dag.py for tasks to queue
[2025-08-23T18:11:34.543+0000] {logging_mixin.py:154} INFO - [2025-08-23T18:11:34.543+0000] {dagbag.py:536} INFO - Filling up the DagBag from /opt/airflow/dags/churn_pipeline_dag.py
[2025-08-23T18:11:34.548+0000] {logging_mixin.py:154} INFO - [2025-08-23T18:11:34.547+0000] {dagbag.py:346} ERROR - Failed to import: /opt/airflow/dags/churn_pipeline_dag.py
Traceback (most recent call last):
  File "/home/airflow/.local/lib/python3.8/site-packages/airflow/models/dagbag.py", line 342, in parse
    loader.exec_module(new_module)
  File "<frozen importlib._bootstrap_external>", line 843, in exec_module
  File "<frozen importlib._bootstrap>", line 219, in _call_with_frames_removed
  File "/opt/airflow/dags/churn_pipeline_dag.py", line 4, in <module>
    from DataIngestion.ingestion import ingest
ModuleNotFoundError: No module named 'DataIngestion'
[2025-08-23T18:11:34.549+0000] {processor.py:841} WARNING - No viable dags retrieved from /opt/airflow/dags/churn_pipeline_dag.py
[2025-08-23T18:11:34.562+0000] {processor.py:179} INFO - Processing /opt/airflow/dags/churn_pipeline_dag.py took 0.023 seconds
[2025-08-23T18:11:52.759+0000] {processor.py:157} INFO - Started process (PID=275) to work on /opt/airflow/dags/churn_pipeline_dag.py
[2025-08-23T18:11:52.760+0000] {processor.py:829} INFO - Processing file /opt/airflow/dags/churn_pipeline_dag.py for tasks to queue
[2025-08-23T18:11:52.761+0000] {logging_mixin.py:154} INFO - [2025-08-23T18:11:52.761+0000] {dagbag.py:536} INFO - Filling up the DagBag from /opt/airflow/dags/churn_pipeline_dag.py
[2025-08-23T18:11:52.768+0000] {logging_mixin.py:154} INFO - [2025-08-23T18:11:52.767+0000] {dagbag.py:346} ERROR - Failed to import: /opt/airflow/dags/churn_pipeline_dag.py
Traceback (most recent call last):
  File "/home/airflow/.local/lib/python3.8/site-packages/airflow/models/dagbag.py", line 342, in parse
    loader.exec_module(new_module)
  File "<frozen importlib._bootstrap_external>", line 843, in exec_module
  File "<frozen importlib._bootstrap>", line 219, in _call_with_frames_removed
  File "/opt/airflow/dags/churn_pipeline_dag.py", line 4, in <module>
    from DataIngestion.ingestion import ingest
ModuleNotFoundError: No module named 'DataIngestion'
[2025-08-23T18:11:52.769+0000] {processor.py:841} WARNING - No viable dags retrieved from /opt/airflow/dags/churn_pipeline_dag.py
[2025-08-23T18:11:52.784+0000] {processor.py:179} INFO - Processing /opt/airflow/dags/churn_pipeline_dag.py took 0.028 seconds
[2025-08-23T18:48:54.371+0000] {processor.py:157} INFO - Started process (PID=167) to work on /opt/airflow/dags/churn_pipeline_dag.py
[2025-08-23T18:48:54.372+0000] {processor.py:829} INFO - Processing file /opt/airflow/dags/churn_pipeline_dag.py for tasks to queue
[2025-08-23T18:48:54.373+0000] {logging_mixin.py:154} INFO - [2025-08-23T18:48:54.373+0000] {dagbag.py:536} INFO - Filling up the DagBag from /opt/airflow/dags/churn_pipeline_dag.py
[2025-08-23T18:48:54.382+0000] {logging_mixin.py:154} INFO - [2025-08-23T18:48:54.380+0000] {dagbag.py:346} ERROR - Failed to import: /opt/airflow/dags/churn_pipeline_dag.py
Traceback (most recent call last):
  File "/home/airflow/.local/lib/python3.8/site-packages/airflow/models/dagbag.py", line 342, in parse
    loader.exec_module(new_module)
  File "<frozen importlib._bootstrap_external>", line 843, in exec_module
  File "<frozen importlib._bootstrap>", line 219, in _call_with_frames_removed
  File "/opt/airflow/dags/churn_pipeline_dag.py", line 4, in <module>
    from DataIngestion.ingestion import ingest
ModuleNotFoundError: No module named 'DataIngestion'
[2025-08-23T18:48:54.382+0000] {processor.py:841} WARNING - No viable dags retrieved from /opt/airflow/dags/churn_pipeline_dag.py
[2025-08-23T18:48:54.391+0000] {processor.py:179} INFO - Processing /opt/airflow/dags/churn_pipeline_dag.py took 0.022 seconds
[2025-08-23T18:49:24.607+0000] {processor.py:157} INFO - Started process (PID=172) to work on /opt/airflow/dags/churn_pipeline_dag.py
[2025-08-23T18:49:24.607+0000] {processor.py:829} INFO - Processing file /opt/airflow/dags/churn_pipeline_dag.py for tasks to queue
[2025-08-23T18:49:24.608+0000] {logging_mixin.py:154} INFO - [2025-08-23T18:49:24.608+0000] {dagbag.py:536} INFO - Filling up the DagBag from /opt/airflow/dags/churn_pipeline_dag.py
[2025-08-23T18:49:24.611+0000] {logging_mixin.py:154} INFO - [2025-08-23T18:49:24.610+0000] {dagbag.py:346} ERROR - Failed to import: /opt/airflow/dags/churn_pipeline_dag.py
Traceback (most recent call last):
  File "/home/airflow/.local/lib/python3.8/site-packages/airflow/models/dagbag.py", line 342, in parse
    loader.exec_module(new_module)
  File "<frozen importlib._bootstrap_external>", line 843, in exec_module
  File "<frozen importlib._bootstrap>", line 219, in _call_with_frames_removed
  File "/opt/airflow/dags/churn_pipeline_dag.py", line 4, in <module>
    from DataIngestion.ingestion import ingest
ModuleNotFoundError: No module named 'DataIngestion'
[2025-08-23T18:49:24.611+0000] {processor.py:841} WARNING - No viable dags retrieved from /opt/airflow/dags/churn_pipeline_dag.py
[2025-08-23T18:49:24.624+0000] {processor.py:179} INFO - Processing /opt/airflow/dags/churn_pipeline_dag.py took 0.019 seconds
[2025-08-23T18:49:54.849+0000] {processor.py:157} INFO - Started process (PID=177) to work on /opt/airflow/dags/churn_pipeline_dag.py
[2025-08-23T18:49:54.850+0000] {processor.py:829} INFO - Processing file /opt/airflow/dags/churn_pipeline_dag.py for tasks to queue
[2025-08-23T18:49:54.851+0000] {logging_mixin.py:154} INFO - [2025-08-23T18:49:54.850+0000] {dagbag.py:536} INFO - Filling up the DagBag from /opt/airflow/dags/churn_pipeline_dag.py
[2025-08-23T18:49:54.856+0000] {logging_mixin.py:154} INFO - [2025-08-23T18:49:54.855+0000] {dagbag.py:346} ERROR - Failed to import: /opt/airflow/dags/churn_pipeline_dag.py
Traceback (most recent call last):
  File "/home/airflow/.local/lib/python3.8/site-packages/airflow/models/dagbag.py", line 342, in parse
    loader.exec_module(new_module)
  File "<frozen importlib._bootstrap_external>", line 843, in exec_module
  File "<frozen importlib._bootstrap>", line 219, in _call_with_frames_removed
  File "/opt/airflow/dags/churn_pipeline_dag.py", line 4, in <module>
    from DataIngestion.ingestion import ingest
ModuleNotFoundError: No module named 'DataIngestion'
[2025-08-23T18:49:54.856+0000] {processor.py:841} WARNING - No viable dags retrieved from /opt/airflow/dags/churn_pipeline_dag.py
[2025-08-23T18:49:54.877+0000] {processor.py:179} INFO - Processing /opt/airflow/dags/churn_pipeline_dag.py took 0.033 seconds
[2025-08-23T18:50:25.065+0000] {processor.py:157} INFO - Started process (PID=182) to work on /opt/airflow/dags/churn_pipeline_dag.py
[2025-08-23T18:50:25.065+0000] {processor.py:829} INFO - Processing file /opt/airflow/dags/churn_pipeline_dag.py for tasks to queue
[2025-08-23T18:50:25.066+0000] {logging_mixin.py:154} INFO - [2025-08-23T18:50:25.066+0000] {dagbag.py:536} INFO - Filling up the DagBag from /opt/airflow/dags/churn_pipeline_dag.py
[2025-08-23T18:50:25.069+0000] {logging_mixin.py:154} INFO - [2025-08-23T18:50:25.069+0000] {dagbag.py:346} ERROR - Failed to import: /opt/airflow/dags/churn_pipeline_dag.py
Traceback (most recent call last):
  File "/home/airflow/.local/lib/python3.8/site-packages/airflow/models/dagbag.py", line 342, in parse
    loader.exec_module(new_module)
  File "<frozen importlib._bootstrap_external>", line 843, in exec_module
  File "<frozen importlib._bootstrap>", line 219, in _call_with_frames_removed
  File "/opt/airflow/dags/churn_pipeline_dag.py", line 4, in <module>
    from DataIngestion.ingestion import ingest
ModuleNotFoundError: No module named 'DataIngestion'
[2025-08-23T18:50:25.070+0000] {processor.py:841} WARNING - No viable dags retrieved from /opt/airflow/dags/churn_pipeline_dag.py
[2025-08-23T18:50:25.080+0000] {processor.py:179} INFO - Processing /opt/airflow/dags/churn_pipeline_dag.py took 0.019 seconds
[2025-08-23T18:50:55.307+0000] {processor.py:157} INFO - Started process (PID=187) to work on /opt/airflow/dags/churn_pipeline_dag.py
[2025-08-23T18:50:55.307+0000] {processor.py:829} INFO - Processing file /opt/airflow/dags/churn_pipeline_dag.py for tasks to queue
[2025-08-23T18:50:55.308+0000] {logging_mixin.py:154} INFO - [2025-08-23T18:50:55.308+0000] {dagbag.py:536} INFO - Filling up the DagBag from /opt/airflow/dags/churn_pipeline_dag.py
[2025-08-23T18:50:55.310+0000] {logging_mixin.py:154} INFO - [2025-08-23T18:50:55.309+0000] {dagbag.py:346} ERROR - Failed to import: /opt/airflow/dags/churn_pipeline_dag.py
Traceback (most recent call last):
  File "/home/airflow/.local/lib/python3.8/site-packages/airflow/models/dagbag.py", line 342, in parse
    loader.exec_module(new_module)
  File "<frozen importlib._bootstrap_external>", line 843, in exec_module
  File "<frozen importlib._bootstrap>", line 219, in _call_with_frames_removed
  File "/opt/airflow/dags/churn_pipeline_dag.py", line 4, in <module>
    from DataIngestion.ingestion import ingest
ModuleNotFoundError: No module named 'DataIngestion'
[2025-08-23T18:50:55.310+0000] {processor.py:841} WARNING - No viable dags retrieved from /opt/airflow/dags/churn_pipeline_dag.py
[2025-08-23T18:50:55.322+0000] {processor.py:179} INFO - Processing /opt/airflow/dags/churn_pipeline_dag.py took 0.016 seconds
[2025-08-23T18:51:25.562+0000] {processor.py:157} INFO - Started process (PID=192) to work on /opt/airflow/dags/churn_pipeline_dag.py
[2025-08-23T18:51:25.563+0000] {processor.py:829} INFO - Processing file /opt/airflow/dags/churn_pipeline_dag.py for tasks to queue
[2025-08-23T18:51:25.564+0000] {logging_mixin.py:154} INFO - [2025-08-23T18:51:25.563+0000] {dagbag.py:536} INFO - Filling up the DagBag from /opt/airflow/dags/churn_pipeline_dag.py
[2025-08-23T18:51:25.567+0000] {logging_mixin.py:154} INFO - [2025-08-23T18:51:25.566+0000] {dagbag.py:346} ERROR - Failed to import: /opt/airflow/dags/churn_pipeline_dag.py
Traceback (most recent call last):
  File "/home/airflow/.local/lib/python3.8/site-packages/airflow/models/dagbag.py", line 342, in parse
    loader.exec_module(new_module)
  File "<frozen importlib._bootstrap_external>", line 843, in exec_module
  File "<frozen importlib._bootstrap>", line 219, in _call_with_frames_removed
  File "/opt/airflow/dags/churn_pipeline_dag.py", line 4, in <module>
    from DataIngestion.ingestion import ingest
ModuleNotFoundError: No module named 'DataIngestion'
[2025-08-23T18:51:25.567+0000] {processor.py:841} WARNING - No viable dags retrieved from /opt/airflow/dags/churn_pipeline_dag.py
[2025-08-23T18:51:25.578+0000] {processor.py:179} INFO - Processing /opt/airflow/dags/churn_pipeline_dag.py took 0.019 seconds
[2025-08-23T18:51:55.842+0000] {processor.py:157} INFO - Started process (PID=197) to work on /opt/airflow/dags/churn_pipeline_dag.py
[2025-08-23T18:51:55.843+0000] {processor.py:829} INFO - Processing file /opt/airflow/dags/churn_pipeline_dag.py for tasks to queue
[2025-08-23T18:51:55.844+0000] {logging_mixin.py:154} INFO - [2025-08-23T18:51:55.843+0000] {dagbag.py:536} INFO - Filling up the DagBag from /opt/airflow/dags/churn_pipeline_dag.py
[2025-08-23T18:51:55.846+0000] {logging_mixin.py:154} INFO - [2025-08-23T18:51:55.846+0000] {dagbag.py:346} ERROR - Failed to import: /opt/airflow/dags/churn_pipeline_dag.py
Traceback (most recent call last):
  File "/home/airflow/.local/lib/python3.8/site-packages/airflow/models/dagbag.py", line 342, in parse
    loader.exec_module(new_module)
  File "<frozen importlib._bootstrap_external>", line 843, in exec_module
  File "<frozen importlib._bootstrap>", line 219, in _call_with_frames_removed
  File "/opt/airflow/dags/churn_pipeline_dag.py", line 4, in <module>
    from DataIngestion.ingestion import ingest
ModuleNotFoundError: No module named 'DataIngestion'
[2025-08-23T18:51:55.847+0000] {processor.py:841} WARNING - No viable dags retrieved from /opt/airflow/dags/churn_pipeline_dag.py
[2025-08-23T18:51:55.859+0000] {processor.py:179} INFO - Processing /opt/airflow/dags/churn_pipeline_dag.py took 0.019 seconds
[2025-08-23T18:52:26.068+0000] {processor.py:157} INFO - Started process (PID=202) to work on /opt/airflow/dags/churn_pipeline_dag.py
[2025-08-23T18:52:26.069+0000] {processor.py:829} INFO - Processing file /opt/airflow/dags/churn_pipeline_dag.py for tasks to queue
[2025-08-23T18:52:26.069+0000] {logging_mixin.py:154} INFO - [2025-08-23T18:52:26.069+0000] {dagbag.py:536} INFO - Filling up the DagBag from /opt/airflow/dags/churn_pipeline_dag.py
[2025-08-23T18:52:26.072+0000] {logging_mixin.py:154} INFO - [2025-08-23T18:52:26.071+0000] {dagbag.py:346} ERROR - Failed to import: /opt/airflow/dags/churn_pipeline_dag.py
Traceback (most recent call last):
  File "/home/airflow/.local/lib/python3.8/site-packages/airflow/models/dagbag.py", line 342, in parse
    loader.exec_module(new_module)
  File "<frozen importlib._bootstrap_external>", line 843, in exec_module
  File "<frozen importlib._bootstrap>", line 219, in _call_with_frames_removed
  File "/opt/airflow/dags/churn_pipeline_dag.py", line 4, in <module>
    from DataIngestion.ingestion import ingest
ModuleNotFoundError: No module named 'DataIngestion'
[2025-08-23T18:52:26.072+0000] {processor.py:841} WARNING - No viable dags retrieved from /opt/airflow/dags/churn_pipeline_dag.py
[2025-08-23T18:52:26.080+0000] {processor.py:179} INFO - Processing /opt/airflow/dags/churn_pipeline_dag.py took 0.013 seconds
[2025-08-23T18:52:56.315+0000] {processor.py:157} INFO - Started process (PID=207) to work on /opt/airflow/dags/churn_pipeline_dag.py
[2025-08-23T18:52:56.315+0000] {processor.py:829} INFO - Processing file /opt/airflow/dags/churn_pipeline_dag.py for tasks to queue
[2025-08-23T18:52:56.316+0000] {logging_mixin.py:154} INFO - [2025-08-23T18:52:56.316+0000] {dagbag.py:536} INFO - Filling up the DagBag from /opt/airflow/dags/churn_pipeline_dag.py
[2025-08-23T18:52:56.318+0000] {logging_mixin.py:154} INFO - [2025-08-23T18:52:56.317+0000] {dagbag.py:346} ERROR - Failed to import: /opt/airflow/dags/churn_pipeline_dag.py
Traceback (most recent call last):
  File "/home/airflow/.local/lib/python3.8/site-packages/airflow/models/dagbag.py", line 342, in parse
    loader.exec_module(new_module)
  File "<frozen importlib._bootstrap_external>", line 843, in exec_module
  File "<frozen importlib._bootstrap>", line 219, in _call_with_frames_removed
  File "/opt/airflow/dags/churn_pipeline_dag.py", line 4, in <module>
    from DataIngestion.ingestion import ingest
ModuleNotFoundError: No module named 'DataIngestion'
[2025-08-23T18:52:56.318+0000] {processor.py:841} WARNING - No viable dags retrieved from /opt/airflow/dags/churn_pipeline_dag.py
[2025-08-23T18:52:56.330+0000] {processor.py:179} INFO - Processing /opt/airflow/dags/churn_pipeline_dag.py took 0.016 seconds
[2025-08-23T18:53:26.545+0000] {processor.py:157} INFO - Started process (PID=212) to work on /opt/airflow/dags/churn_pipeline_dag.py
[2025-08-23T18:53:26.546+0000] {processor.py:829} INFO - Processing file /opt/airflow/dags/churn_pipeline_dag.py for tasks to queue
[2025-08-23T18:53:26.547+0000] {logging_mixin.py:154} INFO - [2025-08-23T18:53:26.546+0000] {dagbag.py:536} INFO - Filling up the DagBag from /opt/airflow/dags/churn_pipeline_dag.py
[2025-08-23T18:53:26.549+0000] {logging_mixin.py:154} INFO - [2025-08-23T18:53:26.548+0000] {dagbag.py:346} ERROR - Failed to import: /opt/airflow/dags/churn_pipeline_dag.py
Traceback (most recent call last):
  File "/home/airflow/.local/lib/python3.8/site-packages/airflow/models/dagbag.py", line 342, in parse
    loader.exec_module(new_module)
  File "<frozen importlib._bootstrap_external>", line 843, in exec_module
  File "<frozen importlib._bootstrap>", line 219, in _call_with_frames_removed
  File "/opt/airflow/dags/churn_pipeline_dag.py", line 4, in <module>
    from DataIngestion.ingestion import ingest
ModuleNotFoundError: No module named 'DataIngestion'
[2025-08-23T18:53:26.549+0000] {processor.py:841} WARNING - No viable dags retrieved from /opt/airflow/dags/churn_pipeline_dag.py
[2025-08-23T18:53:26.560+0000] {processor.py:179} INFO - Processing /opt/airflow/dags/churn_pipeline_dag.py took 0.017 seconds
[2025-08-23T18:53:56.800+0000] {processor.py:157} INFO - Started process (PID=217) to work on /opt/airflow/dags/churn_pipeline_dag.py
[2025-08-23T18:53:56.800+0000] {processor.py:829} INFO - Processing file /opt/airflow/dags/churn_pipeline_dag.py for tasks to queue
[2025-08-23T18:53:56.801+0000] {logging_mixin.py:154} INFO - [2025-08-23T18:53:56.801+0000] {dagbag.py:536} INFO - Filling up the DagBag from /opt/airflow/dags/churn_pipeline_dag.py
[2025-08-23T18:53:56.806+0000] {logging_mixin.py:154} INFO - [2025-08-23T18:53:56.804+0000] {dagbag.py:346} ERROR - Failed to import: /opt/airflow/dags/churn_pipeline_dag.py
Traceback (most recent call last):
  File "/home/airflow/.local/lib/python3.8/site-packages/airflow/models/dagbag.py", line 342, in parse
    loader.exec_module(new_module)
  File "<frozen importlib._bootstrap_external>", line 843, in exec_module
  File "<frozen importlib._bootstrap>", line 219, in _call_with_frames_removed
  File "/opt/airflow/dags/churn_pipeline_dag.py", line 4, in <module>
    from DataIngestion.ingestion import ingest
ModuleNotFoundError: No module named 'DataIngestion'
[2025-08-23T18:53:56.806+0000] {processor.py:841} WARNING - No viable dags retrieved from /opt/airflow/dags/churn_pipeline_dag.py
[2025-08-23T18:53:56.819+0000] {processor.py:179} INFO - Processing /opt/airflow/dags/churn_pipeline_dag.py took 0.021 seconds
[2025-08-23T18:54:11.928+0000] {processor.py:157} INFO - Started process (PID=222) to work on /opt/airflow/dags/churn_pipeline_dag.py
[2025-08-23T18:54:11.928+0000] {processor.py:829} INFO - Processing file /opt/airflow/dags/churn_pipeline_dag.py for tasks to queue
[2025-08-23T18:54:11.929+0000] {logging_mixin.py:154} INFO - [2025-08-23T18:54:11.929+0000] {dagbag.py:536} INFO - Filling up the DagBag from /opt/airflow/dags/churn_pipeline_dag.py
[2025-08-23T18:54:11.933+0000] {logging_mixin.py:154} INFO - [2025-08-23T18:54:11.932+0000] {dagbag.py:346} ERROR - Failed to import: /opt/airflow/dags/churn_pipeline_dag.py
Traceback (most recent call last):
  File "/home/airflow/.local/lib/python3.8/site-packages/airflow/models/dagbag.py", line 342, in parse
    loader.exec_module(new_module)
  File "<frozen importlib._bootstrap_external>", line 843, in exec_module
  File "<frozen importlib._bootstrap>", line 219, in _call_with_frames_removed
  File "/opt/airflow/dags/churn_pipeline_dag.py", line 6, in <module>
    from DataIngestion.ingestion import ingest
ModuleNotFoundError: No module named 'DataIngestion'
[2025-08-23T18:54:11.933+0000] {processor.py:841} WARNING - No viable dags retrieved from /opt/airflow/dags/churn_pipeline_dag.py
[2025-08-23T18:54:11.944+0000] {processor.py:179} INFO - Processing /opt/airflow/dags/churn_pipeline_dag.py took 0.017 seconds
[2025-08-23T18:54:19.001+0000] {processor.py:157} INFO - Started process (PID=227) to work on /opt/airflow/dags/churn_pipeline_dag.py
[2025-08-23T18:54:19.002+0000] {processor.py:829} INFO - Processing file /opt/airflow/dags/churn_pipeline_dag.py for tasks to queue
[2025-08-23T18:54:19.002+0000] {logging_mixin.py:154} INFO - [2025-08-23T18:54:19.002+0000] {dagbag.py:536} INFO - Filling up the DagBag from /opt/airflow/dags/churn_pipeline_dag.py
[2025-08-23T18:54:19.008+0000] {logging_mixin.py:154} INFO - [2025-08-23T18:54:19.007+0000] {dagbag.py:346} ERROR - Failed to import: /opt/airflow/dags/churn_pipeline_dag.py
Traceback (most recent call last):
  File "/home/airflow/.local/lib/python3.8/site-packages/airflow/models/dagbag.py", line 342, in parse
    loader.exec_module(new_module)
  File "<frozen importlib._bootstrap_external>", line 843, in exec_module
  File "<frozen importlib._bootstrap>", line 219, in _call_with_frames_removed
  File "/opt/airflow/dags/churn_pipeline_dag.py", line 6, in <module>
    from DataIngestion.ingestion import ingest
ModuleNotFoundError: No module named 'DataIngestion'
[2025-08-23T18:54:19.008+0000] {processor.py:841} WARNING - No viable dags retrieved from /opt/airflow/dags/churn_pipeline_dag.py
[2025-08-23T18:54:19.018+0000] {processor.py:179} INFO - Processing /opt/airflow/dags/churn_pipeline_dag.py took 0.019 seconds
[2025-08-23T18:54:46.510+0000] {processor.py:157} INFO - Started process (PID=167) to work on /opt/airflow/dags/churn_pipeline_dag.py
[2025-08-23T18:54:46.511+0000] {processor.py:829} INFO - Processing file /opt/airflow/dags/churn_pipeline_dag.py for tasks to queue
[2025-08-23T18:54:46.512+0000] {logging_mixin.py:154} INFO - [2025-08-23T18:54:46.511+0000] {dagbag.py:536} INFO - Filling up the DagBag from /opt/airflow/dags/churn_pipeline_dag.py
[2025-08-23T18:54:46.516+0000] {logging_mixin.py:154} INFO - [2025-08-23T18:54:46.515+0000] {dagbag.py:346} ERROR - Failed to import: /opt/airflow/dags/churn_pipeline_dag.py
Traceback (most recent call last):
  File "/home/airflow/.local/lib/python3.8/site-packages/airflow/models/dagbag.py", line 342, in parse
    loader.exec_module(new_module)
  File "<frozen importlib._bootstrap_external>", line 843, in exec_module
  File "<frozen importlib._bootstrap>", line 219, in _call_with_frames_removed
  File "/opt/airflow/dags/churn_pipeline_dag.py", line 6, in <module>
    from DataIngestion.ingestion import ingest
ModuleNotFoundError: No module named 'DataIngestion'
[2025-08-23T18:54:46.516+0000] {processor.py:841} WARNING - No viable dags retrieved from /opt/airflow/dags/churn_pipeline_dag.py
[2025-08-23T18:54:46.526+0000] {processor.py:179} INFO - Processing /opt/airflow/dags/churn_pipeline_dag.py took 0.018 seconds
[2025-08-23T18:55:16.767+0000] {processor.py:157} INFO - Started process (PID=172) to work on /opt/airflow/dags/churn_pipeline_dag.py
[2025-08-23T18:55:16.767+0000] {processor.py:829} INFO - Processing file /opt/airflow/dags/churn_pipeline_dag.py for tasks to queue
[2025-08-23T18:55:16.768+0000] {logging_mixin.py:154} INFO - [2025-08-23T18:55:16.768+0000] {dagbag.py:536} INFO - Filling up the DagBag from /opt/airflow/dags/churn_pipeline_dag.py
[2025-08-23T18:55:16.772+0000] {logging_mixin.py:154} INFO - [2025-08-23T18:55:16.771+0000] {dagbag.py:346} ERROR - Failed to import: /opt/airflow/dags/churn_pipeline_dag.py
Traceback (most recent call last):
  File "/home/airflow/.local/lib/python3.8/site-packages/airflow/models/dagbag.py", line 342, in parse
    loader.exec_module(new_module)
  File "<frozen importlib._bootstrap_external>", line 843, in exec_module
  File "<frozen importlib._bootstrap>", line 219, in _call_with_frames_removed
  File "/opt/airflow/dags/churn_pipeline_dag.py", line 6, in <module>
    from DataIngestion.ingestion import ingest
ModuleNotFoundError: No module named 'DataIngestion'
[2025-08-23T18:55:16.772+0000] {processor.py:841} WARNING - No viable dags retrieved from /opt/airflow/dags/churn_pipeline_dag.py
[2025-08-23T18:55:16.789+0000] {processor.py:179} INFO - Processing /opt/airflow/dags/churn_pipeline_dag.py took 0.024 seconds
[2025-08-23T18:55:47.045+0000] {processor.py:157} INFO - Started process (PID=177) to work on /opt/airflow/dags/churn_pipeline_dag.py
[2025-08-23T18:55:47.045+0000] {processor.py:829} INFO - Processing file /opt/airflow/dags/churn_pipeline_dag.py for tasks to queue
[2025-08-23T18:55:47.046+0000] {logging_mixin.py:154} INFO - [2025-08-23T18:55:47.046+0000] {dagbag.py:536} INFO - Filling up the DagBag from /opt/airflow/dags/churn_pipeline_dag.py
[2025-08-23T18:55:47.049+0000] {logging_mixin.py:154} INFO - [2025-08-23T18:55:47.048+0000] {dagbag.py:346} ERROR - Failed to import: /opt/airflow/dags/churn_pipeline_dag.py
Traceback (most recent call last):
  File "/home/airflow/.local/lib/python3.8/site-packages/airflow/models/dagbag.py", line 342, in parse
    loader.exec_module(new_module)
  File "<frozen importlib._bootstrap_external>", line 843, in exec_module
  File "<frozen importlib._bootstrap>", line 219, in _call_with_frames_removed
  File "/opt/airflow/dags/churn_pipeline_dag.py", line 6, in <module>
    from DataIngestion.ingestion import ingest
ModuleNotFoundError: No module named 'DataIngestion'
[2025-08-23T18:55:47.049+0000] {processor.py:841} WARNING - No viable dags retrieved from /opt/airflow/dags/churn_pipeline_dag.py
[2025-08-23T18:55:47.061+0000] {processor.py:179} INFO - Processing /opt/airflow/dags/churn_pipeline_dag.py took 0.018 seconds
[2025-08-23T18:56:17.345+0000] {processor.py:157} INFO - Started process (PID=182) to work on /opt/airflow/dags/churn_pipeline_dag.py
[2025-08-23T18:56:17.353+0000] {processor.py:829} INFO - Processing file /opt/airflow/dags/churn_pipeline_dag.py for tasks to queue
[2025-08-23T18:56:17.355+0000] {logging_mixin.py:154} INFO - [2025-08-23T18:56:17.354+0000] {dagbag.py:536} INFO - Filling up the DagBag from /opt/airflow/dags/churn_pipeline_dag.py
[2025-08-23T18:56:17.360+0000] {logging_mixin.py:154} INFO - [2025-08-23T18:56:17.357+0000] {dagbag.py:346} ERROR - Failed to import: /opt/airflow/dags/churn_pipeline_dag.py
Traceback (most recent call last):
  File "/home/airflow/.local/lib/python3.8/site-packages/airflow/models/dagbag.py", line 342, in parse
    loader.exec_module(new_module)
  File "<frozen importlib._bootstrap_external>", line 843, in exec_module
  File "<frozen importlib._bootstrap>", line 219, in _call_with_frames_removed
  File "/opt/airflow/dags/churn_pipeline_dag.py", line 6, in <module>
    from DataIngestion.ingestion import ingest
ModuleNotFoundError: No module named 'DataIngestion'
[2025-08-23T18:56:17.360+0000] {processor.py:841} WARNING - No viable dags retrieved from /opt/airflow/dags/churn_pipeline_dag.py
[2025-08-23T18:56:17.375+0000] {processor.py:179} INFO - Processing /opt/airflow/dags/churn_pipeline_dag.py took 0.033 seconds
[2025-08-23T18:56:47.607+0000] {processor.py:157} INFO - Started process (PID=187) to work on /opt/airflow/dags/churn_pipeline_dag.py
[2025-08-23T18:56:47.607+0000] {processor.py:829} INFO - Processing file /opt/airflow/dags/churn_pipeline_dag.py for tasks to queue
[2025-08-23T18:56:47.607+0000] {logging_mixin.py:154} INFO - [2025-08-23T18:56:47.607+0000] {dagbag.py:536} INFO - Filling up the DagBag from /opt/airflow/dags/churn_pipeline_dag.py
[2025-08-23T18:56:47.609+0000] {logging_mixin.py:154} INFO - [2025-08-23T18:56:47.609+0000] {dagbag.py:346} ERROR - Failed to import: /opt/airflow/dags/churn_pipeline_dag.py
Traceback (most recent call last):
  File "/home/airflow/.local/lib/python3.8/site-packages/airflow/models/dagbag.py", line 342, in parse
    loader.exec_module(new_module)
  File "<frozen importlib._bootstrap_external>", line 843, in exec_module
  File "<frozen importlib._bootstrap>", line 219, in _call_with_frames_removed
  File "/opt/airflow/dags/churn_pipeline_dag.py", line 6, in <module>
    from DataIngestion.ingestion import ingest
ModuleNotFoundError: No module named 'DataIngestion'
[2025-08-23T18:56:47.610+0000] {processor.py:841} WARNING - No viable dags retrieved from /opt/airflow/dags/churn_pipeline_dag.py
[2025-08-23T18:56:47.617+0000] {processor.py:179} INFO - Processing /opt/airflow/dags/churn_pipeline_dag.py took 0.012 seconds
[2025-08-23T18:57:12.855+0000] {processor.py:157} INFO - Started process (PID=192) to work on /opt/airflow/dags/churn_pipeline_dag.py
[2025-08-23T18:57:12.855+0000] {processor.py:829} INFO - Processing file /opt/airflow/dags/churn_pipeline_dag.py for tasks to queue
[2025-08-23T18:57:12.856+0000] {logging_mixin.py:154} INFO - [2025-08-23T18:57:12.856+0000] {dagbag.py:536} INFO - Filling up the DagBag from /opt/airflow/dags/churn_pipeline_dag.py
[2025-08-23T18:57:12.863+0000] {logging_mixin.py:154} INFO - [2025-08-23T18:57:12.861+0000] {dagbag.py:346} ERROR - Failed to import: /opt/airflow/dags/churn_pipeline_dag.py
Traceback (most recent call last):
  File "/home/airflow/.local/lib/python3.8/site-packages/airflow/models/dagbag.py", line 342, in parse
    loader.exec_module(new_module)
  File "<frozen importlib._bootstrap_external>", line 843, in exec_module
  File "<frozen importlib._bootstrap>", line 219, in _call_with_frames_removed
  File "/opt/airflow/dags/churn_pipeline_dag.py", line 6, in <module>
    from DataIngestion.ingestion import ingest
ModuleNotFoundError: No module named 'DataIngestion'
[2025-08-23T18:57:12.863+0000] {processor.py:841} WARNING - No viable dags retrieved from /opt/airflow/dags/churn_pipeline_dag.py
[2025-08-23T18:57:12.878+0000] {processor.py:179} INFO - Processing /opt/airflow/dags/churn_pipeline_dag.py took 0.026 seconds
[2025-08-23T18:57:43.142+0000] {processor.py:157} INFO - Started process (PID=197) to work on /opt/airflow/dags/churn_pipeline_dag.py
[2025-08-23T18:57:43.142+0000] {processor.py:829} INFO - Processing file /opt/airflow/dags/churn_pipeline_dag.py for tasks to queue
[2025-08-23T18:57:43.143+0000] {logging_mixin.py:154} INFO - [2025-08-23T18:57:43.143+0000] {dagbag.py:536} INFO - Filling up the DagBag from /opt/airflow/dags/churn_pipeline_dag.py
[2025-08-23T18:57:43.146+0000] {logging_mixin.py:154} INFO - [2025-08-23T18:57:43.145+0000] {dagbag.py:346} ERROR - Failed to import: /opt/airflow/dags/churn_pipeline_dag.py
Traceback (most recent call last):
  File "/home/airflow/.local/lib/python3.8/site-packages/airflow/models/dagbag.py", line 342, in parse
    loader.exec_module(new_module)
  File "<frozen importlib._bootstrap_external>", line 843, in exec_module
  File "<frozen importlib._bootstrap>", line 219, in _call_with_frames_removed
  File "/opt/airflow/dags/churn_pipeline_dag.py", line 6, in <module>
    from DataIngestion.ingestion import ingest
ModuleNotFoundError: No module named 'DataIngestion'
[2025-08-23T18:57:43.146+0000] {processor.py:841} WARNING - No viable dags retrieved from /opt/airflow/dags/churn_pipeline_dag.py
[2025-08-23T18:57:43.158+0000] {processor.py:179} INFO - Processing /opt/airflow/dags/churn_pipeline_dag.py took 0.019 seconds
[2025-08-23T18:57:50.214+0000] {processor.py:157} INFO - Started process (PID=202) to work on /opt/airflow/dags/churn_pipeline_dag.py
[2025-08-23T18:57:50.215+0000] {processor.py:829} INFO - Processing file /opt/airflow/dags/churn_pipeline_dag.py for tasks to queue
[2025-08-23T18:57:50.216+0000] {logging_mixin.py:154} INFO - [2025-08-23T18:57:50.215+0000] {dagbag.py:536} INFO - Filling up the DagBag from /opt/airflow/dags/churn_pipeline_dag.py
[2025-08-23T18:57:50.221+0000] {logging_mixin.py:154} INFO - [2025-08-23T18:57:50.220+0000] {dagbag.py:346} ERROR - Failed to import: /opt/airflow/dags/churn_pipeline_dag.py
Traceback (most recent call last):
  File "/home/airflow/.local/lib/python3.8/site-packages/airflow/models/dagbag.py", line 342, in parse
    loader.exec_module(new_module)
  File "<frozen importlib._bootstrap_external>", line 843, in exec_module
  File "<frozen importlib._bootstrap>", line 219, in _call_with_frames_removed
  File "/opt/airflow/dags/churn_pipeline_dag.py", line 9, in <module>
    from DataIngestion.ingestion import ingest
ModuleNotFoundError: No module named 'DataIngestion'
[2025-08-23T18:57:50.222+0000] {processor.py:841} WARNING - No viable dags retrieved from /opt/airflow/dags/churn_pipeline_dag.py
[2025-08-23T18:57:50.235+0000] {processor.py:179} INFO - Processing /opt/airflow/dags/churn_pipeline_dag.py took 0.024 seconds
[2025-08-23T18:57:55.283+0000] {processor.py:157} INFO - Started process (PID=207) to work on /opt/airflow/dags/churn_pipeline_dag.py
[2025-08-23T18:57:55.284+0000] {processor.py:829} INFO - Processing file /opt/airflow/dags/churn_pipeline_dag.py for tasks to queue
[2025-08-23T18:57:55.284+0000] {logging_mixin.py:154} INFO - [2025-08-23T18:57:55.284+0000] {dagbag.py:536} INFO - Filling up the DagBag from /opt/airflow/dags/churn_pipeline_dag.py
[2025-08-23T18:57:55.288+0000] {logging_mixin.py:154} INFO - [2025-08-23T18:57:55.287+0000] {dagbag.py:346} ERROR - Failed to import: /opt/airflow/dags/churn_pipeline_dag.py
Traceback (most recent call last):
  File "/home/airflow/.local/lib/python3.8/site-packages/airflow/models/dagbag.py", line 342, in parse
    loader.exec_module(new_module)
  File "<frozen importlib._bootstrap_external>", line 843, in exec_module
  File "<frozen importlib._bootstrap>", line 219, in _call_with_frames_removed
  File "/opt/airflow/dags/churn_pipeline_dag.py", line 9, in <module>
    from DataIngestion.ingestion import ingest
ModuleNotFoundError: No module named 'DataIngestion'
[2025-08-23T18:57:55.288+0000] {processor.py:841} WARNING - No viable dags retrieved from /opt/airflow/dags/churn_pipeline_dag.py
[2025-08-23T18:57:55.298+0000] {processor.py:179} INFO - Processing /opt/airflow/dags/churn_pipeline_dag.py took 0.017 seconds
[2025-08-23T18:57:59.336+0000] {processor.py:157} INFO - Started process (PID=212) to work on /opt/airflow/dags/churn_pipeline_dag.py
[2025-08-23T18:57:59.337+0000] {processor.py:829} INFO - Processing file /opt/airflow/dags/churn_pipeline_dag.py for tasks to queue
[2025-08-23T18:57:59.338+0000] {logging_mixin.py:154} INFO - [2025-08-23T18:57:59.338+0000] {dagbag.py:536} INFO - Filling up the DagBag from /opt/airflow/dags/churn_pipeline_dag.py
[2025-08-23T18:57:59.343+0000] {logging_mixin.py:154} INFO - [2025-08-23T18:57:59.343+0000] {dagbag.py:346} ERROR - Failed to import: /opt/airflow/dags/churn_pipeline_dag.py
Traceback (most recent call last):
  File "/home/airflow/.local/lib/python3.8/site-packages/airflow/models/dagbag.py", line 342, in parse
    loader.exec_module(new_module)
  File "<frozen importlib._bootstrap_external>", line 843, in exec_module
  File "<frozen importlib._bootstrap>", line 219, in _call_with_frames_removed
  File "/opt/airflow/dags/churn_pipeline_dag.py", line 9, in <module>
    from DataIngestion.ingestion import ingest
ModuleNotFoundError: No module named 'DataIngestion'
[2025-08-23T18:57:59.344+0000] {processor.py:841} WARNING - No viable dags retrieved from /opt/airflow/dags/churn_pipeline_dag.py
[2025-08-23T18:57:59.357+0000] {processor.py:179} INFO - Processing /opt/airflow/dags/churn_pipeline_dag.py took 0.024 seconds
[2025-08-23T18:58:29.745+0000] {processor.py:157} INFO - Started process (PID=167) to work on /opt/airflow/dags/churn_pipeline_dag.py
[2025-08-23T18:58:29.746+0000] {processor.py:829} INFO - Processing file /opt/airflow/dags/churn_pipeline_dag.py for tasks to queue
[2025-08-23T18:58:29.746+0000] {logging_mixin.py:154} INFO - [2025-08-23T18:58:29.746+0000] {dagbag.py:536} INFO - Filling up the DagBag from /opt/airflow/dags/churn_pipeline_dag.py
[2025-08-23T18:58:29.752+0000] {logging_mixin.py:154} INFO - [2025-08-23T18:58:29.752+0000] {dagbag.py:346} ERROR - Failed to import: /opt/airflow/dags/churn_pipeline_dag.py
Traceback (most recent call last):
  File "/home/airflow/.local/lib/python3.8/site-packages/airflow/models/dagbag.py", line 342, in parse
    loader.exec_module(new_module)
  File "<frozen importlib._bootstrap_external>", line 843, in exec_module
  File "<frozen importlib._bootstrap>", line 219, in _call_with_frames_removed
  File "/opt/airflow/dags/churn_pipeline_dag.py", line 9, in <module>
    from DataIngestion.ingestion import ingest
ModuleNotFoundError: No module named 'DataIngestion'
[2025-08-23T18:58:29.753+0000] {processor.py:841} WARNING - No viable dags retrieved from /opt/airflow/dags/churn_pipeline_dag.py
[2025-08-23T18:58:29.775+0000] {processor.py:179} INFO - Processing /opt/airflow/dags/churn_pipeline_dag.py took 0.031 seconds
[2025-08-23T18:59:00.018+0000] {processor.py:157} INFO - Started process (PID=172) to work on /opt/airflow/dags/churn_pipeline_dag.py
[2025-08-23T18:59:00.018+0000] {processor.py:829} INFO - Processing file /opt/airflow/dags/churn_pipeline_dag.py for tasks to queue
[2025-08-23T18:59:00.019+0000] {logging_mixin.py:154} INFO - [2025-08-23T18:59:00.019+0000] {dagbag.py:536} INFO - Filling up the DagBag from /opt/airflow/dags/churn_pipeline_dag.py
[2025-08-23T18:59:00.023+0000] {logging_mixin.py:154} INFO - [2025-08-23T18:59:00.022+0000] {dagbag.py:346} ERROR - Failed to import: /opt/airflow/dags/churn_pipeline_dag.py
Traceback (most recent call last):
  File "/home/airflow/.local/lib/python3.8/site-packages/airflow/models/dagbag.py", line 342, in parse
    loader.exec_module(new_module)
  File "<frozen importlib._bootstrap_external>", line 843, in exec_module
  File "<frozen importlib._bootstrap>", line 219, in _call_with_frames_removed
  File "/opt/airflow/dags/churn_pipeline_dag.py", line 9, in <module>
    from DataIngestion.ingestion import ingest
ModuleNotFoundError: No module named 'DataIngestion'
[2025-08-23T18:59:00.023+0000] {processor.py:841} WARNING - No viable dags retrieved from /opt/airflow/dags/churn_pipeline_dag.py
[2025-08-23T18:59:00.035+0000] {processor.py:179} INFO - Processing /opt/airflow/dags/churn_pipeline_dag.py took 0.020 seconds
[2025-08-23T18:59:30.267+0000] {processor.py:157} INFO - Started process (PID=177) to work on /opt/airflow/dags/churn_pipeline_dag.py
[2025-08-23T18:59:30.267+0000] {processor.py:829} INFO - Processing file /opt/airflow/dags/churn_pipeline_dag.py for tasks to queue
[2025-08-23T18:59:30.268+0000] {logging_mixin.py:154} INFO - [2025-08-23T18:59:30.267+0000] {dagbag.py:536} INFO - Filling up the DagBag from /opt/airflow/dags/churn_pipeline_dag.py
[2025-08-23T18:59:30.270+0000] {logging_mixin.py:154} INFO - [2025-08-23T18:59:30.270+0000] {dagbag.py:346} ERROR - Failed to import: /opt/airflow/dags/churn_pipeline_dag.py
Traceback (most recent call last):
  File "/home/airflow/.local/lib/python3.8/site-packages/airflow/models/dagbag.py", line 342, in parse
    loader.exec_module(new_module)
  File "<frozen importlib._bootstrap_external>", line 843, in exec_module
  File "<frozen importlib._bootstrap>", line 219, in _call_with_frames_removed
  File "/opt/airflow/dags/churn_pipeline_dag.py", line 9, in <module>
    from DataIngestion.ingestion import ingest
ModuleNotFoundError: No module named 'DataIngestion'
[2025-08-23T18:59:30.271+0000] {processor.py:841} WARNING - No viable dags retrieved from /opt/airflow/dags/churn_pipeline_dag.py
[2025-08-23T18:59:30.282+0000] {processor.py:179} INFO - Processing /opt/airflow/dags/churn_pipeline_dag.py took 0.016 seconds
[2025-08-23T19:02:14.954+0000] {processor.py:157} INFO - Started process (PID=167) to work on /opt/airflow/dags/churn_pipeline_dag.py
[2025-08-23T19:02:14.954+0000] {processor.py:829} INFO - Processing file /opt/airflow/dags/churn_pipeline_dag.py for tasks to queue
[2025-08-23T19:02:14.955+0000] {logging_mixin.py:154} INFO - [2025-08-23T19:02:14.955+0000] {dagbag.py:536} INFO - Filling up the DagBag from /opt/airflow/dags/churn_pipeline_dag.py
[2025-08-23T19:02:15.684+0000] {logging_mixin.py:154} INFO - ⚠️ Could not fetch date folder for /Users/kirtisinha/DataManagementMachineLearning/DataIngestion/data_raw/github: [Errno 2] No such file or directory: '/Users/kirtisinha/DataManagementMachineLearning/DataIngestion/data_raw/github'
[2025-08-23T19:02:15.684+0000] {logging_mixin.py:154} INFO - ⚠️ Could not fetch date folder for /Users/kirtisinha/DataManagementMachineLearning/DataIngestion/data_raw/kaggle: [Errno 2] No such file or directory: '/Users/kirtisinha/DataManagementMachineLearning/DataIngestion/data_raw/kaggle'
[2025-08-23T19:02:15.685+0000] {logging_mixin.py:154} INFO - [2025-08-23T19:02:15.684+0000] {dagbag.py:346} ERROR - Failed to import: /opt/airflow/dags/churn_pipeline_dag.py
Traceback (most recent call last):
  File "/home/airflow/.local/lib/python3.8/site-packages/airflow/models/dagbag.py", line 342, in parse
    loader.exec_module(new_module)
  File "<frozen importlib._bootstrap_external>", line 843, in exec_module
  File "<frozen importlib._bootstrap>", line 219, in _call_with_frames_removed
  File "/opt/airflow/dags/churn_pipeline_dag.py", line 10, in <module>
    from DataValidation.validation import validate_data_and_generate_report
  File "/opt/airflow/project/DataValidation/validation.py", line 96, in <module>
    validate_data_and_generate_report(sources, validation_report)
  File "/opt/airflow/project/DataValidation/validation.py", line 72, in validate_data_and_generate_report
    with pd.ExcelWriter(report_file, engine="openpyxl") as writer:
  File "/home/airflow/.local/lib/python3.8/site-packages/pandas/io/excel/_openpyxl.py", line 56, in __init__
    from openpyxl.workbook import Workbook
ModuleNotFoundError: No module named 'openpyxl'
[2025-08-23T19:02:15.685+0000] {processor.py:841} WARNING - No viable dags retrieved from /opt/airflow/dags/churn_pipeline_dag.py
[2025-08-23T19:02:15.693+0000] {processor.py:179} INFO - Processing /opt/airflow/dags/churn_pipeline_dag.py took 0.741 seconds
[2025-08-23T19:02:45.965+0000] {processor.py:157} INFO - Started process (PID=173) to work on /opt/airflow/dags/churn_pipeline_dag.py
[2025-08-23T19:02:45.965+0000] {processor.py:829} INFO - Processing file /opt/airflow/dags/churn_pipeline_dag.py for tasks to queue
[2025-08-23T19:02:45.966+0000] {logging_mixin.py:154} INFO - [2025-08-23T19:02:45.966+0000] {dagbag.py:536} INFO - Filling up the DagBag from /opt/airflow/dags/churn_pipeline_dag.py
[2025-08-23T19:02:46.267+0000] {logging_mixin.py:154} INFO - ⚠️ Could not fetch date folder for /Users/kirtisinha/DataManagementMachineLearning/DataIngestion/data_raw/github: [Errno 2] No such file or directory: '/Users/kirtisinha/DataManagementMachineLearning/DataIngestion/data_raw/github'
[2025-08-23T19:02:46.267+0000] {logging_mixin.py:154} INFO - ⚠️ Could not fetch date folder for /Users/kirtisinha/DataManagementMachineLearning/DataIngestion/data_raw/kaggle: [Errno 2] No such file or directory: '/Users/kirtisinha/DataManagementMachineLearning/DataIngestion/data_raw/kaggle'
[2025-08-23T19:02:46.268+0000] {logging_mixin.py:154} INFO - [2025-08-23T19:02:46.267+0000] {dagbag.py:346} ERROR - Failed to import: /opt/airflow/dags/churn_pipeline_dag.py
Traceback (most recent call last):
  File "/home/airflow/.local/lib/python3.8/site-packages/airflow/models/dagbag.py", line 342, in parse
    loader.exec_module(new_module)
  File "<frozen importlib._bootstrap_external>", line 843, in exec_module
  File "<frozen importlib._bootstrap>", line 219, in _call_with_frames_removed
  File "/opt/airflow/dags/churn_pipeline_dag.py", line 10, in <module>
    from DataValidation.validation import validate_data_and_generate_report
  File "/opt/airflow/project/DataValidation/validation.py", line 96, in <module>
    validate_data_and_generate_report(sources, validation_report)
  File "/opt/airflow/project/DataValidation/validation.py", line 72, in validate_data_and_generate_report
    with pd.ExcelWriter(report_file, engine="openpyxl") as writer:
  File "/home/airflow/.local/lib/python3.8/site-packages/pandas/io/excel/_openpyxl.py", line 56, in __init__
    from openpyxl.workbook import Workbook
ModuleNotFoundError: No module named 'openpyxl'
[2025-08-23T19:02:46.268+0000] {processor.py:841} WARNING - No viable dags retrieved from /opt/airflow/dags/churn_pipeline_dag.py
[2025-08-23T19:02:46.274+0000] {processor.py:179} INFO - Processing /opt/airflow/dags/churn_pipeline_dag.py took 0.311 seconds
[2025-08-23T19:03:16.354+0000] {processor.py:157} INFO - Started process (PID=179) to work on /opt/airflow/dags/churn_pipeline_dag.py
[2025-08-23T19:03:16.354+0000] {processor.py:829} INFO - Processing file /opt/airflow/dags/churn_pipeline_dag.py for tasks to queue
[2025-08-23T19:03:16.355+0000] {logging_mixin.py:154} INFO - [2025-08-23T19:03:16.355+0000] {dagbag.py:536} INFO - Filling up the DagBag from /opt/airflow/dags/churn_pipeline_dag.py
[2025-08-23T19:03:16.580+0000] {logging_mixin.py:154} INFO - ⚠️ Could not fetch date folder for /Users/kirtisinha/DataManagementMachineLearning/DataIngestion/data_raw/github: [Errno 2] No such file or directory: '/Users/kirtisinha/DataManagementMachineLearning/DataIngestion/data_raw/github'
[2025-08-23T19:03:16.580+0000] {logging_mixin.py:154} INFO - ⚠️ Could not fetch date folder for /Users/kirtisinha/DataManagementMachineLearning/DataIngestion/data_raw/kaggle: [Errno 2] No such file or directory: '/Users/kirtisinha/DataManagementMachineLearning/DataIngestion/data_raw/kaggle'
[2025-08-23T19:03:16.582+0000] {logging_mixin.py:154} INFO - [2025-08-23T19:03:16.580+0000] {dagbag.py:346} ERROR - Failed to import: /opt/airflow/dags/churn_pipeline_dag.py
Traceback (most recent call last):
  File "/home/airflow/.local/lib/python3.8/site-packages/airflow/models/dagbag.py", line 342, in parse
    loader.exec_module(new_module)
  File "<frozen importlib._bootstrap_external>", line 843, in exec_module
  File "<frozen importlib._bootstrap>", line 219, in _call_with_frames_removed
  File "/opt/airflow/dags/churn_pipeline_dag.py", line 10, in <module>
    from DataValidation.validation import validate_data_and_generate_report
  File "/opt/airflow/project/DataValidation/validation.py", line 96, in <module>
    validate_data_and_generate_report(sources, validation_report)
  File "/opt/airflow/project/DataValidation/validation.py", line 72, in validate_data_and_generate_report
    with pd.ExcelWriter(report_file, engine="openpyxl") as writer:
  File "/home/airflow/.local/lib/python3.8/site-packages/pandas/io/excel/_openpyxl.py", line 56, in __init__
    from openpyxl.workbook import Workbook
ModuleNotFoundError: No module named 'openpyxl'
[2025-08-23T19:03:16.582+0000] {processor.py:841} WARNING - No viable dags retrieved from /opt/airflow/dags/churn_pipeline_dag.py
[2025-08-23T19:03:16.589+0000] {processor.py:179} INFO - Processing /opt/airflow/dags/churn_pipeline_dag.py took 0.238 seconds
[2025-08-23T19:03:46.777+0000] {processor.py:157} INFO - Started process (PID=185) to work on /opt/airflow/dags/churn_pipeline_dag.py
[2025-08-23T19:03:46.778+0000] {processor.py:829} INFO - Processing file /opt/airflow/dags/churn_pipeline_dag.py for tasks to queue
[2025-08-23T19:03:46.778+0000] {logging_mixin.py:154} INFO - [2025-08-23T19:03:46.778+0000] {dagbag.py:536} INFO - Filling up the DagBag from /opt/airflow/dags/churn_pipeline_dag.py
[2025-08-23T19:03:46.969+0000] {logging_mixin.py:154} INFO - ⚠️ Could not fetch date folder for /Users/kirtisinha/DataManagementMachineLearning/DataIngestion/data_raw/github: [Errno 2] No such file or directory: '/Users/kirtisinha/DataManagementMachineLearning/DataIngestion/data_raw/github'
[2025-08-23T19:03:46.969+0000] {logging_mixin.py:154} INFO - ⚠️ Could not fetch date folder for /Users/kirtisinha/DataManagementMachineLearning/DataIngestion/data_raw/kaggle: [Errno 2] No such file or directory: '/Users/kirtisinha/DataManagementMachineLearning/DataIngestion/data_raw/kaggle'
[2025-08-23T19:03:46.970+0000] {logging_mixin.py:154} INFO - [2025-08-23T19:03:46.970+0000] {dagbag.py:346} ERROR - Failed to import: /opt/airflow/dags/churn_pipeline_dag.py
Traceback (most recent call last):
  File "/home/airflow/.local/lib/python3.8/site-packages/airflow/models/dagbag.py", line 342, in parse
    loader.exec_module(new_module)
  File "<frozen importlib._bootstrap_external>", line 843, in exec_module
  File "<frozen importlib._bootstrap>", line 219, in _call_with_frames_removed
  File "/opt/airflow/dags/churn_pipeline_dag.py", line 10, in <module>
    from DataValidation.validation import validate_data_and_generate_report
  File "/opt/airflow/project/DataValidation/validation.py", line 96, in <module>
    validate_data_and_generate_report(sources, validation_report)
  File "/opt/airflow/project/DataValidation/validation.py", line 72, in validate_data_and_generate_report
    with pd.ExcelWriter(report_file, engine="openpyxl") as writer:
  File "/home/airflow/.local/lib/python3.8/site-packages/pandas/io/excel/_openpyxl.py", line 56, in __init__
    from openpyxl.workbook import Workbook
ModuleNotFoundError: No module named 'openpyxl'
[2025-08-23T19:03:46.970+0000] {processor.py:841} WARNING - No viable dags retrieved from /opt/airflow/dags/churn_pipeline_dag.py
[2025-08-23T19:03:46.976+0000] {processor.py:179} INFO - Processing /opt/airflow/dags/churn_pipeline_dag.py took 0.203 seconds
[2025-08-23T19:04:17.135+0000] {processor.py:157} INFO - Started process (PID=191) to work on /opt/airflow/dags/churn_pipeline_dag.py
[2025-08-23T19:04:17.136+0000] {processor.py:829} INFO - Processing file /opt/airflow/dags/churn_pipeline_dag.py for tasks to queue
[2025-08-23T19:04:17.137+0000] {logging_mixin.py:154} INFO - [2025-08-23T19:04:17.137+0000] {dagbag.py:536} INFO - Filling up the DagBag from /opt/airflow/dags/churn_pipeline_dag.py
[2025-08-23T19:04:17.360+0000] {logging_mixin.py:154} INFO - ⚠️ Could not fetch date folder for /Users/kirtisinha/DataManagementMachineLearning/DataIngestion/data_raw/github: [Errno 2] No such file or directory: '/Users/kirtisinha/DataManagementMachineLearning/DataIngestion/data_raw/github'
[2025-08-23T19:04:17.360+0000] {logging_mixin.py:154} INFO - ⚠️ Could not fetch date folder for /Users/kirtisinha/DataManagementMachineLearning/DataIngestion/data_raw/kaggle: [Errno 2] No such file or directory: '/Users/kirtisinha/DataManagementMachineLearning/DataIngestion/data_raw/kaggle'
[2025-08-23T19:04:17.361+0000] {logging_mixin.py:154} INFO - [2025-08-23T19:04:17.360+0000] {dagbag.py:346} ERROR - Failed to import: /opt/airflow/dags/churn_pipeline_dag.py
Traceback (most recent call last):
  File "/home/airflow/.local/lib/python3.8/site-packages/airflow/models/dagbag.py", line 342, in parse
    loader.exec_module(new_module)
  File "<frozen importlib._bootstrap_external>", line 843, in exec_module
  File "<frozen importlib._bootstrap>", line 219, in _call_with_frames_removed
  File "/opt/airflow/dags/churn_pipeline_dag.py", line 10, in <module>
    from DataValidation.validation import validate_data_and_generate_report
  File "/opt/airflow/project/DataValidation/validation.py", line 96, in <module>
    validate_data_and_generate_report(sources, validation_report)
  File "/opt/airflow/project/DataValidation/validation.py", line 72, in validate_data_and_generate_report
    with pd.ExcelWriter(report_file, engine="openpyxl") as writer:
  File "/home/airflow/.local/lib/python3.8/site-packages/pandas/io/excel/_openpyxl.py", line 56, in __init__
    from openpyxl.workbook import Workbook
ModuleNotFoundError: No module named 'openpyxl'
[2025-08-23T19:04:17.361+0000] {processor.py:841} WARNING - No viable dags retrieved from /opt/airflow/dags/churn_pipeline_dag.py
[2025-08-23T19:04:17.367+0000] {processor.py:179} INFO - Processing /opt/airflow/dags/churn_pipeline_dag.py took 0.235 seconds
[2025-08-23T19:04:47.506+0000] {processor.py:157} INFO - Started process (PID=197) to work on /opt/airflow/dags/churn_pipeline_dag.py
[2025-08-23T19:04:47.507+0000] {processor.py:829} INFO - Processing file /opt/airflow/dags/churn_pipeline_dag.py for tasks to queue
[2025-08-23T19:04:47.507+0000] {logging_mixin.py:154} INFO - [2025-08-23T19:04:47.507+0000] {dagbag.py:536} INFO - Filling up the DagBag from /opt/airflow/dags/churn_pipeline_dag.py
[2025-08-23T19:04:47.721+0000] {logging_mixin.py:154} INFO - ⚠️ Could not fetch date folder for /Users/kirtisinha/DataManagementMachineLearning/DataIngestion/data_raw/github: [Errno 2] No such file or directory: '/Users/kirtisinha/DataManagementMachineLearning/DataIngestion/data_raw/github'
[2025-08-23T19:04:47.721+0000] {logging_mixin.py:154} INFO - ⚠️ Could not fetch date folder for /Users/kirtisinha/DataManagementMachineLearning/DataIngestion/data_raw/kaggle: [Errno 2] No such file or directory: '/Users/kirtisinha/DataManagementMachineLearning/DataIngestion/data_raw/kaggle'
[2025-08-23T19:04:47.722+0000] {logging_mixin.py:154} INFO - [2025-08-23T19:04:47.721+0000] {dagbag.py:346} ERROR - Failed to import: /opt/airflow/dags/churn_pipeline_dag.py
Traceback (most recent call last):
  File "/home/airflow/.local/lib/python3.8/site-packages/airflow/models/dagbag.py", line 342, in parse
    loader.exec_module(new_module)
  File "<frozen importlib._bootstrap_external>", line 843, in exec_module
  File "<frozen importlib._bootstrap>", line 219, in _call_with_frames_removed
  File "/opt/airflow/dags/churn_pipeline_dag.py", line 10, in <module>
    from DataValidation.validation import validate_data_and_generate_report
  File "/opt/airflow/project/DataValidation/validation.py", line 96, in <module>
    validate_data_and_generate_report(sources, validation_report)
  File "/opt/airflow/project/DataValidation/validation.py", line 72, in validate_data_and_generate_report
    with pd.ExcelWriter(report_file, engine="openpyxl") as writer:
  File "/home/airflow/.local/lib/python3.8/site-packages/pandas/io/excel/_openpyxl.py", line 56, in __init__
    from openpyxl.workbook import Workbook
ModuleNotFoundError: No module named 'openpyxl'
[2025-08-23T19:04:47.722+0000] {processor.py:841} WARNING - No viable dags retrieved from /opt/airflow/dags/churn_pipeline_dag.py
[2025-08-23T19:04:47.728+0000] {processor.py:179} INFO - Processing /opt/airflow/dags/churn_pipeline_dag.py took 0.224 seconds
[2025-08-23T19:05:17.921+0000] {processor.py:157} INFO - Started process (PID=203) to work on /opt/airflow/dags/churn_pipeline_dag.py
[2025-08-23T19:05:17.922+0000] {processor.py:829} INFO - Processing file /opt/airflow/dags/churn_pipeline_dag.py for tasks to queue
[2025-08-23T19:05:17.922+0000] {logging_mixin.py:154} INFO - [2025-08-23T19:05:17.922+0000] {dagbag.py:536} INFO - Filling up the DagBag from /opt/airflow/dags/churn_pipeline_dag.py
[2025-08-23T19:05:18.156+0000] {logging_mixin.py:154} INFO - ⚠️ Could not fetch date folder for /Users/kirtisinha/DataManagementMachineLearning/DataIngestion/data_raw/github: [Errno 2] No such file or directory: '/Users/kirtisinha/DataManagementMachineLearning/DataIngestion/data_raw/github'
[2025-08-23T19:05:18.157+0000] {logging_mixin.py:154} INFO - ⚠️ Could not fetch date folder for /Users/kirtisinha/DataManagementMachineLearning/DataIngestion/data_raw/kaggle: [Errno 2] No such file or directory: '/Users/kirtisinha/DataManagementMachineLearning/DataIngestion/data_raw/kaggle'
[2025-08-23T19:05:18.158+0000] {logging_mixin.py:154} INFO - [2025-08-23T19:05:18.157+0000] {dagbag.py:346} ERROR - Failed to import: /opt/airflow/dags/churn_pipeline_dag.py
Traceback (most recent call last):
  File "/home/airflow/.local/lib/python3.8/site-packages/airflow/models/dagbag.py", line 342, in parse
    loader.exec_module(new_module)
  File "<frozen importlib._bootstrap_external>", line 843, in exec_module
  File "<frozen importlib._bootstrap>", line 219, in _call_with_frames_removed
  File "/opt/airflow/dags/churn_pipeline_dag.py", line 10, in <module>
    from DataValidation.validation import validate_data_and_generate_report
  File "/opt/airflow/project/DataValidation/validation.py", line 96, in <module>
    validate_data_and_generate_report(sources, validation_report)
  File "/opt/airflow/project/DataValidation/validation.py", line 72, in validate_data_and_generate_report
    with pd.ExcelWriter(report_file, engine="openpyxl") as writer:
  File "/home/airflow/.local/lib/python3.8/site-packages/pandas/io/excel/_openpyxl.py", line 56, in __init__
    from openpyxl.workbook import Workbook
ModuleNotFoundError: No module named 'openpyxl'
[2025-08-23T19:05:18.158+0000] {processor.py:841} WARNING - No viable dags retrieved from /opt/airflow/dags/churn_pipeline_dag.py
[2025-08-23T19:05:18.164+0000] {processor.py:179} INFO - Processing /opt/airflow/dags/churn_pipeline_dag.py took 0.246 seconds
[2025-08-23T19:05:48.300+0000] {processor.py:157} INFO - Started process (PID=209) to work on /opt/airflow/dags/churn_pipeline_dag.py
[2025-08-23T19:05:48.301+0000] {processor.py:829} INFO - Processing file /opt/airflow/dags/churn_pipeline_dag.py for tasks to queue
[2025-08-23T19:05:48.302+0000] {logging_mixin.py:154} INFO - [2025-08-23T19:05:48.301+0000] {dagbag.py:536} INFO - Filling up the DagBag from /opt/airflow/dags/churn_pipeline_dag.py
[2025-08-23T19:05:48.489+0000] {logging_mixin.py:154} INFO - ⚠️ Could not fetch date folder for /Users/kirtisinha/DataManagementMachineLearning/DataIngestion/data_raw/github: [Errno 2] No such file or directory: '/Users/kirtisinha/DataManagementMachineLearning/DataIngestion/data_raw/github'
[2025-08-23T19:05:48.489+0000] {logging_mixin.py:154} INFO - ⚠️ Could not fetch date folder for /Users/kirtisinha/DataManagementMachineLearning/DataIngestion/data_raw/kaggle: [Errno 2] No such file or directory: '/Users/kirtisinha/DataManagementMachineLearning/DataIngestion/data_raw/kaggle'
[2025-08-23T19:05:48.490+0000] {logging_mixin.py:154} INFO - [2025-08-23T19:05:48.490+0000] {dagbag.py:346} ERROR - Failed to import: /opt/airflow/dags/churn_pipeline_dag.py
Traceback (most recent call last):
  File "/home/airflow/.local/lib/python3.8/site-packages/airflow/models/dagbag.py", line 342, in parse
    loader.exec_module(new_module)
  File "<frozen importlib._bootstrap_external>", line 843, in exec_module
  File "<frozen importlib._bootstrap>", line 219, in _call_with_frames_removed
  File "/opt/airflow/dags/churn_pipeline_dag.py", line 10, in <module>
    from DataValidation.validation import validate_data_and_generate_report
  File "/opt/airflow/project/DataValidation/validation.py", line 96, in <module>
    validate_data_and_generate_report(sources, validation_report)
  File "/opt/airflow/project/DataValidation/validation.py", line 72, in validate_data_and_generate_report
    with pd.ExcelWriter(report_file, engine="openpyxl") as writer:
  File "/home/airflow/.local/lib/python3.8/site-packages/pandas/io/excel/_openpyxl.py", line 56, in __init__
    from openpyxl.workbook import Workbook
ModuleNotFoundError: No module named 'openpyxl'
[2025-08-23T19:05:48.490+0000] {processor.py:841} WARNING - No viable dags retrieved from /opt/airflow/dags/churn_pipeline_dag.py
[2025-08-23T19:05:48.496+0000] {processor.py:179} INFO - Processing /opt/airflow/dags/churn_pipeline_dag.py took 0.199 seconds
[2025-08-23T19:06:18.709+0000] {processor.py:157} INFO - Started process (PID=215) to work on /opt/airflow/dags/churn_pipeline_dag.py
[2025-08-23T19:06:18.710+0000] {processor.py:829} INFO - Processing file /opt/airflow/dags/churn_pipeline_dag.py for tasks to queue
[2025-08-23T19:06:18.710+0000] {logging_mixin.py:154} INFO - [2025-08-23T19:06:18.710+0000] {dagbag.py:536} INFO - Filling up the DagBag from /opt/airflow/dags/churn_pipeline_dag.py
[2025-08-23T19:06:18.919+0000] {logging_mixin.py:154} INFO - ⚠️ Could not fetch date folder for /Users/kirtisinha/DataManagementMachineLearning/DataIngestion/data_raw/github: [Errno 2] No such file or directory: '/Users/kirtisinha/DataManagementMachineLearning/DataIngestion/data_raw/github'
[2025-08-23T19:06:18.919+0000] {logging_mixin.py:154} INFO - ⚠️ Could not fetch date folder for /Users/kirtisinha/DataManagementMachineLearning/DataIngestion/data_raw/kaggle: [Errno 2] No such file or directory: '/Users/kirtisinha/DataManagementMachineLearning/DataIngestion/data_raw/kaggle'
[2025-08-23T19:06:18.920+0000] {logging_mixin.py:154} INFO - [2025-08-23T19:06:18.920+0000] {dagbag.py:346} ERROR - Failed to import: /opt/airflow/dags/churn_pipeline_dag.py
Traceback (most recent call last):
  File "/home/airflow/.local/lib/python3.8/site-packages/airflow/models/dagbag.py", line 342, in parse
    loader.exec_module(new_module)
  File "<frozen importlib._bootstrap_external>", line 843, in exec_module
  File "<frozen importlib._bootstrap>", line 219, in _call_with_frames_removed
  File "/opt/airflow/dags/churn_pipeline_dag.py", line 10, in <module>
    from DataValidation.validation import validate_data_and_generate_report
  File "/opt/airflow/project/DataValidation/validation.py", line 96, in <module>
    validate_data_and_generate_report(sources, validation_report)
  File "/opt/airflow/project/DataValidation/validation.py", line 72, in validate_data_and_generate_report
    with pd.ExcelWriter(report_file, engine="openpyxl") as writer:
  File "/home/airflow/.local/lib/python3.8/site-packages/pandas/io/excel/_openpyxl.py", line 56, in __init__
    from openpyxl.workbook import Workbook
ModuleNotFoundError: No module named 'openpyxl'
[2025-08-23T19:06:18.920+0000] {processor.py:841} WARNING - No viable dags retrieved from /opt/airflow/dags/churn_pipeline_dag.py
[2025-08-23T19:06:18.927+0000] {processor.py:179} INFO - Processing /opt/airflow/dags/churn_pipeline_dag.py took 0.223 seconds
[2025-08-23T19:06:49.020+0000] {processor.py:157} INFO - Started process (PID=221) to work on /opt/airflow/dags/churn_pipeline_dag.py
[2025-08-23T19:06:49.022+0000] {processor.py:829} INFO - Processing file /opt/airflow/dags/churn_pipeline_dag.py for tasks to queue
[2025-08-23T19:06:49.023+0000] {logging_mixin.py:154} INFO - [2025-08-23T19:06:49.023+0000] {dagbag.py:536} INFO - Filling up the DagBag from /opt/airflow/dags/churn_pipeline_dag.py
[2025-08-23T19:06:49.297+0000] {logging_mixin.py:154} INFO - ⚠️ Could not fetch date folder for /Users/kirtisinha/DataManagementMachineLearning/DataIngestion/data_raw/github: [Errno 2] No such file or directory: '/Users/kirtisinha/DataManagementMachineLearning/DataIngestion/data_raw/github'
[2025-08-23T19:06:49.297+0000] {logging_mixin.py:154} INFO - ⚠️ Could not fetch date folder for /Users/kirtisinha/DataManagementMachineLearning/DataIngestion/data_raw/kaggle: [Errno 2] No such file or directory: '/Users/kirtisinha/DataManagementMachineLearning/DataIngestion/data_raw/kaggle'
[2025-08-23T19:06:49.298+0000] {logging_mixin.py:154} INFO - [2025-08-23T19:06:49.297+0000] {dagbag.py:346} ERROR - Failed to import: /opt/airflow/dags/churn_pipeline_dag.py
Traceback (most recent call last):
  File "/home/airflow/.local/lib/python3.8/site-packages/airflow/models/dagbag.py", line 342, in parse
    loader.exec_module(new_module)
  File "<frozen importlib._bootstrap_external>", line 843, in exec_module
  File "<frozen importlib._bootstrap>", line 219, in _call_with_frames_removed
  File "/opt/airflow/dags/churn_pipeline_dag.py", line 10, in <module>
    from DataValidation.validation import validate_data_and_generate_report
  File "/opt/airflow/project/DataValidation/validation.py", line 96, in <module>
    validate_data_and_generate_report(sources, validation_report)
  File "/opt/airflow/project/DataValidation/validation.py", line 72, in validate_data_and_generate_report
    with pd.ExcelWriter(report_file, engine="openpyxl") as writer:
  File "/home/airflow/.local/lib/python3.8/site-packages/pandas/io/excel/_openpyxl.py", line 56, in __init__
    from openpyxl.workbook import Workbook
ModuleNotFoundError: No module named 'openpyxl'
[2025-08-23T19:06:49.298+0000] {processor.py:841} WARNING - No viable dags retrieved from /opt/airflow/dags/churn_pipeline_dag.py
[2025-08-23T19:06:49.307+0000] {processor.py:179} INFO - Processing /opt/airflow/dags/churn_pipeline_dag.py took 0.292 seconds
[2025-08-23T19:07:19.489+0000] {processor.py:157} INFO - Started process (PID=227) to work on /opt/airflow/dags/churn_pipeline_dag.py
[2025-08-23T19:07:19.491+0000] {processor.py:829} INFO - Processing file /opt/airflow/dags/churn_pipeline_dag.py for tasks to queue
[2025-08-23T19:07:19.491+0000] {logging_mixin.py:154} INFO - [2025-08-23T19:07:19.491+0000] {dagbag.py:536} INFO - Filling up the DagBag from /opt/airflow/dags/churn_pipeline_dag.py
[2025-08-23T19:07:19.784+0000] {logging_mixin.py:154} INFO - ⚠️ Could not fetch date folder for /Users/kirtisinha/DataManagementMachineLearning/DataIngestion/data_raw/github: [Errno 2] No such file or directory: '/Users/kirtisinha/DataManagementMachineLearning/DataIngestion/data_raw/github'
[2025-08-23T19:07:19.784+0000] {logging_mixin.py:154} INFO - ⚠️ Could not fetch date folder for /Users/kirtisinha/DataManagementMachineLearning/DataIngestion/data_raw/kaggle: [Errno 2] No such file or directory: '/Users/kirtisinha/DataManagementMachineLearning/DataIngestion/data_raw/kaggle'
[2025-08-23T19:07:19.785+0000] {logging_mixin.py:154} INFO - [2025-08-23T19:07:19.784+0000] {dagbag.py:346} ERROR - Failed to import: /opt/airflow/dags/churn_pipeline_dag.py
Traceback (most recent call last):
  File "/home/airflow/.local/lib/python3.8/site-packages/airflow/models/dagbag.py", line 342, in parse
    loader.exec_module(new_module)
  File "<frozen importlib._bootstrap_external>", line 843, in exec_module
  File "<frozen importlib._bootstrap>", line 219, in _call_with_frames_removed
  File "/opt/airflow/dags/churn_pipeline_dag.py", line 10, in <module>
    from DataValidation.validation import validate_data_and_generate_report
  File "/opt/airflow/project/DataValidation/validation.py", line 96, in <module>
    validate_data_and_generate_report(sources, validation_report)
  File "/opt/airflow/project/DataValidation/validation.py", line 72, in validate_data_and_generate_report
    with pd.ExcelWriter(report_file, engine="openpyxl") as writer:
  File "/home/airflow/.local/lib/python3.8/site-packages/pandas/io/excel/_openpyxl.py", line 56, in __init__
    from openpyxl.workbook import Workbook
ModuleNotFoundError: No module named 'openpyxl'
[2025-08-23T19:07:19.786+0000] {processor.py:841} WARNING - No viable dags retrieved from /opt/airflow/dags/churn_pipeline_dag.py
[2025-08-23T19:07:19.795+0000] {processor.py:179} INFO - Processing /opt/airflow/dags/churn_pipeline_dag.py took 0.310 seconds
[2025-08-23T19:07:49.854+0000] {processor.py:157} INFO - Started process (PID=233) to work on /opt/airflow/dags/churn_pipeline_dag.py
[2025-08-23T19:07:49.855+0000] {processor.py:829} INFO - Processing file /opt/airflow/dags/churn_pipeline_dag.py for tasks to queue
[2025-08-23T19:07:49.855+0000] {logging_mixin.py:154} INFO - [2025-08-23T19:07:49.855+0000] {dagbag.py:536} INFO - Filling up the DagBag from /opt/airflow/dags/churn_pipeline_dag.py
[2025-08-23T19:07:50.069+0000] {logging_mixin.py:154} INFO - ⚠️ Could not fetch date folder for /Users/kirtisinha/DataManagementMachineLearning/DataIngestion/data_raw/github: [Errno 2] No such file or directory: '/Users/kirtisinha/DataManagementMachineLearning/DataIngestion/data_raw/github'
[2025-08-23T19:07:50.069+0000] {logging_mixin.py:154} INFO - ⚠️ Could not fetch date folder for /Users/kirtisinha/DataManagementMachineLearning/DataIngestion/data_raw/kaggle: [Errno 2] No such file or directory: '/Users/kirtisinha/DataManagementMachineLearning/DataIngestion/data_raw/kaggle'
[2025-08-23T19:07:50.070+0000] {logging_mixin.py:154} INFO - [2025-08-23T19:07:50.069+0000] {dagbag.py:346} ERROR - Failed to import: /opt/airflow/dags/churn_pipeline_dag.py
Traceback (most recent call last):
  File "/home/airflow/.local/lib/python3.8/site-packages/airflow/models/dagbag.py", line 342, in parse
    loader.exec_module(new_module)
  File "<frozen importlib._bootstrap_external>", line 843, in exec_module
  File "<frozen importlib._bootstrap>", line 219, in _call_with_frames_removed
  File "/opt/airflow/dags/churn_pipeline_dag.py", line 10, in <module>
    from DataValidation.validation import validate_data_and_generate_report
  File "/opt/airflow/project/DataValidation/validation.py", line 96, in <module>
    validate_data_and_generate_report(sources, validation_report)
  File "/opt/airflow/project/DataValidation/validation.py", line 72, in validate_data_and_generate_report
    with pd.ExcelWriter(report_file, engine="openpyxl") as writer:
  File "/home/airflow/.local/lib/python3.8/site-packages/pandas/io/excel/_openpyxl.py", line 56, in __init__
    from openpyxl.workbook import Workbook
ModuleNotFoundError: No module named 'openpyxl'
[2025-08-23T19:07:50.070+0000] {processor.py:841} WARNING - No viable dags retrieved from /opt/airflow/dags/churn_pipeline_dag.py
[2025-08-23T19:07:50.077+0000] {processor.py:179} INFO - Processing /opt/airflow/dags/churn_pipeline_dag.py took 0.225 seconds
[2025-08-23T19:08:20.393+0000] {processor.py:157} INFO - Started process (PID=239) to work on /opt/airflow/dags/churn_pipeline_dag.py
[2025-08-23T19:08:20.394+0000] {processor.py:829} INFO - Processing file /opt/airflow/dags/churn_pipeline_dag.py for tasks to queue
[2025-08-23T19:08:20.395+0000] {logging_mixin.py:154} INFO - [2025-08-23T19:08:20.395+0000] {dagbag.py:536} INFO - Filling up the DagBag from /opt/airflow/dags/churn_pipeline_dag.py
[2025-08-23T19:08:20.757+0000] {logging_mixin.py:154} INFO - ⚠️ Could not fetch date folder for /Users/kirtisinha/DataManagementMachineLearning/DataIngestion/data_raw/github: [Errno 2] No such file or directory: '/Users/kirtisinha/DataManagementMachineLearning/DataIngestion/data_raw/github'
[2025-08-23T19:08:20.758+0000] {logging_mixin.py:154} INFO - ⚠️ Could not fetch date folder for /Users/kirtisinha/DataManagementMachineLearning/DataIngestion/data_raw/kaggle: [Errno 2] No such file or directory: '/Users/kirtisinha/DataManagementMachineLearning/DataIngestion/data_raw/kaggle'
[2025-08-23T19:08:20.760+0000] {logging_mixin.py:154} INFO - [2025-08-23T19:08:20.758+0000] {dagbag.py:346} ERROR - Failed to import: /opt/airflow/dags/churn_pipeline_dag.py
Traceback (most recent call last):
  File "/home/airflow/.local/lib/python3.8/site-packages/airflow/models/dagbag.py", line 342, in parse
    loader.exec_module(new_module)
  File "<frozen importlib._bootstrap_external>", line 843, in exec_module
  File "<frozen importlib._bootstrap>", line 219, in _call_with_frames_removed
  File "/opt/airflow/dags/churn_pipeline_dag.py", line 10, in <module>
    from DataValidation.validation import validate_data_and_generate_report
  File "/opt/airflow/project/DataValidation/validation.py", line 96, in <module>
    validate_data_and_generate_report(sources, validation_report)
  File "/opt/airflow/project/DataValidation/validation.py", line 72, in validate_data_and_generate_report
    with pd.ExcelWriter(report_file, engine="openpyxl") as writer:
  File "/home/airflow/.local/lib/python3.8/site-packages/pandas/io/excel/_openpyxl.py", line 56, in __init__
    from openpyxl.workbook import Workbook
ModuleNotFoundError: No module named 'openpyxl'
[2025-08-23T19:08:20.760+0000] {processor.py:841} WARNING - No viable dags retrieved from /opt/airflow/dags/churn_pipeline_dag.py
[2025-08-23T19:08:20.768+0000] {processor.py:179} INFO - Processing /opt/airflow/dags/churn_pipeline_dag.py took 0.379 seconds
[2025-08-23T19:08:51.037+0000] {processor.py:157} INFO - Started process (PID=245) to work on /opt/airflow/dags/churn_pipeline_dag.py
[2025-08-23T19:08:51.041+0000] {processor.py:829} INFO - Processing file /opt/airflow/dags/churn_pipeline_dag.py for tasks to queue
[2025-08-23T19:08:51.042+0000] {logging_mixin.py:154} INFO - [2025-08-23T19:08:51.041+0000] {dagbag.py:536} INFO - Filling up the DagBag from /opt/airflow/dags/churn_pipeline_dag.py
[2025-08-23T19:08:51.248+0000] {logging_mixin.py:154} INFO - ⚠️ Could not fetch date folder for /Users/kirtisinha/DataManagementMachineLearning/DataIngestion/data_raw/github: [Errno 2] No such file or directory: '/Users/kirtisinha/DataManagementMachineLearning/DataIngestion/data_raw/github'
[2025-08-23T19:08:51.248+0000] {logging_mixin.py:154} INFO - ⚠️ Could not fetch date folder for /Users/kirtisinha/DataManagementMachineLearning/DataIngestion/data_raw/kaggle: [Errno 2] No such file or directory: '/Users/kirtisinha/DataManagementMachineLearning/DataIngestion/data_raw/kaggle'
[2025-08-23T19:08:51.249+0000] {logging_mixin.py:154} INFO - [2025-08-23T19:08:51.248+0000] {dagbag.py:346} ERROR - Failed to import: /opt/airflow/dags/churn_pipeline_dag.py
Traceback (most recent call last):
  File "/home/airflow/.local/lib/python3.8/site-packages/airflow/models/dagbag.py", line 342, in parse
    loader.exec_module(new_module)
  File "<frozen importlib._bootstrap_external>", line 843, in exec_module
  File "<frozen importlib._bootstrap>", line 219, in _call_with_frames_removed
  File "/opt/airflow/dags/churn_pipeline_dag.py", line 10, in <module>
    from DataValidation.validation import validate_data_and_generate_report
  File "/opt/airflow/project/DataValidation/validation.py", line 96, in <module>
    validate_data_and_generate_report(sources, validation_report)
  File "/opt/airflow/project/DataValidation/validation.py", line 72, in validate_data_and_generate_report
    with pd.ExcelWriter(report_file, engine="openpyxl") as writer:
  File "/home/airflow/.local/lib/python3.8/site-packages/pandas/io/excel/_openpyxl.py", line 56, in __init__
    from openpyxl.workbook import Workbook
ModuleNotFoundError: No module named 'openpyxl'
[2025-08-23T19:08:51.249+0000] {processor.py:841} WARNING - No viable dags retrieved from /opt/airflow/dags/churn_pipeline_dag.py
[2025-08-23T19:08:51.256+0000] {processor.py:179} INFO - Processing /opt/airflow/dags/churn_pipeline_dag.py took 0.223 seconds
[2025-08-23T19:09:21.303+0000] {processor.py:157} INFO - Started process (PID=251) to work on /opt/airflow/dags/churn_pipeline_dag.py
[2025-08-23T19:09:21.304+0000] {processor.py:829} INFO - Processing file /opt/airflow/dags/churn_pipeline_dag.py for tasks to queue
[2025-08-23T19:09:21.304+0000] {logging_mixin.py:154} INFO - [2025-08-23T19:09:21.304+0000] {dagbag.py:536} INFO - Filling up the DagBag from /opt/airflow/dags/churn_pipeline_dag.py
[2025-08-23T19:09:21.594+0000] {logging_mixin.py:154} INFO - ⚠️ Could not fetch date folder for /Users/kirtisinha/DataManagementMachineLearning/DataIngestion/data_raw/github: [Errno 2] No such file or directory: '/Users/kirtisinha/DataManagementMachineLearning/DataIngestion/data_raw/github'
[2025-08-23T19:09:21.594+0000] {logging_mixin.py:154} INFO - ⚠️ Could not fetch date folder for /Users/kirtisinha/DataManagementMachineLearning/DataIngestion/data_raw/kaggle: [Errno 2] No such file or directory: '/Users/kirtisinha/DataManagementMachineLearning/DataIngestion/data_raw/kaggle'
[2025-08-23T19:09:21.595+0000] {logging_mixin.py:154} INFO - [2025-08-23T19:09:21.594+0000] {dagbag.py:346} ERROR - Failed to import: /opt/airflow/dags/churn_pipeline_dag.py
Traceback (most recent call last):
  File "/home/airflow/.local/lib/python3.8/site-packages/airflow/models/dagbag.py", line 342, in parse
    loader.exec_module(new_module)
  File "<frozen importlib._bootstrap_external>", line 843, in exec_module
  File "<frozen importlib._bootstrap>", line 219, in _call_with_frames_removed
  File "/opt/airflow/dags/churn_pipeline_dag.py", line 10, in <module>
    from DataValidation.validation import validate_data_and_generate_report
  File "/opt/airflow/project/DataValidation/validation.py", line 96, in <module>
    validate_data_and_generate_report(sources, validation_report)
  File "/opt/airflow/project/DataValidation/validation.py", line 72, in validate_data_and_generate_report
    with pd.ExcelWriter(report_file, engine="openpyxl") as writer:
  File "/home/airflow/.local/lib/python3.8/site-packages/pandas/io/excel/_openpyxl.py", line 56, in __init__
    from openpyxl.workbook import Workbook
ModuleNotFoundError: No module named 'openpyxl'
[2025-08-23T19:09:21.596+0000] {processor.py:841} WARNING - No viable dags retrieved from /opt/airflow/dags/churn_pipeline_dag.py
[2025-08-23T19:09:21.604+0000] {processor.py:179} INFO - Processing /opt/airflow/dags/churn_pipeline_dag.py took 0.305 seconds
[2025-08-23T19:09:51.806+0000] {processor.py:157} INFO - Started process (PID=257) to work on /opt/airflow/dags/churn_pipeline_dag.py
[2025-08-23T19:09:51.807+0000] {processor.py:829} INFO - Processing file /opt/airflow/dags/churn_pipeline_dag.py for tasks to queue
[2025-08-23T19:09:51.807+0000] {logging_mixin.py:154} INFO - [2025-08-23T19:09:51.807+0000] {dagbag.py:536} INFO - Filling up the DagBag from /opt/airflow/dags/churn_pipeline_dag.py
[2025-08-23T19:09:51.995+0000] {logging_mixin.py:154} INFO - ⚠️ Could not fetch date folder for /Users/kirtisinha/DataManagementMachineLearning/DataIngestion/data_raw/github: [Errno 2] No such file or directory: '/Users/kirtisinha/DataManagementMachineLearning/DataIngestion/data_raw/github'
[2025-08-23T19:09:51.995+0000] {logging_mixin.py:154} INFO - ⚠️ Could not fetch date folder for /Users/kirtisinha/DataManagementMachineLearning/DataIngestion/data_raw/kaggle: [Errno 2] No such file or directory: '/Users/kirtisinha/DataManagementMachineLearning/DataIngestion/data_raw/kaggle'
[2025-08-23T19:09:51.996+0000] {logging_mixin.py:154} INFO - [2025-08-23T19:09:51.995+0000] {dagbag.py:346} ERROR - Failed to import: /opt/airflow/dags/churn_pipeline_dag.py
Traceback (most recent call last):
  File "/home/airflow/.local/lib/python3.8/site-packages/airflow/models/dagbag.py", line 342, in parse
    loader.exec_module(new_module)
  File "<frozen importlib._bootstrap_external>", line 843, in exec_module
  File "<frozen importlib._bootstrap>", line 219, in _call_with_frames_removed
  File "/opt/airflow/dags/churn_pipeline_dag.py", line 10, in <module>
    from DataValidation.validation import validate_data_and_generate_report
  File "/opt/airflow/project/DataValidation/validation.py", line 96, in <module>
    validate_data_and_generate_report(sources, validation_report)
  File "/opt/airflow/project/DataValidation/validation.py", line 72, in validate_data_and_generate_report
    with pd.ExcelWriter(report_file, engine="openpyxl") as writer:
  File "/home/airflow/.local/lib/python3.8/site-packages/pandas/io/excel/_openpyxl.py", line 56, in __init__
    from openpyxl.workbook import Workbook
ModuleNotFoundError: No module named 'openpyxl'
[2025-08-23T19:09:51.996+0000] {processor.py:841} WARNING - No viable dags retrieved from /opt/airflow/dags/churn_pipeline_dag.py
[2025-08-23T19:09:52.002+0000] {processor.py:179} INFO - Processing /opt/airflow/dags/churn_pipeline_dag.py took 0.200 seconds
[2025-08-23T19:10:22.163+0000] {processor.py:157} INFO - Started process (PID=263) to work on /opt/airflow/dags/churn_pipeline_dag.py
[2025-08-23T19:10:22.164+0000] {processor.py:829} INFO - Processing file /opt/airflow/dags/churn_pipeline_dag.py for tasks to queue
[2025-08-23T19:10:22.164+0000] {logging_mixin.py:154} INFO - [2025-08-23T19:10:22.164+0000] {dagbag.py:536} INFO - Filling up the DagBag from /opt/airflow/dags/churn_pipeline_dag.py
[2025-08-23T19:10:22.486+0000] {logging_mixin.py:154} INFO - ⚠️ Could not fetch date folder for /Users/kirtisinha/DataManagementMachineLearning/DataIngestion/data_raw/github: [Errno 2] No such file or directory: '/Users/kirtisinha/DataManagementMachineLearning/DataIngestion/data_raw/github'
[2025-08-23T19:10:22.486+0000] {logging_mixin.py:154} INFO - ⚠️ Could not fetch date folder for /Users/kirtisinha/DataManagementMachineLearning/DataIngestion/data_raw/kaggle: [Errno 2] No such file or directory: '/Users/kirtisinha/DataManagementMachineLearning/DataIngestion/data_raw/kaggle'
[2025-08-23T19:10:22.487+0000] {logging_mixin.py:154} INFO - [2025-08-23T19:10:22.486+0000] {dagbag.py:346} ERROR - Failed to import: /opt/airflow/dags/churn_pipeline_dag.py
Traceback (most recent call last):
  File "/home/airflow/.local/lib/python3.8/site-packages/airflow/models/dagbag.py", line 342, in parse
    loader.exec_module(new_module)
  File "<frozen importlib._bootstrap_external>", line 843, in exec_module
  File "<frozen importlib._bootstrap>", line 219, in _call_with_frames_removed
  File "/opt/airflow/dags/churn_pipeline_dag.py", line 10, in <module>
    from DataValidation.validation import validate_data_and_generate_report
  File "/opt/airflow/project/DataValidation/validation.py", line 96, in <module>
    validate_data_and_generate_report(sources, validation_report)
  File "/opt/airflow/project/DataValidation/validation.py", line 72, in validate_data_and_generate_report
    with pd.ExcelWriter(report_file, engine="openpyxl") as writer:
  File "/home/airflow/.local/lib/python3.8/site-packages/pandas/io/excel/_openpyxl.py", line 56, in __init__
    from openpyxl.workbook import Workbook
ModuleNotFoundError: No module named 'openpyxl'
[2025-08-23T19:10:22.487+0000] {processor.py:841} WARNING - No viable dags retrieved from /opt/airflow/dags/churn_pipeline_dag.py
[2025-08-23T19:10:22.495+0000] {processor.py:179} INFO - Processing /opt/airflow/dags/churn_pipeline_dag.py took 0.336 seconds
[2025-08-23T19:10:52.787+0000] {processor.py:157} INFO - Started process (PID=269) to work on /opt/airflow/dags/churn_pipeline_dag.py
[2025-08-23T19:10:52.787+0000] {processor.py:829} INFO - Processing file /opt/airflow/dags/churn_pipeline_dag.py for tasks to queue
[2025-08-23T19:10:52.788+0000] {logging_mixin.py:154} INFO - [2025-08-23T19:10:52.788+0000] {dagbag.py:536} INFO - Filling up the DagBag from /opt/airflow/dags/churn_pipeline_dag.py
[2025-08-23T19:10:52.993+0000] {logging_mixin.py:154} INFO - ⚠️ Could not fetch date folder for /Users/kirtisinha/DataManagementMachineLearning/DataIngestion/data_raw/github: [Errno 2] No such file or directory: '/Users/kirtisinha/DataManagementMachineLearning/DataIngestion/data_raw/github'
[2025-08-23T19:10:52.993+0000] {logging_mixin.py:154} INFO - ⚠️ Could not fetch date folder for /Users/kirtisinha/DataManagementMachineLearning/DataIngestion/data_raw/kaggle: [Errno 2] No such file or directory: '/Users/kirtisinha/DataManagementMachineLearning/DataIngestion/data_raw/kaggle'
[2025-08-23T19:10:52.994+0000] {logging_mixin.py:154} INFO - [2025-08-23T19:10:52.993+0000] {dagbag.py:346} ERROR - Failed to import: /opt/airflow/dags/churn_pipeline_dag.py
Traceback (most recent call last):
  File "/home/airflow/.local/lib/python3.8/site-packages/airflow/models/dagbag.py", line 342, in parse
    loader.exec_module(new_module)
  File "<frozen importlib._bootstrap_external>", line 843, in exec_module
  File "<frozen importlib._bootstrap>", line 219, in _call_with_frames_removed
  File "/opt/airflow/dags/churn_pipeline_dag.py", line 10, in <module>
    from DataValidation.validation import validate_data_and_generate_report
  File "/opt/airflow/project/DataValidation/validation.py", line 96, in <module>
    validate_data_and_generate_report(sources, validation_report)
  File "/opt/airflow/project/DataValidation/validation.py", line 72, in validate_data_and_generate_report
    with pd.ExcelWriter(report_file, engine="openpyxl") as writer:
  File "/home/airflow/.local/lib/python3.8/site-packages/pandas/io/excel/_openpyxl.py", line 56, in __init__
    from openpyxl.workbook import Workbook
ModuleNotFoundError: No module named 'openpyxl'
[2025-08-23T19:10:52.994+0000] {processor.py:841} WARNING - No viable dags retrieved from /opt/airflow/dags/churn_pipeline_dag.py
[2025-08-23T19:10:53.000+0000] {processor.py:179} INFO - Processing /opt/airflow/dags/churn_pipeline_dag.py took 0.216 seconds
[2025-08-23T19:11:23.041+0000] {processor.py:157} INFO - Started process (PID=275) to work on /opt/airflow/dags/churn_pipeline_dag.py
[2025-08-23T19:11:23.042+0000] {processor.py:829} INFO - Processing file /opt/airflow/dags/churn_pipeline_dag.py for tasks to queue
[2025-08-23T19:11:23.043+0000] {logging_mixin.py:154} INFO - [2025-08-23T19:11:23.043+0000] {dagbag.py:536} INFO - Filling up the DagBag from /opt/airflow/dags/churn_pipeline_dag.py
[2025-08-23T19:11:23.248+0000] {logging_mixin.py:154} INFO - ⚠️ Could not fetch date folder for /Users/kirtisinha/DataManagementMachineLearning/DataIngestion/data_raw/github: [Errno 2] No such file or directory: '/Users/kirtisinha/DataManagementMachineLearning/DataIngestion/data_raw/github'
[2025-08-23T19:11:23.248+0000] {logging_mixin.py:154} INFO - ⚠️ Could not fetch date folder for /Users/kirtisinha/DataManagementMachineLearning/DataIngestion/data_raw/kaggle: [Errno 2] No such file or directory: '/Users/kirtisinha/DataManagementMachineLearning/DataIngestion/data_raw/kaggle'
[2025-08-23T19:11:23.249+0000] {logging_mixin.py:154} INFO - [2025-08-23T19:11:23.248+0000] {dagbag.py:346} ERROR - Failed to import: /opt/airflow/dags/churn_pipeline_dag.py
Traceback (most recent call last):
  File "/home/airflow/.local/lib/python3.8/site-packages/airflow/models/dagbag.py", line 342, in parse
    loader.exec_module(new_module)
  File "<frozen importlib._bootstrap_external>", line 843, in exec_module
  File "<frozen importlib._bootstrap>", line 219, in _call_with_frames_removed
  File "/opt/airflow/dags/churn_pipeline_dag.py", line 10, in <module>
    from DataValidation.validation import validate_data_and_generate_report
  File "/opt/airflow/project/DataValidation/validation.py", line 96, in <module>
    validate_data_and_generate_report(sources, validation_report)
  File "/opt/airflow/project/DataValidation/validation.py", line 72, in validate_data_and_generate_report
    with pd.ExcelWriter(report_file, engine="openpyxl") as writer:
  File "/home/airflow/.local/lib/python3.8/site-packages/pandas/io/excel/_openpyxl.py", line 56, in __init__
    from openpyxl.workbook import Workbook
ModuleNotFoundError: No module named 'openpyxl'
[2025-08-23T19:11:23.249+0000] {processor.py:841} WARNING - No viable dags retrieved from /opt/airflow/dags/churn_pipeline_dag.py
[2025-08-23T19:11:23.255+0000] {processor.py:179} INFO - Processing /opt/airflow/dags/churn_pipeline_dag.py took 0.217 seconds
[2025-08-23T19:11:53.450+0000] {processor.py:157} INFO - Started process (PID=281) to work on /opt/airflow/dags/churn_pipeline_dag.py
[2025-08-23T19:11:53.450+0000] {processor.py:829} INFO - Processing file /opt/airflow/dags/churn_pipeline_dag.py for tasks to queue
[2025-08-23T19:11:53.451+0000] {logging_mixin.py:154} INFO - [2025-08-23T19:11:53.450+0000] {dagbag.py:536} INFO - Filling up the DagBag from /opt/airflow/dags/churn_pipeline_dag.py
[2025-08-23T19:11:53.673+0000] {logging_mixin.py:154} INFO - ⚠️ Could not fetch date folder for /Users/kirtisinha/DataManagementMachineLearning/DataIngestion/data_raw/github: [Errno 2] No such file or directory: '/Users/kirtisinha/DataManagementMachineLearning/DataIngestion/data_raw/github'
[2025-08-23T19:11:53.673+0000] {logging_mixin.py:154} INFO - ⚠️ Could not fetch date folder for /Users/kirtisinha/DataManagementMachineLearning/DataIngestion/data_raw/kaggle: [Errno 2] No such file or directory: '/Users/kirtisinha/DataManagementMachineLearning/DataIngestion/data_raw/kaggle'
[2025-08-23T19:11:53.675+0000] {logging_mixin.py:154} INFO - [2025-08-23T19:11:53.673+0000] {dagbag.py:346} ERROR - Failed to import: /opt/airflow/dags/churn_pipeline_dag.py
Traceback (most recent call last):
  File "/home/airflow/.local/lib/python3.8/site-packages/airflow/models/dagbag.py", line 342, in parse
    loader.exec_module(new_module)
  File "<frozen importlib._bootstrap_external>", line 843, in exec_module
  File "<frozen importlib._bootstrap>", line 219, in _call_with_frames_removed
  File "/opt/airflow/dags/churn_pipeline_dag.py", line 10, in <module>
    from DataValidation.validation import validate_data_and_generate_report
  File "/opt/airflow/project/DataValidation/validation.py", line 96, in <module>
    validate_data_and_generate_report(sources, validation_report)
  File "/opt/airflow/project/DataValidation/validation.py", line 72, in validate_data_and_generate_report
    with pd.ExcelWriter(report_file, engine="openpyxl") as writer:
  File "/home/airflow/.local/lib/python3.8/site-packages/pandas/io/excel/_openpyxl.py", line 56, in __init__
    from openpyxl.workbook import Workbook
ModuleNotFoundError: No module named 'openpyxl'
[2025-08-23T19:11:53.675+0000] {processor.py:841} WARNING - No viable dags retrieved from /opt/airflow/dags/churn_pipeline_dag.py
[2025-08-23T19:11:53.682+0000] {processor.py:179} INFO - Processing /opt/airflow/dags/churn_pipeline_dag.py took 0.237 seconds
[2025-08-23T19:12:23.905+0000] {processor.py:157} INFO - Started process (PID=287) to work on /opt/airflow/dags/churn_pipeline_dag.py
[2025-08-23T19:12:23.906+0000] {processor.py:829} INFO - Processing file /opt/airflow/dags/churn_pipeline_dag.py for tasks to queue
[2025-08-23T19:12:23.906+0000] {logging_mixin.py:154} INFO - [2025-08-23T19:12:23.906+0000] {dagbag.py:536} INFO - Filling up the DagBag from /opt/airflow/dags/churn_pipeline_dag.py
[2025-08-23T19:12:24.153+0000] {logging_mixin.py:154} INFO - ⚠️ Could not fetch date folder for /Users/kirtisinha/DataManagementMachineLearning/DataIngestion/data_raw/github: [Errno 2] No such file or directory: '/Users/kirtisinha/DataManagementMachineLearning/DataIngestion/data_raw/github'
[2025-08-23T19:12:24.153+0000] {logging_mixin.py:154} INFO - ⚠️ Could not fetch date folder for /Users/kirtisinha/DataManagementMachineLearning/DataIngestion/data_raw/kaggle: [Errno 2] No such file or directory: '/Users/kirtisinha/DataManagementMachineLearning/DataIngestion/data_raw/kaggle'
[2025-08-23T19:12:24.154+0000] {logging_mixin.py:154} INFO - [2025-08-23T19:12:24.153+0000] {dagbag.py:346} ERROR - Failed to import: /opt/airflow/dags/churn_pipeline_dag.py
Traceback (most recent call last):
  File "/home/airflow/.local/lib/python3.8/site-packages/airflow/models/dagbag.py", line 342, in parse
    loader.exec_module(new_module)
  File "<frozen importlib._bootstrap_external>", line 843, in exec_module
  File "<frozen importlib._bootstrap>", line 219, in _call_with_frames_removed
  File "/opt/airflow/dags/churn_pipeline_dag.py", line 10, in <module>
    from DataValidation.validation import validate_data_and_generate_report
  File "/opt/airflow/project/DataValidation/validation.py", line 96, in <module>
    validate_data_and_generate_report(sources, validation_report)
  File "/opt/airflow/project/DataValidation/validation.py", line 72, in validate_data_and_generate_report
    with pd.ExcelWriter(report_file, engine="openpyxl") as writer:
  File "/home/airflow/.local/lib/python3.8/site-packages/pandas/io/excel/_openpyxl.py", line 56, in __init__
    from openpyxl.workbook import Workbook
ModuleNotFoundError: No module named 'openpyxl'
[2025-08-23T19:12:24.154+0000] {processor.py:841} WARNING - No viable dags retrieved from /opt/airflow/dags/churn_pipeline_dag.py
[2025-08-23T19:12:24.160+0000] {processor.py:179} INFO - Processing /opt/airflow/dags/churn_pipeline_dag.py took 0.259 seconds
[2025-08-23T19:12:54.224+0000] {processor.py:157} INFO - Started process (PID=293) to work on /opt/airflow/dags/churn_pipeline_dag.py
[2025-08-23T19:12:54.225+0000] {processor.py:829} INFO - Processing file /opt/airflow/dags/churn_pipeline_dag.py for tasks to queue
[2025-08-23T19:12:54.226+0000] {logging_mixin.py:154} INFO - [2025-08-23T19:12:54.226+0000] {dagbag.py:536} INFO - Filling up the DagBag from /opt/airflow/dags/churn_pipeline_dag.py
[2025-08-23T19:12:54.416+0000] {logging_mixin.py:154} INFO - ⚠️ Could not fetch date folder for /Users/kirtisinha/DataManagementMachineLearning/DataIngestion/data_raw/github: [Errno 2] No such file or directory: '/Users/kirtisinha/DataManagementMachineLearning/DataIngestion/data_raw/github'
[2025-08-23T19:12:54.416+0000] {logging_mixin.py:154} INFO - ⚠️ Could not fetch date folder for /Users/kirtisinha/DataManagementMachineLearning/DataIngestion/data_raw/kaggle: [Errno 2] No such file or directory: '/Users/kirtisinha/DataManagementMachineLearning/DataIngestion/data_raw/kaggle'
[2025-08-23T19:12:54.417+0000] {logging_mixin.py:154} INFO - [2025-08-23T19:12:54.417+0000] {dagbag.py:346} ERROR - Failed to import: /opt/airflow/dags/churn_pipeline_dag.py
Traceback (most recent call last):
  File "/home/airflow/.local/lib/python3.8/site-packages/airflow/models/dagbag.py", line 342, in parse
    loader.exec_module(new_module)
  File "<frozen importlib._bootstrap_external>", line 843, in exec_module
  File "<frozen importlib._bootstrap>", line 219, in _call_with_frames_removed
  File "/opt/airflow/dags/churn_pipeline_dag.py", line 10, in <module>
    from DataValidation.validation import validate_data_and_generate_report
  File "/opt/airflow/project/DataValidation/validation.py", line 96, in <module>
    validate_data_and_generate_report(sources, validation_report)
  File "/opt/airflow/project/DataValidation/validation.py", line 72, in validate_data_and_generate_report
    with pd.ExcelWriter(report_file, engine="openpyxl") as writer:
  File "/home/airflow/.local/lib/python3.8/site-packages/pandas/io/excel/_openpyxl.py", line 56, in __init__
    from openpyxl.workbook import Workbook
ModuleNotFoundError: No module named 'openpyxl'
[2025-08-23T19:12:54.418+0000] {processor.py:841} WARNING - No viable dags retrieved from /opt/airflow/dags/churn_pipeline_dag.py
[2025-08-23T19:12:54.425+0000] {processor.py:179} INFO - Processing /opt/airflow/dags/churn_pipeline_dag.py took 0.206 seconds
[2025-08-23T19:13:24.719+0000] {processor.py:157} INFO - Started process (PID=299) to work on /opt/airflow/dags/churn_pipeline_dag.py
[2025-08-23T19:13:24.719+0000] {processor.py:829} INFO - Processing file /opt/airflow/dags/churn_pipeline_dag.py for tasks to queue
[2025-08-23T19:13:24.720+0000] {logging_mixin.py:154} INFO - [2025-08-23T19:13:24.720+0000] {dagbag.py:536} INFO - Filling up the DagBag from /opt/airflow/dags/churn_pipeline_dag.py
[2025-08-23T19:13:24.957+0000] {logging_mixin.py:154} INFO - ⚠️ Could not fetch date folder for /Users/kirtisinha/DataManagementMachineLearning/DataIngestion/data_raw/github: [Errno 2] No such file or directory: '/Users/kirtisinha/DataManagementMachineLearning/DataIngestion/data_raw/github'
[2025-08-23T19:13:24.958+0000] {logging_mixin.py:154} INFO - ⚠️ Could not fetch date folder for /Users/kirtisinha/DataManagementMachineLearning/DataIngestion/data_raw/kaggle: [Errno 2] No such file or directory: '/Users/kirtisinha/DataManagementMachineLearning/DataIngestion/data_raw/kaggle'
[2025-08-23T19:13:24.959+0000] {logging_mixin.py:154} INFO - [2025-08-23T19:13:24.958+0000] {dagbag.py:346} ERROR - Failed to import: /opt/airflow/dags/churn_pipeline_dag.py
Traceback (most recent call last):
  File "/home/airflow/.local/lib/python3.8/site-packages/airflow/models/dagbag.py", line 342, in parse
    loader.exec_module(new_module)
  File "<frozen importlib._bootstrap_external>", line 843, in exec_module
  File "<frozen importlib._bootstrap>", line 219, in _call_with_frames_removed
  File "/opt/airflow/dags/churn_pipeline_dag.py", line 10, in <module>
    from DataValidation.validation import validate_data_and_generate_report
  File "/opt/airflow/project/DataValidation/validation.py", line 96, in <module>
    validate_data_and_generate_report(sources, validation_report)
  File "/opt/airflow/project/DataValidation/validation.py", line 72, in validate_data_and_generate_report
    with pd.ExcelWriter(report_file, engine="openpyxl") as writer:
  File "/home/airflow/.local/lib/python3.8/site-packages/pandas/io/excel/_openpyxl.py", line 56, in __init__
    from openpyxl.workbook import Workbook
ModuleNotFoundError: No module named 'openpyxl'
[2025-08-23T19:13:24.959+0000] {processor.py:841} WARNING - No viable dags retrieved from /opt/airflow/dags/churn_pipeline_dag.py
[2025-08-23T19:13:24.965+0000] {processor.py:179} INFO - Processing /opt/airflow/dags/churn_pipeline_dag.py took 0.250 seconds
[2025-08-23T19:13:55.028+0000] {processor.py:157} INFO - Started process (PID=305) to work on /opt/airflow/dags/churn_pipeline_dag.py
[2025-08-23T19:13:55.029+0000] {processor.py:829} INFO - Processing file /opt/airflow/dags/churn_pipeline_dag.py for tasks to queue
[2025-08-23T19:13:55.030+0000] {logging_mixin.py:154} INFO - [2025-08-23T19:13:55.030+0000] {dagbag.py:536} INFO - Filling up the DagBag from /opt/airflow/dags/churn_pipeline_dag.py
[2025-08-23T19:13:55.252+0000] {logging_mixin.py:154} INFO - ⚠️ Could not fetch date folder for /Users/kirtisinha/DataManagementMachineLearning/DataIngestion/data_raw/github: [Errno 2] No such file or directory: '/Users/kirtisinha/DataManagementMachineLearning/DataIngestion/data_raw/github'
[2025-08-23T19:13:55.252+0000] {logging_mixin.py:154} INFO - ⚠️ Could not fetch date folder for /Users/kirtisinha/DataManagementMachineLearning/DataIngestion/data_raw/kaggle: [Errno 2] No such file or directory: '/Users/kirtisinha/DataManagementMachineLearning/DataIngestion/data_raw/kaggle'
[2025-08-23T19:13:55.253+0000] {logging_mixin.py:154} INFO - [2025-08-23T19:13:55.252+0000] {dagbag.py:346} ERROR - Failed to import: /opt/airflow/dags/churn_pipeline_dag.py
Traceback (most recent call last):
  File "/home/airflow/.local/lib/python3.8/site-packages/airflow/models/dagbag.py", line 342, in parse
    loader.exec_module(new_module)
  File "<frozen importlib._bootstrap_external>", line 843, in exec_module
  File "<frozen importlib._bootstrap>", line 219, in _call_with_frames_removed
  File "/opt/airflow/dags/churn_pipeline_dag.py", line 10, in <module>
    from DataValidation.validation import validate_data_and_generate_report
  File "/opt/airflow/project/DataValidation/validation.py", line 96, in <module>
    validate_data_and_generate_report(sources, validation_report)
  File "/opt/airflow/project/DataValidation/validation.py", line 72, in validate_data_and_generate_report
    with pd.ExcelWriter(report_file, engine="openpyxl") as writer:
  File "/home/airflow/.local/lib/python3.8/site-packages/pandas/io/excel/_openpyxl.py", line 56, in __init__
    from openpyxl.workbook import Workbook
ModuleNotFoundError: No module named 'openpyxl'
[2025-08-23T19:13:55.253+0000] {processor.py:841} WARNING - No viable dags retrieved from /opt/airflow/dags/churn_pipeline_dag.py
[2025-08-23T19:13:55.259+0000] {processor.py:179} INFO - Processing /opt/airflow/dags/churn_pipeline_dag.py took 0.236 seconds
[2025-08-23T19:14:25.535+0000] {processor.py:157} INFO - Started process (PID=311) to work on /opt/airflow/dags/churn_pipeline_dag.py
[2025-08-23T19:14:25.536+0000] {processor.py:829} INFO - Processing file /opt/airflow/dags/churn_pipeline_dag.py for tasks to queue
[2025-08-23T19:14:25.537+0000] {logging_mixin.py:154} INFO - [2025-08-23T19:14:25.537+0000] {dagbag.py:536} INFO - Filling up the DagBag from /opt/airflow/dags/churn_pipeline_dag.py
[2025-08-23T19:14:25.901+0000] {logging_mixin.py:154} INFO - ⚠️ Could not fetch date folder for /Users/kirtisinha/DataManagementMachineLearning/DataIngestion/data_raw/github: [Errno 2] No such file or directory: '/Users/kirtisinha/DataManagementMachineLearning/DataIngestion/data_raw/github'
[2025-08-23T19:14:25.902+0000] {logging_mixin.py:154} INFO - ⚠️ Could not fetch date folder for /Users/kirtisinha/DataManagementMachineLearning/DataIngestion/data_raw/kaggle: [Errno 2] No such file or directory: '/Users/kirtisinha/DataManagementMachineLearning/DataIngestion/data_raw/kaggle'
[2025-08-23T19:14:25.903+0000] {logging_mixin.py:154} INFO - [2025-08-23T19:14:25.902+0000] {dagbag.py:346} ERROR - Failed to import: /opt/airflow/dags/churn_pipeline_dag.py
Traceback (most recent call last):
  File "/home/airflow/.local/lib/python3.8/site-packages/airflow/models/dagbag.py", line 342, in parse
    loader.exec_module(new_module)
  File "<frozen importlib._bootstrap_external>", line 843, in exec_module
  File "<frozen importlib._bootstrap>", line 219, in _call_with_frames_removed
  File "/opt/airflow/dags/churn_pipeline_dag.py", line 10, in <module>
    from DataValidation.validation import validate_data_and_generate_report
  File "/opt/airflow/project/DataValidation/validation.py", line 103, in <module>
    validate_data_and_generate_report(sources, validation_report)
  File "/opt/airflow/project/DataValidation/validation.py", line 72, in validate_data_and_generate_report
    with pd.ExcelWriter(report_file, engine="openpyxl") as writer:
  File "/home/airflow/.local/lib/python3.8/site-packages/pandas/io/excel/_openpyxl.py", line 56, in __init__
    from openpyxl.workbook import Workbook
ModuleNotFoundError: No module named 'openpyxl'
[2025-08-23T19:14:25.903+0000] {processor.py:841} WARNING - No viable dags retrieved from /opt/airflow/dags/churn_pipeline_dag.py
[2025-08-23T19:14:25.911+0000] {processor.py:179} INFO - Processing /opt/airflow/dags/churn_pipeline_dag.py took 0.380 seconds
[2025-08-23T19:14:56.164+0000] {processor.py:157} INFO - Started process (PID=317) to work on /opt/airflow/dags/churn_pipeline_dag.py
[2025-08-23T19:14:56.165+0000] {processor.py:829} INFO - Processing file /opt/airflow/dags/churn_pipeline_dag.py for tasks to queue
[2025-08-23T19:14:56.165+0000] {logging_mixin.py:154} INFO - [2025-08-23T19:14:56.165+0000] {dagbag.py:536} INFO - Filling up the DagBag from /opt/airflow/dags/churn_pipeline_dag.py
[2025-08-23T19:14:56.373+0000] {logging_mixin.py:154} INFO - ⚠️ Could not fetch date folder for /Users/kirtisinha/DataManagementMachineLearning/DataIngestion/data_raw/github: [Errno 2] No such file or directory: '/Users/kirtisinha/DataManagementMachineLearning/DataIngestion/data_raw/github'
[2025-08-23T19:14:56.373+0000] {logging_mixin.py:154} INFO - ⚠️ Could not fetch date folder for /Users/kirtisinha/DataManagementMachineLearning/DataIngestion/data_raw/kaggle: [Errno 2] No such file or directory: '/Users/kirtisinha/DataManagementMachineLearning/DataIngestion/data_raw/kaggle'
[2025-08-23T19:14:56.374+0000] {logging_mixin.py:154} INFO - [2025-08-23T19:14:56.373+0000] {dagbag.py:346} ERROR - Failed to import: /opt/airflow/dags/churn_pipeline_dag.py
Traceback (most recent call last):
  File "/home/airflow/.local/lib/python3.8/site-packages/airflow/models/dagbag.py", line 342, in parse
    loader.exec_module(new_module)
  File "<frozen importlib._bootstrap_external>", line 843, in exec_module
  File "<frozen importlib._bootstrap>", line 219, in _call_with_frames_removed
  File "/opt/airflow/dags/churn_pipeline_dag.py", line 10, in <module>
    from DataValidation.validation import validate_data_and_generate_report
  File "/opt/airflow/project/DataValidation/validation.py", line 103, in <module>
    validate_data_and_generate_report(sources, validation_report)
  File "/opt/airflow/project/DataValidation/validation.py", line 72, in validate_data_and_generate_report
    with pd.ExcelWriter(report_file, engine="openpyxl") as writer:
  File "/home/airflow/.local/lib/python3.8/site-packages/pandas/io/excel/_openpyxl.py", line 56, in __init__
    from openpyxl.workbook import Workbook
ModuleNotFoundError: No module named 'openpyxl'
[2025-08-23T19:14:56.374+0000] {processor.py:841} WARNING - No viable dags retrieved from /opt/airflow/dags/churn_pipeline_dag.py
[2025-08-23T19:14:56.382+0000] {processor.py:179} INFO - Processing /opt/airflow/dags/churn_pipeline_dag.py took 0.219 seconds
[2025-08-23T19:15:26.433+0000] {processor.py:157} INFO - Started process (PID=323) to work on /opt/airflow/dags/churn_pipeline_dag.py
[2025-08-23T19:15:26.434+0000] {processor.py:829} INFO - Processing file /opt/airflow/dags/churn_pipeline_dag.py for tasks to queue
[2025-08-23T19:15:26.435+0000] {logging_mixin.py:154} INFO - [2025-08-23T19:15:26.435+0000] {dagbag.py:536} INFO - Filling up the DagBag from /opt/airflow/dags/churn_pipeline_dag.py
[2025-08-23T19:15:26.679+0000] {logging_mixin.py:154} INFO - ⚠️ Could not fetch date folder for /Users/kirtisinha/DataManagementMachineLearning/DataIngestion/data_raw/github: [Errno 2] No such file or directory: '/Users/kirtisinha/DataManagementMachineLearning/DataIngestion/data_raw/github'
[2025-08-23T19:15:26.679+0000] {logging_mixin.py:154} INFO - ⚠️ Could not fetch date folder for /Users/kirtisinha/DataManagementMachineLearning/DataIngestion/data_raw/kaggle: [Errno 2] No such file or directory: '/Users/kirtisinha/DataManagementMachineLearning/DataIngestion/data_raw/kaggle'
[2025-08-23T19:15:26.680+0000] {logging_mixin.py:154} INFO - [2025-08-23T19:15:26.679+0000] {dagbag.py:346} ERROR - Failed to import: /opt/airflow/dags/churn_pipeline_dag.py
Traceback (most recent call last):
  File "/home/airflow/.local/lib/python3.8/site-packages/airflow/models/dagbag.py", line 342, in parse
    loader.exec_module(new_module)
  File "<frozen importlib._bootstrap_external>", line 843, in exec_module
  File "<frozen importlib._bootstrap>", line 219, in _call_with_frames_removed
  File "/opt/airflow/dags/churn_pipeline_dag.py", line 10, in <module>
    from DataValidation.validation import validate_data_and_generate_report
  File "/opt/airflow/project/DataValidation/validation.py", line 103, in <module>
    validate_data_and_generate_report(sources, validation_report)
  File "/opt/airflow/project/DataValidation/validation.py", line 72, in validate_data_and_generate_report
    with pd.ExcelWriter(report_file, engine="openpyxl") as writer:
  File "/home/airflow/.local/lib/python3.8/site-packages/pandas/io/excel/_openpyxl.py", line 56, in __init__
    from openpyxl.workbook import Workbook
ModuleNotFoundError: No module named 'openpyxl'
[2025-08-23T19:15:26.680+0000] {processor.py:841} WARNING - No viable dags retrieved from /opt/airflow/dags/churn_pipeline_dag.py
[2025-08-23T19:15:26.685+0000] {processor.py:179} INFO - Processing /opt/airflow/dags/churn_pipeline_dag.py took 0.261 seconds
[2025-08-23T19:15:56.900+0000] {processor.py:157} INFO - Started process (PID=329) to work on /opt/airflow/dags/churn_pipeline_dag.py
[2025-08-23T19:15:56.900+0000] {processor.py:829} INFO - Processing file /opt/airflow/dags/churn_pipeline_dag.py for tasks to queue
[2025-08-23T19:15:56.901+0000] {logging_mixin.py:154} INFO - [2025-08-23T19:15:56.901+0000] {dagbag.py:536} INFO - Filling up the DagBag from /opt/airflow/dags/churn_pipeline_dag.py
[2025-08-23T19:15:57.123+0000] {logging_mixin.py:154} INFO - ⚠️ Could not fetch date folder for /Users/kirtisinha/DataManagementMachineLearning/DataIngestion/data_raw/github: [Errno 2] No such file or directory: '/Users/kirtisinha/DataManagementMachineLearning/DataIngestion/data_raw/github'
[2025-08-23T19:15:57.123+0000] {logging_mixin.py:154} INFO - ⚠️ Could not fetch date folder for /Users/kirtisinha/DataManagementMachineLearning/DataIngestion/data_raw/kaggle: [Errno 2] No such file or directory: '/Users/kirtisinha/DataManagementMachineLearning/DataIngestion/data_raw/kaggle'
[2025-08-23T19:15:57.124+0000] {logging_mixin.py:154} INFO - [2025-08-23T19:15:57.123+0000] {dagbag.py:346} ERROR - Failed to import: /opt/airflow/dags/churn_pipeline_dag.py
Traceback (most recent call last):
  File "/home/airflow/.local/lib/python3.8/site-packages/airflow/models/dagbag.py", line 342, in parse
    loader.exec_module(new_module)
  File "<frozen importlib._bootstrap_external>", line 843, in exec_module
  File "<frozen importlib._bootstrap>", line 219, in _call_with_frames_removed
  File "/opt/airflow/dags/churn_pipeline_dag.py", line 10, in <module>
    from DataValidation.validation import validate_data_and_generate_report
  File "/opt/airflow/project/DataValidation/validation.py", line 103, in <module>
    validate_data_and_generate_report(sources, validation_report)
  File "/opt/airflow/project/DataValidation/validation.py", line 72, in validate_data_and_generate_report
    with pd.ExcelWriter(report_file, engine="openpyxl") as writer:
  File "/home/airflow/.local/lib/python3.8/site-packages/pandas/io/excel/_openpyxl.py", line 56, in __init__
    from openpyxl.workbook import Workbook
ModuleNotFoundError: No module named 'openpyxl'
[2025-08-23T19:15:57.124+0000] {processor.py:841} WARNING - No viable dags retrieved from /opt/airflow/dags/churn_pipeline_dag.py
[2025-08-23T19:15:57.132+0000] {processor.py:179} INFO - Processing /opt/airflow/dags/churn_pipeline_dag.py took 0.234 seconds
[2025-08-23T19:16:27.235+0000] {processor.py:157} INFO - Started process (PID=335) to work on /opt/airflow/dags/churn_pipeline_dag.py
[2025-08-23T19:16:27.236+0000] {processor.py:829} INFO - Processing file /opt/airflow/dags/churn_pipeline_dag.py for tasks to queue
[2025-08-23T19:16:27.237+0000] {logging_mixin.py:154} INFO - [2025-08-23T19:16:27.237+0000] {dagbag.py:536} INFO - Filling up the DagBag from /opt/airflow/dags/churn_pipeline_dag.py
[2025-08-23T19:16:27.543+0000] {logging_mixin.py:154} INFO - ⚠️ Could not fetch date folder for /Users/kirtisinha/DataManagementMachineLearning/DataIngestion/data_raw/github: [Errno 2] No such file or directory: '/Users/kirtisinha/DataManagementMachineLearning/DataIngestion/data_raw/github'
[2025-08-23T19:16:27.543+0000] {logging_mixin.py:154} INFO - ⚠️ Could not fetch date folder for /Users/kirtisinha/DataManagementMachineLearning/DataIngestion/data_raw/kaggle: [Errno 2] No such file or directory: '/Users/kirtisinha/DataManagementMachineLearning/DataIngestion/data_raw/kaggle'
[2025-08-23T19:16:27.544+0000] {logging_mixin.py:154} INFO - [2025-08-23T19:16:27.543+0000] {dagbag.py:346} ERROR - Failed to import: /opt/airflow/dags/churn_pipeline_dag.py
Traceback (most recent call last):
  File "/home/airflow/.local/lib/python3.8/site-packages/airflow/models/dagbag.py", line 342, in parse
    loader.exec_module(new_module)
  File "<frozen importlib._bootstrap_external>", line 843, in exec_module
  File "<frozen importlib._bootstrap>", line 219, in _call_with_frames_removed
  File "/opt/airflow/dags/churn_pipeline_dag.py", line 10, in <module>
    from DataValidation.validation import validate_data_and_generate_report
  File "/opt/airflow/project/DataValidation/validation.py", line 103, in <module>
    validate_data_and_generate_report(sources, validation_report)
  File "/opt/airflow/project/DataValidation/validation.py", line 72, in validate_data_and_generate_report
    with pd.ExcelWriter(report_file, engine="openpyxl") as writer:
  File "/home/airflow/.local/lib/python3.8/site-packages/pandas/io/excel/_openpyxl.py", line 56, in __init__
    from openpyxl.workbook import Workbook
ModuleNotFoundError: No module named 'openpyxl'
[2025-08-23T19:16:27.544+0000] {processor.py:841} WARNING - No viable dags retrieved from /opt/airflow/dags/churn_pipeline_dag.py
[2025-08-23T19:16:27.551+0000] {processor.py:179} INFO - Processing /opt/airflow/dags/churn_pipeline_dag.py took 0.320 seconds
[2025-08-23T19:16:57.588+0000] {processor.py:157} INFO - Started process (PID=341) to work on /opt/airflow/dags/churn_pipeline_dag.py
[2025-08-23T19:16:57.588+0000] {processor.py:829} INFO - Processing file /opt/airflow/dags/churn_pipeline_dag.py for tasks to queue
[2025-08-23T19:16:57.589+0000] {logging_mixin.py:154} INFO - [2025-08-23T19:16:57.589+0000] {dagbag.py:536} INFO - Filling up the DagBag from /opt/airflow/dags/churn_pipeline_dag.py
[2025-08-23T19:16:57.842+0000] {logging_mixin.py:154} INFO - [2025-08-23T19:16:57.841+0000] {dagbag.py:346} ERROR - Failed to import: /opt/airflow/dags/churn_pipeline_dag.py
Traceback (most recent call last):
  File "/home/airflow/.local/lib/python3.8/site-packages/airflow/models/dagbag.py", line 342, in parse
    loader.exec_module(new_module)
  File "<frozen importlib._bootstrap_external>", line 843, in exec_module
  File "<frozen importlib._bootstrap>", line 219, in _call_with_frames_removed
  File "/opt/airflow/dags/churn_pipeline_dag.py", line 10, in <module>
    from DataValidation.validation import validate_data_and_generate_report
  File "/opt/airflow/project/DataValidation/validation.py", line 7, in <module>
    data_raw_dir = os.getpwd() + "/DataIngestion/data_raw"
AttributeError: module 'os' has no attribute 'getpwd'
[2025-08-23T19:16:57.843+0000] {processor.py:841} WARNING - No viable dags retrieved from /opt/airflow/dags/churn_pipeline_dag.py
[2025-08-23T19:16:57.849+0000] {processor.py:179} INFO - Processing /opt/airflow/dags/churn_pipeline_dag.py took 0.264 seconds
[2025-08-23T19:17:28.065+0000] {processor.py:157} INFO - Started process (PID=347) to work on /opt/airflow/dags/churn_pipeline_dag.py
[2025-08-23T19:17:28.066+0000] {processor.py:829} INFO - Processing file /opt/airflow/dags/churn_pipeline_dag.py for tasks to queue
[2025-08-23T19:17:28.067+0000] {logging_mixin.py:154} INFO - [2025-08-23T19:17:28.067+0000] {dagbag.py:536} INFO - Filling up the DagBag from /opt/airflow/dags/churn_pipeline_dag.py
[2025-08-23T19:17:28.308+0000] {logging_mixin.py:154} INFO - ⚠️ Could not fetch date folder for /opt/airflow/DataIngestion/data_raw/github: [Errno 2] No such file or directory: '/opt/airflow/DataIngestion/data_raw/github'
[2025-08-23T19:17:28.308+0000] {logging_mixin.py:154} INFO - ⚠️ Could not fetch date folder for /opt/airflow/DataIngestion/data_raw/kaggle: [Errno 2] No such file or directory: '/opt/airflow/DataIngestion/data_raw/kaggle'
[2025-08-23T19:17:28.309+0000] {logging_mixin.py:154} INFO - [2025-08-23T19:17:28.308+0000] {dagbag.py:346} ERROR - Failed to import: /opt/airflow/dags/churn_pipeline_dag.py
Traceback (most recent call last):
  File "/home/airflow/.local/lib/python3.8/site-packages/airflow/models/dagbag.py", line 342, in parse
    loader.exec_module(new_module)
  File "<frozen importlib._bootstrap_external>", line 843, in exec_module
  File "<frozen importlib._bootstrap>", line 219, in _call_with_frames_removed
  File "/opt/airflow/dags/churn_pipeline_dag.py", line 10, in <module>
    from DataValidation.validation import validate_data_and_generate_report
  File "/opt/airflow/project/DataValidation/validation.py", line 104, in <module>
    validate_data_and_generate_report(sources, validation_report)
  File "/opt/airflow/project/DataValidation/validation.py", line 73, in validate_data_and_generate_report
    with pd.ExcelWriter(report_file, engine="openpyxl") as writer:
  File "/home/airflow/.local/lib/python3.8/site-packages/pandas/io/excel/_openpyxl.py", line 56, in __init__
    from openpyxl.workbook import Workbook
ModuleNotFoundError: No module named 'openpyxl'
[2025-08-23T19:17:28.309+0000] {processor.py:841} WARNING - No viable dags retrieved from /opt/airflow/dags/churn_pipeline_dag.py
[2025-08-23T19:17:28.315+0000] {processor.py:179} INFO - Processing /opt/airflow/dags/churn_pipeline_dag.py took 0.254 seconds
[2025-08-23T19:17:58.348+0000] {processor.py:157} INFO - Started process (PID=353) to work on /opt/airflow/dags/churn_pipeline_dag.py
[2025-08-23T19:17:58.349+0000] {processor.py:829} INFO - Processing file /opt/airflow/dags/churn_pipeline_dag.py for tasks to queue
[2025-08-23T19:17:58.350+0000] {logging_mixin.py:154} INFO - [2025-08-23T19:17:58.350+0000] {dagbag.py:536} INFO - Filling up the DagBag from /opt/airflow/dags/churn_pipeline_dag.py
[2025-08-23T19:17:58.579+0000] {logging_mixin.py:154} INFO - ⚠️ Could not fetch date folder for /opt/airflow/DataIngestion/data_raw/github: [Errno 2] No such file or directory: '/opt/airflow/DataIngestion/data_raw/github'
[2025-08-23T19:17:58.579+0000] {logging_mixin.py:154} INFO - ⚠️ Could not fetch date folder for /opt/airflow/DataIngestion/data_raw/kaggle: [Errno 2] No such file or directory: '/opt/airflow/DataIngestion/data_raw/kaggle'
[2025-08-23T19:17:58.580+0000] {logging_mixin.py:154} INFO - [2025-08-23T19:17:58.579+0000] {dagbag.py:346} ERROR - Failed to import: /opt/airflow/dags/churn_pipeline_dag.py
Traceback (most recent call last):
  File "/home/airflow/.local/lib/python3.8/site-packages/airflow/models/dagbag.py", line 342, in parse
    loader.exec_module(new_module)
  File "<frozen importlib._bootstrap_external>", line 843, in exec_module
  File "<frozen importlib._bootstrap>", line 219, in _call_with_frames_removed
  File "/opt/airflow/dags/churn_pipeline_dag.py", line 10, in <module>
    from DataValidation.validation import validate_data_and_generate_report
  File "/opt/airflow/project/DataValidation/validation.py", line 104, in <module>
    validate_data_and_generate_report(sources, validation_report)
  File "/opt/airflow/project/DataValidation/validation.py", line 73, in validate_data_and_generate_report
    with pd.ExcelWriter(report_file, engine="openpyxl") as writer:
  File "/home/airflow/.local/lib/python3.8/site-packages/pandas/io/excel/_openpyxl.py", line 56, in __init__
    from openpyxl.workbook import Workbook
ModuleNotFoundError: No module named 'openpyxl'
[2025-08-23T19:17:58.580+0000] {processor.py:841} WARNING - No viable dags retrieved from /opt/airflow/dags/churn_pipeline_dag.py
[2025-08-23T19:17:58.587+0000] {processor.py:179} INFO - Processing /opt/airflow/dags/churn_pipeline_dag.py took 0.245 seconds
[2025-08-23T19:18:28.816+0000] {processor.py:157} INFO - Started process (PID=359) to work on /opt/airflow/dags/churn_pipeline_dag.py
[2025-08-23T19:18:28.817+0000] {processor.py:829} INFO - Processing file /opt/airflow/dags/churn_pipeline_dag.py for tasks to queue
[2025-08-23T19:18:28.818+0000] {logging_mixin.py:154} INFO - [2025-08-23T19:18:28.817+0000] {dagbag.py:536} INFO - Filling up the DagBag from /opt/airflow/dags/churn_pipeline_dag.py
[2025-08-23T19:18:29.043+0000] {logging_mixin.py:154} INFO - ⚠️ Could not fetch date folder for /opt/airflow/DataIngestion/data_raw/github: [Errno 2] No such file or directory: '/opt/airflow/DataIngestion/data_raw/github'
[2025-08-23T19:18:29.044+0000] {logging_mixin.py:154} INFO - ⚠️ Could not fetch date folder for /opt/airflow/DataIngestion/data_raw/kaggle: [Errno 2] No such file or directory: '/opt/airflow/DataIngestion/data_raw/kaggle'
[2025-08-23T19:18:29.044+0000] {logging_mixin.py:154} INFO - [2025-08-23T19:18:29.044+0000] {dagbag.py:346} ERROR - Failed to import: /opt/airflow/dags/churn_pipeline_dag.py
Traceback (most recent call last):
  File "/home/airflow/.local/lib/python3.8/site-packages/airflow/models/dagbag.py", line 342, in parse
    loader.exec_module(new_module)
  File "<frozen importlib._bootstrap_external>", line 843, in exec_module
  File "<frozen importlib._bootstrap>", line 219, in _call_with_frames_removed
  File "/opt/airflow/dags/churn_pipeline_dag.py", line 10, in <module>
    from DataValidation.validation import validate_data_and_generate_report
  File "/opt/airflow/project/DataValidation/validation.py", line 104, in <module>
    validate_data_and_generate_report(sources, validation_report)
  File "/opt/airflow/project/DataValidation/validation.py", line 73, in validate_data_and_generate_report
    with pd.ExcelWriter(report_file, engine="openpyxl") as writer:
  File "/home/airflow/.local/lib/python3.8/site-packages/pandas/io/excel/_openpyxl.py", line 56, in __init__
    from openpyxl.workbook import Workbook
ModuleNotFoundError: No module named 'openpyxl'
[2025-08-23T19:18:29.045+0000] {processor.py:841} WARNING - No viable dags retrieved from /opt/airflow/dags/churn_pipeline_dag.py
[2025-08-23T19:18:29.052+0000] {processor.py:179} INFO - Processing /opt/airflow/dags/churn_pipeline_dag.py took 0.240 seconds
[2025-08-23T19:18:59.119+0000] {processor.py:157} INFO - Started process (PID=365) to work on /opt/airflow/dags/churn_pipeline_dag.py
[2025-08-23T19:18:59.120+0000] {processor.py:829} INFO - Processing file /opt/airflow/dags/churn_pipeline_dag.py for tasks to queue
[2025-08-23T19:18:59.121+0000] {logging_mixin.py:154} INFO - [2025-08-23T19:18:59.121+0000] {dagbag.py:536} INFO - Filling up the DagBag from /opt/airflow/dags/churn_pipeline_dag.py
[2025-08-23T19:18:59.336+0000] {logging_mixin.py:154} INFO - ⚠️ Could not fetch date folder for /opt/airflow/DataIngestion/data_raw/github: [Errno 2] No such file or directory: '/opt/airflow/DataIngestion/data_raw/github'
[2025-08-23T19:18:59.336+0000] {logging_mixin.py:154} INFO - ⚠️ Could not fetch date folder for /opt/airflow/DataIngestion/data_raw/kaggle: [Errno 2] No such file or directory: '/opt/airflow/DataIngestion/data_raw/kaggle'
[2025-08-23T19:18:59.337+0000] {logging_mixin.py:154} INFO - [2025-08-23T19:18:59.336+0000] {dagbag.py:346} ERROR - Failed to import: /opt/airflow/dags/churn_pipeline_dag.py
Traceback (most recent call last):
  File "/home/airflow/.local/lib/python3.8/site-packages/airflow/models/dagbag.py", line 342, in parse
    loader.exec_module(new_module)
  File "<frozen importlib._bootstrap_external>", line 843, in exec_module
  File "<frozen importlib._bootstrap>", line 219, in _call_with_frames_removed
  File "/opt/airflow/dags/churn_pipeline_dag.py", line 10, in <module>
    from DataValidation.validation import validate_data_and_generate_report
  File "/opt/airflow/project/DataValidation/validation.py", line 104, in <module>
    validate_data_and_generate_report(sources, validation_report)
  File "/opt/airflow/project/DataValidation/validation.py", line 73, in validate_data_and_generate_report
    with pd.ExcelWriter(report_file, engine="openpyxl") as writer:
  File "/home/airflow/.local/lib/python3.8/site-packages/pandas/io/excel/_openpyxl.py", line 56, in __init__
    from openpyxl.workbook import Workbook
ModuleNotFoundError: No module named 'openpyxl'
[2025-08-23T19:18:59.337+0000] {processor.py:841} WARNING - No viable dags retrieved from /opt/airflow/dags/churn_pipeline_dag.py
[2025-08-23T19:18:59.344+0000] {processor.py:179} INFO - Processing /opt/airflow/dags/churn_pipeline_dag.py took 0.228 seconds
[2025-08-23T19:19:29.577+0000] {processor.py:157} INFO - Started process (PID=371) to work on /opt/airflow/dags/churn_pipeline_dag.py
[2025-08-23T19:19:29.578+0000] {processor.py:829} INFO - Processing file /opt/airflow/dags/churn_pipeline_dag.py for tasks to queue
[2025-08-23T19:19:29.579+0000] {logging_mixin.py:154} INFO - [2025-08-23T19:19:29.579+0000] {dagbag.py:536} INFO - Filling up the DagBag from /opt/airflow/dags/churn_pipeline_dag.py
[2025-08-23T19:19:29.780+0000] {logging_mixin.py:154} INFO - ⚠️ Could not fetch date folder for /opt/airflow/DataIngestion/data_raw/github: [Errno 2] No such file or directory: '/opt/airflow/DataIngestion/data_raw/github'
[2025-08-23T19:19:29.780+0000] {logging_mixin.py:154} INFO - ⚠️ Could not fetch date folder for /opt/airflow/DataIngestion/data_raw/kaggle: [Errno 2] No such file or directory: '/opt/airflow/DataIngestion/data_raw/kaggle'
[2025-08-23T19:19:29.781+0000] {logging_mixin.py:154} INFO - [2025-08-23T19:19:29.780+0000] {dagbag.py:346} ERROR - Failed to import: /opt/airflow/dags/churn_pipeline_dag.py
Traceback (most recent call last):
  File "/home/airflow/.local/lib/python3.8/site-packages/airflow/models/dagbag.py", line 342, in parse
    loader.exec_module(new_module)
  File "<frozen importlib._bootstrap_external>", line 843, in exec_module
  File "<frozen importlib._bootstrap>", line 219, in _call_with_frames_removed
  File "/opt/airflow/dags/churn_pipeline_dag.py", line 10, in <module>
    from DataValidation.validation import validate_data_and_generate_report
  File "/opt/airflow/project/DataValidation/validation.py", line 104, in <module>
    validate_data_and_generate_report(sources, validation_report)
  File "/opt/airflow/project/DataValidation/validation.py", line 73, in validate_data_and_generate_report
    with pd.ExcelWriter(report_file, engine="openpyxl") as writer:
  File "/home/airflow/.local/lib/python3.8/site-packages/pandas/io/excel/_openpyxl.py", line 56, in __init__
    from openpyxl.workbook import Workbook
ModuleNotFoundError: No module named 'openpyxl'
[2025-08-23T19:19:29.781+0000] {processor.py:841} WARNING - No viable dags retrieved from /opt/airflow/dags/churn_pipeline_dag.py
[2025-08-23T19:19:29.788+0000] {processor.py:179} INFO - Processing /opt/airflow/dags/churn_pipeline_dag.py took 0.213 seconds
[2025-08-23T19:19:59.846+0000] {processor.py:157} INFO - Started process (PID=377) to work on /opt/airflow/dags/churn_pipeline_dag.py
[2025-08-23T19:19:59.847+0000] {processor.py:829} INFO - Processing file /opt/airflow/dags/churn_pipeline_dag.py for tasks to queue
[2025-08-23T19:19:59.847+0000] {logging_mixin.py:154} INFO - [2025-08-23T19:19:59.847+0000] {dagbag.py:536} INFO - Filling up the DagBag from /opt/airflow/dags/churn_pipeline_dag.py
[2025-08-23T19:20:00.088+0000] {logging_mixin.py:154} INFO - ⚠️ Could not fetch date folder for /opt/airflow/DataIngestion/data_raw/github: [Errno 2] No such file or directory: '/opt/airflow/DataIngestion/data_raw/github'
[2025-08-23T19:20:00.088+0000] {logging_mixin.py:154} INFO - ⚠️ Could not fetch date folder for /opt/airflow/DataIngestion/data_raw/kaggle: [Errno 2] No such file or directory: '/opt/airflow/DataIngestion/data_raw/kaggle'
[2025-08-23T19:20:00.089+0000] {logging_mixin.py:154} INFO - [2025-08-23T19:20:00.089+0000] {dagbag.py:346} ERROR - Failed to import: /opt/airflow/dags/churn_pipeline_dag.py
Traceback (most recent call last):
  File "/home/airflow/.local/lib/python3.8/site-packages/airflow/models/dagbag.py", line 342, in parse
    loader.exec_module(new_module)
  File "<frozen importlib._bootstrap_external>", line 843, in exec_module
  File "<frozen importlib._bootstrap>", line 219, in _call_with_frames_removed
  File "/opt/airflow/dags/churn_pipeline_dag.py", line 10, in <module>
    from DataValidation.validation import validate_data_and_generate_report
  File "/opt/airflow/project/DataValidation/validation.py", line 104, in <module>
    validate_data_and_generate_report(sources, validation_report)
  File "/opt/airflow/project/DataValidation/validation.py", line 73, in validate_data_and_generate_report
    with pd.ExcelWriter(report_file, engine="openpyxl") as writer:
  File "/home/airflow/.local/lib/python3.8/site-packages/pandas/io/excel/_openpyxl.py", line 56, in __init__
    from openpyxl.workbook import Workbook
ModuleNotFoundError: No module named 'openpyxl'
[2025-08-23T19:20:00.090+0000] {processor.py:841} WARNING - No viable dags retrieved from /opt/airflow/dags/churn_pipeline_dag.py
[2025-08-23T19:20:00.097+0000] {processor.py:179} INFO - Processing /opt/airflow/dags/churn_pipeline_dag.py took 0.253 seconds
[2025-08-23T19:20:26.265+0000] {processor.py:157} INFO - Started process (PID=383) to work on /opt/airflow/dags/churn_pipeline_dag.py
[2025-08-23T19:20:26.266+0000] {processor.py:829} INFO - Processing file /opt/airflow/dags/churn_pipeline_dag.py for tasks to queue
[2025-08-23T19:20:26.267+0000] {logging_mixin.py:154} INFO - [2025-08-23T19:20:26.267+0000] {dagbag.py:536} INFO - Filling up the DagBag from /opt/airflow/dags/churn_pipeline_dag.py
[2025-08-23T19:20:26.532+0000] {logging_mixin.py:154} INFO - ⚠️ Could not fetch date folder for /opt/airflow/DataIngestion/data_raw/github: [Errno 2] No such file or directory: '/opt/airflow/DataIngestion/data_raw/github'
[2025-08-23T19:20:26.532+0000] {logging_mixin.py:154} INFO - ⚠️ Could not fetch date folder for /opt/airflow/DataIngestion/data_raw/kaggle: [Errno 2] No such file or directory: '/opt/airflow/DataIngestion/data_raw/kaggle'
[2025-08-23T19:20:26.533+0000] {logging_mixin.py:154} INFO - [2025-08-23T19:20:26.532+0000] {dagbag.py:346} ERROR - Failed to import: /opt/airflow/dags/churn_pipeline_dag.py
Traceback (most recent call last):
  File "/home/airflow/.local/lib/python3.8/site-packages/airflow/models/dagbag.py", line 342, in parse
    loader.exec_module(new_module)
  File "<frozen importlib._bootstrap_external>", line 843, in exec_module
  File "<frozen importlib._bootstrap>", line 219, in _call_with_frames_removed
  File "/opt/airflow/dags/churn_pipeline_dag.py", line 10, in <module>
    from DataValidation.validation import validate_data_and_generate_report
  File "/opt/airflow/project/DataValidation/validation.py", line 104, in <module>
    validate_data_and_generate_report(sources, validation_report)
  File "/opt/airflow/project/DataValidation/validation.py", line 73, in validate_data_and_generate_report
    with pd.ExcelWriter(report_file, engine="openpyxl") as writer:
  File "/home/airflow/.local/lib/python3.8/site-packages/pandas/io/excel/_openpyxl.py", line 56, in __init__
    from openpyxl.workbook import Workbook
ModuleNotFoundError: No module named 'openpyxl'
[2025-08-23T19:20:26.533+0000] {processor.py:841} WARNING - No viable dags retrieved from /opt/airflow/dags/churn_pipeline_dag.py
[2025-08-23T19:20:26.541+0000] {processor.py:179} INFO - Processing /opt/airflow/dags/churn_pipeline_dag.py took 0.280 seconds
[2025-08-23T19:20:56.739+0000] {processor.py:157} INFO - Started process (PID=389) to work on /opt/airflow/dags/churn_pipeline_dag.py
[2025-08-23T19:20:56.740+0000] {processor.py:829} INFO - Processing file /opt/airflow/dags/churn_pipeline_dag.py for tasks to queue
[2025-08-23T19:20:56.740+0000] {logging_mixin.py:154} INFO - [2025-08-23T19:20:56.740+0000] {dagbag.py:536} INFO - Filling up the DagBag from /opt/airflow/dags/churn_pipeline_dag.py
[2025-08-23T19:20:56.960+0000] {logging_mixin.py:154} INFO - ⚠️ Could not fetch date folder for /opt/airflow/DataIngestion/data_raw/github: [Errno 2] No such file or directory: '/opt/airflow/DataIngestion/data_raw/github'
[2025-08-23T19:20:56.960+0000] {logging_mixin.py:154} INFO - ⚠️ Could not fetch date folder for /opt/airflow/DataIngestion/data_raw/kaggle: [Errno 2] No such file or directory: '/opt/airflow/DataIngestion/data_raw/kaggle'
[2025-08-23T19:20:56.961+0000] {logging_mixin.py:154} INFO - [2025-08-23T19:20:56.960+0000] {dagbag.py:346} ERROR - Failed to import: /opt/airflow/dags/churn_pipeline_dag.py
Traceback (most recent call last):
  File "/home/airflow/.local/lib/python3.8/site-packages/airflow/models/dagbag.py", line 342, in parse
    loader.exec_module(new_module)
  File "<frozen importlib._bootstrap_external>", line 843, in exec_module
  File "<frozen importlib._bootstrap>", line 219, in _call_with_frames_removed
  File "/opt/airflow/dags/churn_pipeline_dag.py", line 10, in <module>
    from DataValidation.validation import validate_data_and_generate_report
  File "/opt/airflow/project/DataValidation/validation.py", line 104, in <module>
    validate_data_and_generate_report(sources, validation_report)
  File "/opt/airflow/project/DataValidation/validation.py", line 73, in validate_data_and_generate_report
    with pd.ExcelWriter(report_file, engine="openpyxl") as writer:
  File "/home/airflow/.local/lib/python3.8/site-packages/pandas/io/excel/_openpyxl.py", line 56, in __init__
    from openpyxl.workbook import Workbook
ModuleNotFoundError: No module named 'openpyxl'
[2025-08-23T19:20:56.961+0000] {processor.py:841} WARNING - No viable dags retrieved from /opt/airflow/dags/churn_pipeline_dag.py
[2025-08-23T19:20:56.967+0000] {processor.py:179} INFO - Processing /opt/airflow/dags/churn_pipeline_dag.py took 0.230 seconds
[2025-08-23T19:22:50.286+0000] {processor.py:157} INFO - Started process (PID=167) to work on /opt/airflow/dags/churn_pipeline_dag.py
[2025-08-23T19:22:50.288+0000] {processor.py:829} INFO - Processing file /opt/airflow/dags/churn_pipeline_dag.py for tasks to queue
[2025-08-23T19:22:50.289+0000] {logging_mixin.py:154} INFO - [2025-08-23T19:22:50.289+0000] {dagbag.py:536} INFO - Filling up the DagBag from /opt/airflow/dags/churn_pipeline_dag.py
[2025-08-23T19:22:50.732+0000] {logging_mixin.py:154} INFO - ⚠️ Could not fetch date folder for /opt/airflow/DataIngestion/data_raw/github: [Errno 2] No such file or directory: '/opt/airflow/DataIngestion/data_raw/github'
[2025-08-23T19:22:50.732+0000] {logging_mixin.py:154} INFO - ⚠️ Could not fetch date folder for /opt/airflow/DataIngestion/data_raw/kaggle: [Errno 2] No such file or directory: '/opt/airflow/DataIngestion/data_raw/kaggle'
[2025-08-23T19:22:50.733+0000] {logging_mixin.py:154} INFO - [2025-08-23T19:22:50.732+0000] {dagbag.py:346} ERROR - Failed to import: /opt/airflow/dags/churn_pipeline_dag.py
Traceback (most recent call last):
  File "/home/airflow/.local/lib/python3.8/site-packages/airflow/models/dagbag.py", line 342, in parse
    loader.exec_module(new_module)
  File "<frozen importlib._bootstrap_external>", line 843, in exec_module
  File "<frozen importlib._bootstrap>", line 219, in _call_with_frames_removed
  File "/opt/airflow/dags/churn_pipeline_dag.py", line 10, in <module>
    from DataValidation.validation import validate_data_and_generate_report
  File "/opt/airflow/project/DataValidation/validation.py", line 104, in <module>
    validate_data_and_generate_report(sources, validation_report)
  File "/opt/airflow/project/DataValidation/validation.py", line 73, in validate_data_and_generate_report
    with pd.ExcelWriter(report_file, engine="openpyxl") as writer:
  File "/home/airflow/.local/lib/python3.8/site-packages/pandas/io/excel/_openpyxl.py", line 56, in __init__
    from openpyxl.workbook import Workbook
ModuleNotFoundError: No module named 'openpyxl'
[2025-08-23T19:22:50.734+0000] {processor.py:841} WARNING - No viable dags retrieved from /opt/airflow/dags/churn_pipeline_dag.py
[2025-08-23T19:22:50.740+0000] {processor.py:179} INFO - Processing /opt/airflow/dags/churn_pipeline_dag.py took 0.456 seconds
[2025-08-23T19:23:20.986+0000] {processor.py:157} INFO - Started process (PID=173) to work on /opt/airflow/dags/churn_pipeline_dag.py
[2025-08-23T19:23:20.987+0000] {processor.py:829} INFO - Processing file /opt/airflow/dags/churn_pipeline_dag.py for tasks to queue
[2025-08-23T19:23:20.988+0000] {logging_mixin.py:154} INFO - [2025-08-23T19:23:20.987+0000] {dagbag.py:536} INFO - Filling up the DagBag from /opt/airflow/dags/churn_pipeline_dag.py
[2025-08-23T19:23:21.206+0000] {logging_mixin.py:154} INFO - ⚠️ Could not fetch date folder for /opt/airflow/DataIngestion/data_raw/github: [Errno 2] No such file or directory: '/opt/airflow/DataIngestion/data_raw/github'
[2025-08-23T19:23:21.207+0000] {logging_mixin.py:154} INFO - ⚠️ Could not fetch date folder for /opt/airflow/DataIngestion/data_raw/kaggle: [Errno 2] No such file or directory: '/opt/airflow/DataIngestion/data_raw/kaggle'
[2025-08-23T19:23:21.208+0000] {logging_mixin.py:154} INFO - [2025-08-23T19:23:21.207+0000] {dagbag.py:346} ERROR - Failed to import: /opt/airflow/dags/churn_pipeline_dag.py
Traceback (most recent call last):
  File "/home/airflow/.local/lib/python3.8/site-packages/airflow/models/dagbag.py", line 342, in parse
    loader.exec_module(new_module)
  File "<frozen importlib._bootstrap_external>", line 843, in exec_module
  File "<frozen importlib._bootstrap>", line 219, in _call_with_frames_removed
  File "/opt/airflow/dags/churn_pipeline_dag.py", line 10, in <module>
    from DataValidation.validation import validate_data_and_generate_report
  File "/opt/airflow/project/DataValidation/validation.py", line 104, in <module>
    validate_data_and_generate_report(sources, validation_report)
  File "/opt/airflow/project/DataValidation/validation.py", line 73, in validate_data_and_generate_report
    with pd.ExcelWriter(report_file, engine="openpyxl") as writer:
  File "/home/airflow/.local/lib/python3.8/site-packages/pandas/io/excel/_openpyxl.py", line 56, in __init__
    from openpyxl.workbook import Workbook
ModuleNotFoundError: No module named 'openpyxl'
[2025-08-23T19:23:21.208+0000] {processor.py:841} WARNING - No viable dags retrieved from /opt/airflow/dags/churn_pipeline_dag.py
[2025-08-23T19:23:21.219+0000] {processor.py:179} INFO - Processing /opt/airflow/dags/churn_pipeline_dag.py took 0.237 seconds
[2025-08-23T19:23:51.259+0000] {processor.py:157} INFO - Started process (PID=179) to work on /opt/airflow/dags/churn_pipeline_dag.py
[2025-08-23T19:23:51.260+0000] {processor.py:829} INFO - Processing file /opt/airflow/dags/churn_pipeline_dag.py for tasks to queue
[2025-08-23T19:23:51.261+0000] {logging_mixin.py:154} INFO - [2025-08-23T19:23:51.260+0000] {dagbag.py:536} INFO - Filling up the DagBag from /opt/airflow/dags/churn_pipeline_dag.py
[2025-08-23T19:23:51.409+0000] {logging_mixin.py:154} INFO - ⚠️ Could not fetch date folder for /opt/airflow/DataIngestion/data_raw/github: [Errno 2] No such file or directory: '/opt/airflow/DataIngestion/data_raw/github'
[2025-08-23T19:23:51.409+0000] {logging_mixin.py:154} INFO - ⚠️ Could not fetch date folder for /opt/airflow/DataIngestion/data_raw/kaggle: [Errno 2] No such file or directory: '/opt/airflow/DataIngestion/data_raw/kaggle'
[2025-08-23T19:23:51.411+0000] {logging_mixin.py:154} INFO - [2025-08-23T19:23:51.409+0000] {dagbag.py:346} ERROR - Failed to import: /opt/airflow/dags/churn_pipeline_dag.py
Traceback (most recent call last):
  File "/home/airflow/.local/lib/python3.8/site-packages/airflow/models/dagbag.py", line 342, in parse
    loader.exec_module(new_module)
  File "<frozen importlib._bootstrap_external>", line 843, in exec_module
  File "<frozen importlib._bootstrap>", line 219, in _call_with_frames_removed
  File "/opt/airflow/dags/churn_pipeline_dag.py", line 10, in <module>
    from DataValidation.validation import validate_data_and_generate_report
  File "/opt/airflow/project/DataValidation/validation.py", line 104, in <module>
    validate_data_and_generate_report(sources, validation_report)
  File "/opt/airflow/project/DataValidation/validation.py", line 73, in validate_data_and_generate_report
    with pd.ExcelWriter(report_file, engine="openpyxl") as writer:
  File "/home/airflow/.local/lib/python3.8/site-packages/pandas/io/excel/_openpyxl.py", line 56, in __init__
    from openpyxl.workbook import Workbook
ModuleNotFoundError: No module named 'openpyxl'
[2025-08-23T19:23:51.412+0000] {processor.py:841} WARNING - No viable dags retrieved from /opt/airflow/dags/churn_pipeline_dag.py
[2025-08-23T19:23:51.422+0000] {processor.py:179} INFO - Processing /opt/airflow/dags/churn_pipeline_dag.py took 0.167 seconds
