customerID,gender,SeniorCitizen,Partner,Dependents,tenure,PhoneService,MultipleLines,InternetService,OnlineSecurity,OnlineBackup,DeviceProtection,TechSupport,StreamingTV,StreamingMovies,Contract,PaperlessBilling,PaymentMethod,MonthlyCharges,TotalCharges,Churn,source
7590-VHVEG,0,-0.43991649313097614,1,0,-1.2774445836787656,0,1,0,0,2,0,0,0,0,0,1,2,-1.1603229160349193,29.85,0,kaggle
5575-GNVDE,1,-0.43991649313097614,0,0,0.06632741908223598,1,0,0,2,0,2,0,0,0,1,0,3,-0.2596289419448806,1889.5,0,kaggle
3668-QPYBK,1,-0.43991649313097614,0,0,-1.2367242199587352,1,0,0,2,2,0,0,0,0,0,1,3,-0.3626603559551803,108.15,1,kaggle
7795-CFOCW,1,-0.43991649313097614,0,0,0.5142514200025698,0,1,0,2,0,2,2,0,0,1,0,0,-0.7465354629935549,1840.75,0,kaggle
9237-HQITU,0,-0.43991649313097614,0,0,-1.2367242199587352,1,0,1,0,0,0,0,0,0,0,1,2,0.19736523310080326,151.65,1,kaggle
9305-CDSKC,0,-0.43991649313097614,0,0,-0.9924020376385531,1,2,1,0,0,2,0,2,2,0,1,2,1.1595456961969886,820.5,1,kaggle
1452-KIOVK,1,-0.43991649313097614,0,1,-0.4223169455581282,1,2,1,0,2,0,0,2,0,0,1,1,0.8089065291619363,1949.4,0,kaggle
6713-OKOMC,0,-0.43991649313097614,0,0,-0.9109613101984924,0,1,0,2,0,0,0,0,0,0,0,3,-1.1636465100352518,301.9,0,kaggle
7892-POOKP,0,-0.43991649313097614,1,0,-0.1779947632379461,1,2,1,0,0,2,2,2,2,0,1,2,1.330710787214099,3046.05,1,kaggle
6388-TABGU,1,-0.43991649313097614,0,1,1.2064976032430856,1,0,0,2,2,0,0,0,0,1,0,0,-0.28621769394753876,3487.95,0,kaggle
9763-GRSKD,1,-0.43991649313097614,1,1,-0.7888002190384014,1,0,0,2,0,0,0,0,0,0,1,3,-0.4922805219681379,587.45,0,kaggle
7469-LKBCI,1,-0.43991649313097614,0,0,-0.6666391278783103,1,0,2,1,1,1,1,1,1,2,0,1,-1.5225946620711341,326.8,0,kaggle
8091-TTVAX,1,-0.43991649313097614,1,0,1.0436161483629645,1,2,1,0,0,2,0,2,2,1,0,1,1.182810854199314,5681.1,0,kaggle
0280-XJGEX,1,-0.43991649313097614,0,0,0.6771328748826912,1,2,1,0,2,2,0,2,2,0,1,0,1.2941512532104444,5036.3,1,kaggle
5129-JLPIS,1,-0.43991649313097614,0,0,-0.30015585439803716,1,0,1,2,0,2,2,2,2,0,1,2,1.3539759452164248,2686.05,0,kaggle
3655-SNQYZ,0,-0.43991649313097614,1,1,1.4915401492832983,1,2,1,2,2,2,2,2,2,2,0,1,1.611554480242174,7895.15,0,kaggle
8191-XWSZG,0,-0.43991649313097614,0,0,0.7992939660427822,1,0,2,1,1,1,1,1,1,1,0,3,-1.4660935640654862,1022.95,0,kaggle
9959-WOFKT,1,-0.43991649313097614,0,1,1.5729808767233588,1,2,1,2,0,2,0,2,2,2,0,0,1.393859073220412,7382.25,0,kaggle
4190-MFLUW,0,-0.43991649313097614,1,1,-0.9109613101984924,1,0,0,0,0,2,2,0,0,0,0,1,-0.31779183695069496,528.35,1,kaggle
4183-MYFRB,0,-0.43991649313097614,0,0,-0.46303730927815856,1,0,1,0,2,2,0,0,2,0,1,2,0.8404806721650927,1862.9,0,kaggle
8779-QRDMV,1,2.273158691738958,0,0,-1.2774445836787656,0,1,0,0,0,2,0,0,2,0,1,2,-0.8346107040023594,39.65,1,kaggle
1680-VDCWW,1,-0.43991649313097614,1,0,-0.8295205827584317,1,0,2,1,1,1,1,1,1,1,0,0,-1.4943441130683104,202.25,0,kaggle
1066-JKSGK,1,-0.43991649313097614,0,0,-1.2774445836787656,1,0,2,1,1,1,1,1,1,0,0,3,-1.4827115340671475,20.15,1,kaggle
3638-WEABW,0,-0.43991649313097614,1,0,1.0436161483629645,1,2,0,0,2,0,2,0,0,2,1,1,-0.1615829189350795,3505.1,0,kaggle
6322-HRPFA,1,-0.43991649313097614,1,1,0.6771328748826912,1,0,0,2,2,0,2,0,0,0,0,1,-0.17155370093607614,2970.3,0,kaggle
6865-JZNKO,0,-0.43991649313097614,0,0,-0.0965540357978854,1,0,0,2,2,0,0,0,0,0,1,0,-0.31446824295036285,1530.6,0,kaggle
6467-CHFZW,1,-0.43991649313097614,1,1,0.5956921474426305,1,2,1,0,2,0,0,2,2,0,1,2,1.1495749141959914,4749.15,1,kaggle
8665-UTDHZ,1,-0.43991649313097614,1,1,-1.2774445836787656,0,1,0,0,2,0,0,0,0,0,0,2,-1.1486903370337564,30.2,1,kaggle
5248-YGIJN,1,-0.43991649313097614,1,0,1.6137012404433893,1,2,0,2,2,2,2,2,2,2,1,1,0.8471278601657574,6369.45,0,kaggle
8773-HHUOZ,0,-0.43991649313097614,0,1,-0.62591876415828,1,0,0,0,0,0,0,2,2,0,1,3,-0.0020504069191315333,1093.1,1,kaggle
3841-NFECX,0,2.273158691738958,1,0,1.5729808767233588,1,2,1,2,2,2,2,0,0,2,1,1,1.0498670941860242,6766.95,0,kaggle
4929-XIHVW,1,2.273158691738958,1,0,-1.2367242199587352,1,0,1,0,0,2,0,2,2,0,1,1,1.0216165451832002,181.65,0,kaggle
6827-IEAUQ,0,-0.43991649313097614,1,1,-0.21871512695797646,1,0,0,2,2,2,2,0,0,1,0,3,0.046141706085686136,1874.45,0,kaggle
7310-EGVHZ,1,-0.43991649313097614,0,0,-1.2774445836787656,1,0,2,1,1,1,1,1,1,0,0,0,-1.481049737066981,20.2,0,kaggle
3413-BMNZE,1,2.273158691738958,0,0,-1.2774445836787656,1,0,0,0,0,0,0,0,0,0,0,0,-0.6484894399837535,45.25,0,kaggle
6234-RAAPL,0,-0.43991649313097614,1,1,1.6137012404433893,1,2,1,2,2,0,2,2,0,2,0,0,1.1678546811978192,7251.7,0,kaggle
6047-YHPVI,1,-0.43991649313097614,0,0,-1.1145631287986442,1,0,1,0,0,0,0,0,0,0,1,2,0.16412929309748078,316.9,1,kaggle
6572-ADKRS,0,-0.43991649313097614,0,0,0.5549717837226001,1,0,1,0,0,2,0,0,0,0,1,1,0.33363258711442517,3548.3,0,kaggle
5380-WJKOV,1,-0.43991649313097614,0,0,0.06632741908223598,1,2,1,0,2,2,0,2,2,0,1,2,1.3822264942192488,3549.25,1,kaggle
8168-UQWWF,0,-0.43991649313097614,0,0,-0.8702409464784621,1,2,1,0,0,2,0,2,2,0,1,0,1.099721004191008,1105.4,1,kaggle
8865-TNMNX,1,-0.43991649313097614,1,1,-0.9109613101984924,1,0,0,0,2,0,0,0,0,1,0,3,-0.5055748979694671,475.7,0,kaggle
9489-DEDVP,0,-0.43991649313097614,1,1,1.5322605130033284,1,2,0,2,2,0,0,2,0,2,1,1,0.14751132309581955,4872.35,0,kaggle
9867-JCZSP,0,-0.43991649313097614,1,1,-0.62591876415828,1,0,2,1,1,1,1,1,1,1,0,3,-1.462769970065154,418.25,0,kaggle
4671-VJLCL,0,-0.43991649313097614,0,0,1.247217966963116,1,2,0,2,2,2,2,2,0,2,1,1,0.5014740841312035,4861.45,0,kaggle
4080-IIARD,0,-0.43991649313097614,1,0,-0.7888002190384014,1,2,0,2,2,0,2,2,0,0,1,2,0.3801629031190768,981.45,0,kaggle
3714-NTNFO,0,-0.43991649313097614,0,0,0.6771328748826912,1,2,1,0,0,0,0,0,2,0,1,2,0.6560212051466532,3906.7,0,kaggle
5948-UJZLF,1,-0.43991649313097614,0,0,-1.2367242199587352,1,0,0,0,2,0,0,0,0,0,0,3,-0.5155456799704636,97.0,0,kaggle
7760-OYPDY,0,-0.43991649313097614,0,0,-1.2367242199587352,1,0,1,0,0,0,0,2,0,0,1,2,0.5280628361338618,144.15,1,kaggle
7639-LIAYI,1,-0.43991649313097614,0,0,0.7992939660427822,1,2,0,2,0,0,2,2,2,2,1,1,0.4981504901308714,4217.8,0,kaggle
2954-PIBKO,0,-0.43991649313097614,1,1,1.4915401492832983,1,2,0,2,0,2,2,0,0,2,1,1,-0.020330173920958795,4254.1,0,kaggle
8012-SOUDQ,0,2.273158691738958,0,0,0.43281069256250915,1,2,1,0,2,0,0,2,0,0,1,2,0.8471278601657574,3838.75,0,kaggle
9420-LOJKX,0,-0.43991649313097614,0,0,-0.7073594915983407,1,0,1,2,2,0,0,2,2,0,1,1,1.141265929195161,1426.4,1,kaggle
6575-SUVOI,0,2.273158691738958,1,0,-0.30015585439803716,1,2,0,2,0,0,2,2,0,0,1,1,0.1574821050968162,1752.65,0,kaggle
7495-OOKFY,0,2.273158691738958,1,0,-0.9924020376385531,1,2,1,0,2,0,0,0,0,0,1,1,0.5280628361338618,633.3,1,kaggle
4667-QONEA,0,2.273158691738958,1,1,1.125056875803025,1,0,0,2,2,2,2,0,2,1,1,1,0.33529438411459117,4456.35,0,kaggle
1658-BYGOY,1,2.273158691738958,0,0,-0.5851984004382496,1,2,1,0,0,0,0,2,2,0,1,2,1.0199547481830342,1752.55,1,kaggle
8769-KKTPH,0,-0.43991649313097614,1,1,1.247217966963116,1,2,1,2,0,0,0,2,2,1,1,1,1.1595456961969886,6311.2,0,kaggle
5067-XJQFU,1,2.273158691738958,1,1,1.369379058123207,1,2,1,0,2,2,2,2,2,1,1,2,1.4520219682262263,7076.35,0,kaggle
3957-SQXML,0,-0.43991649313097614,1,1,0.06632741908223598,1,2,2,1,1,1,1,1,1,2,0,1,-1.3231790220511994,894.3,0,kaggle
5954-BDFSG,0,-0.43991649313097614,0,0,1.6137012404433893,1,2,1,0,0,2,2,2,2,2,1,1,1.42044782522307,7853.7,0,kaggle
0434-CSFON,0,-0.43991649313097614,1,0,0.5956921474426305,1,2,1,0,0,2,0,2,2,0,1,2,1.1877962451998125,4707.1,0,kaggle
1215-FIGMP,1,-0.43991649313097614,0,0,1.125056875803025,1,2,1,0,2,0,0,2,0,0,1,0,0.8354952811645946,5450.7,0,kaggle
0526-SXDJP,1,-0.43991649313097614,1,0,1.6137012404433893,0,1,0,2,2,2,0,0,0,2,0,0,-0.7531826509942192,2962.0,0,kaggle
0557-ASKVU,0,-0.43991649313097614,1,1,-0.5851984004382496,1,0,0,0,0,2,2,0,0,1,1,1,-0.34438058895335305,957.1,0,kaggle
5698-BQJOH,0,-0.43991649313097614,0,0,-0.9516816739185228,1,2,1,0,0,0,0,2,2,0,0,2,0.9850570111795457,857.25,1,kaggle
5122-CYFXA,0,-0.43991649313097614,0,0,-1.1960038562387048,1,0,0,0,2,0,2,2,2,0,1,2,0.3502505571160864,244.1,0,kaggle
8627-ZYGSZ,1,-0.43991649313097614,1,0,0.5956921474426305,1,2,1,0,2,0,0,0,0,1,1,2,0.46989994112804756,3650.35,0,kaggle
3410-YOQBQ,0,-0.43991649313097614,0,0,-0.055833672077855064,1,0,0,0,2,2,2,2,2,2,0,3,0.47987072312904416,2497.2,0,kaggle
3170-NMYVV,0,-0.43991649313097614,1,1,0.7178532386027215,1,0,2,1,1,1,1,1,1,2,0,0,-1.4827115340671475,930.9,0,kaggle
7410-OIEDU,1,-0.43991649313097614,0,0,-0.9109613101984924,1,0,1,2,0,2,0,0,0,0,1,3,0.5014740841312035,887.35,0,kaggle
2273-QCKXA,1,-0.43991649313097614,0,0,-1.2774445836787656,1,0,0,0,0,0,2,0,0,0,0,3,-0.5221928679711283,49.05,0,kaggle
0731-EBJQB,0,-0.43991649313097614,1,1,0.7992939660427822,1,0,2,1,1,1,1,1,1,1,1,2,-1.4744025490663168,1090.65,0,kaggle
1891-QRQSA,1,2.273158691738958,1,1,1.2879383306831464,1,2,1,2,0,2,2,2,2,2,1,0,1.5567151792366918,7099.0,0,kaggle
8028-PNXHQ,1,-0.43991649313097614,1,1,1.2064976032430856,1,2,2,1,1,1,1,1,1,2,1,0,-1.3464441800535252,1424.6,0,kaggle
5630-AHZIL,0,-0.43991649313097614,0,1,-1.1960038562387048,1,0,0,2,0,0,2,0,2,0,1,0,-0.00869759491979612,177.4,0,kaggle
2673-CXQEU,0,2.273158691738958,0,0,0.9621754209229036,1,2,1,2,2,2,0,2,2,1,0,2,1.5201556452330371,6139.5,0,kaggle
6416-JNVRK,0,-0.43991649313097614,0,0,0.5549717837226001,1,0,0,0,0,0,0,0,2,1,0,1,-0.3028356639492,2688.85,0,kaggle
5590-ZSKRV,0,-0.43991649313097614,1,1,-0.9924020376385531,1,0,0,2,2,0,0,0,0,0,0,3,-0.33607160395252245,482.25,0,kaggle
0191-ZHSKZ,1,2.273158691738958,0,0,-0.0965540357978854,1,0,0,2,2,0,0,2,2,0,1,2,0.3319707901142591,2111.3,0,kaggle
3887-PBQAO,0,-0.43991649313097614,1,1,0.5142514200025698,1,2,2,1,1,1,1,1,1,1,1,1,-1.2916048790480432,1216.6,0,kaggle
5919-TMRGD,0,-0.43991649313097614,0,1,-1.2774445836787656,1,0,1,0,0,0,0,2,0,0,1,2,0.48485611412954227,79.35,1,kaggle
8108-UXRQN,0,-0.43991649313097614,1,1,-0.8702409464784621,0,1,0,2,0,0,0,2,2,0,0,2,-0.47233895796614456,565.35,0,kaggle
9191-MYQKX,0,-0.43991649313097614,1,0,-1.0331224013585834,1,0,1,0,0,2,0,0,0,0,1,0,0.34526516611558833,496.9,1,kaggle
9919-YLNNG,0,-0.43991649313097614,0,0,0.3920903288424788,1,0,1,0,2,2,2,2,2,0,1,0,1.2974748472107767,4327.5,0,kaggle
0318-ZOPWS,0,-0.43991649313097614,1,0,0.6771328748826912,1,0,2,1,1,1,1,1,1,2,1,0,-1.4827115340671475,973.35,0,kaggle
4445-ZJNMU,1,-0.43991649313097614,0,0,-0.9516816739185228,1,2,1,0,2,0,0,2,2,0,1,1,1.1479131171958254,918.75,0,kaggle
4808-YNLEU,0,-0.43991649313097614,1,0,0.10704778280226633,1,0,0,2,0,0,0,2,0,1,1,0,-0.08680205392760396,2215.45,0,kaggle
1862-QRWPE,0,-0.43991649313097614,1,1,0.6364125111626608,1,0,2,1,1,1,1,1,1,2,0,0,-1.4660935640654862,1057.0,0,kaggle
2796-NNUFI,0,-0.43991649313097614,1,1,0.5549717837226001,1,0,2,1,1,1,1,1,1,2,1,3,-1.4893587220678117,927.1,0,kaggle
3016-KSVCP,1,-0.43991649313097614,1,0,-0.13727439951791576,0,1,0,0,0,0,0,2,0,0,0,3,-1.0307027500219619,1009.25,0,kaggle
4767-HZZHQ,1,-0.43991649313097614,1,1,-0.0965540357978854,1,0,1,0,2,2,0,0,0,0,0,0,0.574593152138513,2570.2,0,kaggle
2424-WVHPL,1,2.273158691738958,0,0,-1.2774445836787656,1,0,1,0,0,0,2,0,0,0,0,2,0.3303089931140931,74.7,0,kaggle
7233-PAHHL,1,-0.43991649313097614,1,1,1.369379058123207,1,2,0,2,0,2,2,2,2,2,1,3,0.6394032351449919,5714.25,0,kaggle
6067-NGCEU,0,-0.43991649313097614,0,0,1.3286586944031769,1,2,1,2,2,2,0,2,2,0,1,1,1.5384354122348645,7107.0,0,kaggle
9848-JQJTX,1,-0.43991649313097614,0,0,1.6137012404433893,1,2,1,0,2,2,0,2,2,2,1,0,1.2010906212011416,7459.05,0,kaggle
8637-XJIVR,0,-0.43991649313097614,0,0,-0.8295205827584317,1,2,1,2,0,0,0,0,0,0,1,2,0.47156173812821356,927.35,1,kaggle
9803-FTJCG,1,-0.43991649313097614,1,1,1.5729808767233588,1,2,0,2,2,0,2,0,0,1,1,1,0.06940686408801149,4748.7,0,kaggle
0278-YXOOG,1,-0.43991649313097614,0,0,-1.1145631287986442,1,0,2,1,1,1,1,1,1,0,0,3,-1.4527991880641573,113.85,1,kaggle
3212-KXOCR,1,-0.43991649313097614,0,0,0.7992939660427822,1,0,2,1,1,1,1,1,1,2,0,0,-1.4544609850643233,1107.2,0,kaggle
4598-XLKNJ,0,2.273158691738958,1,0,-0.30015585439803716,1,0,1,0,2,2,0,2,2,0,1,2,1.1213243651931677,2514.5,1,kaggle
6380-ARCEH,1,-0.43991649313097614,0,0,-1.2774445836787656,1,0,2,1,1,1,1,1,1,0,0,3,-1.481049737066981,20.2,0,kaggle
3679-XASPY,0,-0.43991649313097614,1,1,-1.2774445836787656,1,0,2,1,1,1,1,1,1,0,0,2,-1.505976692069473,19.45,0,kaggle
7123-WQUHX,1,-0.43991649313097614,0,0,0.22920887396235737,1,2,1,0,0,2,2,2,0,1,0,0,1.0049985751815391,3605.6,0,kaggle
5386-THSLQ,0,2.273158691738958,1,0,1.369379058123207,0,1,0,0,2,2,0,2,0,1,0,0,-0.6385186579827569,3027.25,0,kaggle
3192-NQECA,1,-0.43991649313097614,1,0,1.4508197855632678,1,2,1,0,2,2,2,2,2,2,1,0,1.503537675231376,7611.85,1,kaggle
6180-YBIQI,1,-0.43991649313097614,0,0,-1.1145631287986442,0,1,0,0,0,0,0,0,0,0,0,3,-1.3447823830533592,100.2,0,kaggle
6728-DKUCO,0,-0.43991649313097614,1,1,1.6137012404433893,1,2,1,2,2,0,0,2,2,1,1,2,1.3091074262119398,7303.05,0,kaggle
9750-BOOHV,0,-0.43991649313097614,0,0,-0.015113308357824713,0,1,0,2,0,0,0,0,0,1,0,3,-1.150352134033923,927.65,0,kaggle
8597-CWYHH,1,-0.43991649313097614,0,0,0.43281069256250915,1,2,1,0,0,0,0,2,2,1,0,3,0.9833952141793793,3921.3,0,kaggle
2848-YXSMW,1,-0.43991649313097614,1,1,1.6137012404433893,1,0,2,1,1,1,1,1,1,2,0,1,-1.5076384890696393,1363.25,0,kaggle
0486-HECZI,1,-0.43991649313097614,1,0,0.9214550572028734,1,2,1,2,2,0,0,2,0,0,1,2,1.0631614701873533,5238.9,1,kaggle
4549-ZDQYY,0,-0.43991649313097614,0,0,0.7992939660427822,1,0,0,2,0,2,2,0,0,1,0,1,-0.22639300194155818,3042.25,0,kaggle
5712-AHQNN,0,-0.43991649313097614,0,0,0.43281069256250915,1,0,1,0,2,2,0,2,0,0,1,2,0.893658176170409,3954.1,0,kaggle
4846-WHAFZ,0,2.273158691738958,1,0,0.18848851024232702,1,2,1,0,0,0,0,0,0,0,1,2,0.39013368512007346,2868.15,1,kaggle
5256-SKJGO,0,-0.43991649313097614,1,1,1.2879383306831464,0,1,0,0,2,0,2,2,2,2,1,2,-0.33773340095268845,3423.5,0,kaggle
3071-VBYPO,1,-0.43991649313097614,1,1,-1.1960038562387048,1,0,1,2,2,0,0,2,0,0,0,2,0.8338334841644282,248.4,0,kaggle
9560-BBZXK,0,-0.43991649313097614,0,0,0.14776814652229667,0,1,0,2,0,0,0,0,0,2,0,0,-1.1204397880309327,1126.35,0,kaggle
5299-RULOA,0,-0.43991649313097614,1,1,-0.9109613101984924,1,2,1,2,0,0,0,2,2,0,1,2,1.1794872601989819,1064.65,1,kaggle
8402-OOOHJ,0,-0.43991649313097614,0,0,0.35136996512244845,1,0,2,1,1,1,1,1,1,2,0,3,-1.4660935640654862,835.15,0,kaggle
9445-ZUEQE,1,-0.43991649313097614,1,1,-0.21871512695797646,1,2,1,0,2,0,2,0,0,0,1,1,0.6792863631489789,2151.6,0,kaggle
1091-SOZGA,0,-0.43991649313097614,1,1,0.9621754209229036,1,2,1,0,0,2,0,2,2,1,1,1,1.1645310871974868,5515.45,0,kaggle
2928-HLDBA,0,-0.43991649313097614,0,0,-1.0738427650786138,1,0,2,1,1,1,1,1,1,0,0,3,-1.46443176706532,112.75,0,kaggle
0404-SWRVG,1,-0.43991649313097614,0,0,-1.1960038562387048,1,2,1,0,0,0,0,0,0,0,1,2,0.32033821111309646,229.55,1,kaggle
6497-TILVL,0,-0.43991649313097614,1,1,-1.0331224013585834,1,0,0,2,0,0,0,0,0,0,0,3,-0.467353566965646,350.35,0,kaggle
7219-TLZHO,0,-0.43991649313097614,1,1,-1.1552834925186746,1,0,2,1,1,1,1,1,1,0,0,3,-1.4594463760648215,62.9,0,kaggle
4622-YNKIJ,1,-0.43991649313097614,0,0,0.025607055362205634,1,0,1,2,0,0,2,2,0,2,1,2,0.8039211381614382,3027.65,0,kaggle
4412-YLTKF,0,2.273158691738958,0,0,-0.21871512695797646,1,2,1,0,0,2,0,0,0,0,1,2,0.44164939212522314,2135.5,1,kaggle
6734-PSBAW,1,-0.43991649313097614,1,0,1.6137012404433893,1,2,2,1,1,1,1,1,1,2,1,0,-1.3697093380558512,1723.95,0,kaggle
3930-ZGWVE,1,-0.43991649313097614,0,0,-1.2774445836787656,1,0,2,1,1,1,1,1,1,0,0,3,-1.4960059100684764,19.75,0,kaggle
2639-UGMAZ,1,2.273158691738958,0,0,1.5729808767233588,0,1,0,2,2,0,0,2,2,1,1,2,-0.2762469119465419,3985.35,0,kaggle
2876-GZYZC,0,-0.43991649313097614,0,0,-0.7888002190384014,1,2,1,0,0,0,0,0,2,0,1,2,0.7042133181514708,1215.65,0,kaggle
6207-WIOLX,0,-0.43991649313097614,1,1,-0.30015585439803716,0,1,0,2,2,2,0,2,2,0,1,1,-0.2047896409393986,1502.65,1,kaggle
8587-XYZSF,1,-0.43991649313097614,0,0,1.4100994218432374,1,0,0,0,0,0,2,0,0,2,0,0,-0.47233895796614456,3260.1,0,kaggle
3091-FYHKI,1,-0.43991649313097614,0,0,-1.2774445836787656,0,1,0,0,0,0,0,0,2,0,1,2,-0.9742016520163136,35.45,1,kaggle
2372-HWUHI,1,-0.43991649313097614,0,0,-1.2367242199587352,1,0,0,0,0,0,0,0,0,0,0,2,-0.6784017859867437,81.25,1,kaggle
7799-LGRDP,0,-0.43991649313097614,0,0,0.43281069256250915,1,2,2,1,1,1,1,1,1,2,1,1,-1.2982520670487077,1188.2,0,kaggle
7850-VWJUU,0,-0.43991649313097614,0,0,-0.38159658183809786,1,0,1,2,0,0,0,0,0,0,1,0,0.3402797751150897,1778.5,0,kaggle
3774-VBNXY,0,-0.43991649313097614,1,1,1.2879383306831464,1,0,2,1,1,1,1,1,1,2,0,3,-1.481049737066981,1277.75,0,kaggle
6217-KDYWC,1,-0.43991649313097614,0,1,1.002895784642934,1,0,2,1,1,1,1,1,1,2,1,3,-1.5009913010689746,1170.55,0,kaggle
0390-DCFDQ,0,2.273158691738958,1,0,-1.2774445836787656,1,0,1,0,0,0,0,0,0,0,1,3,0.18905624809997262,70.45,1,kaggle
3146-MSEGF,0,2.273158691738958,1,1,1.6137012404433893,1,2,0,2,2,2,2,2,2,2,1,1,0.7740087921584478,6425.65,0,kaggle
4080-OGPJL,0,-0.43991649313097614,0,0,-0.9924020376385531,1,2,0,2,0,0,2,0,2,0,0,2,0.21232140610229844,563.65,1,kaggle
1095-WGNGG,0,-0.43991649313097614,1,0,1.1657772395230555,1,2,1,0,2,0,0,2,2,2,1,0,1.2060760122016398,5971.25,0,kaggle
2636-SJDOU,1,-0.43991649313097614,0,0,1.2879383306831464,1,2,1,2,2,0,0,0,0,1,1,1,0.6493740171459885,5289.05,0,kaggle
1131-QQZEB,1,2.273158691738958,1,0,1.5729808767233588,1,2,2,1,1,1,1,1,1,2,0,0,-1.3564149620545218,1756.2,0,kaggle
5716-EZXZN,0,-0.43991649313097614,1,1,1.3286586944031769,1,2,1,2,2,0,2,2,0,2,1,1,1.1396041321949948,6416.7,0,kaggle
6837-BJYDQ,1,-0.43991649313097614,0,0,-1.1960038562387048,1,0,2,1,1,1,1,1,1,1,0,3,-1.5009913010689746,61.35,0,kaggle
2135-RXIHG,1,-0.43991649313097614,0,0,-1.2774445836787656,1,0,0,0,0,0,0,0,0,0,1,2,-0.6351950639824246,45.65,1,kaggle
6440-DKQGE,1,-0.43991649313097614,0,1,-0.0965540357978854,1,0,0,0,2,2,0,2,0,1,0,1,-0.00869759491979612,1929.95,0,kaggle
3466-BYAVD,1,-0.43991649313097614,1,1,-0.7073594915983407,1,0,0,0,2,2,2,0,2,0,1,3,0.1574821050968162,1071.4,0,kaggle
3780-YVMFA,0,-0.43991649313097614,1,1,-0.9924020376385531,1,0,0,0,0,0,2,2,2,0,1,2,0.12590796209365976,564.35,0,kaggle
3874-EQOEP,1,-0.43991649313097614,0,0,-1.0331224013585834,1,2,1,0,0,0,0,2,2,0,0,3,1.0049985751815391,655.5,1,kaggle
1679-JRFBR,0,-0.43991649313097614,1,1,1.5322605130033284,1,2,1,2,2,2,0,2,2,1,1,1,1.4420511862252297,7930.55,0,kaggle
9073-ZZIAY,1,-0.43991649313097614,1,1,1.2064976032430856,1,0,0,2,2,2,2,2,2,2,0,2,0.7091987091519689,5215.25,0,kaggle
3077-RSNTJ,0,-0.43991649313097614,1,1,-1.0738427650786138,1,0,2,1,1,1,1,1,1,0,0,3,-1.4976677070686424,113.5,0,kaggle
6551-GNYDG,0,-0.43991649313097614,1,1,-0.748079855318371,1,0,1,0,0,0,0,0,2,0,1,0,0.5363718211346925,1152.8,0,kaggle
9167-APMXZ,0,-0.43991649313097614,0,0,-0.4223169455581282,1,2,1,0,0,0,0,2,0,0,1,0,0.6443886261454905,1821.95,0,kaggle
2749-CTKAJ,1,-0.43991649313097614,1,1,-0.4223169455581282,1,0,2,1,1,1,1,1,1,1,0,3,-1.4827115340671475,419.9,0,kaggle
6371-NZYEG,1,-0.43991649313097614,1,1,-0.6666391278783103,1,0,0,2,0,2,0,2,0,2,0,3,-0.017006579920626735,1024.0,0,kaggle
7554-NEWDD,1,-0.43991649313097614,0,0,-0.9109613101984924,1,2,2,1,1,1,1,1,1,2,0,0,-1.2982520670487077,251.6,0,kaggle
8992-VONJD,0,-0.43991649313097614,0,1,-0.7888002190384014,1,0,0,2,2,0,0,0,0,0,1,2,-0.29120308494803704,764.55,0,kaggle
0867-MKZVY,0,-0.43991649313097614,1,0,-0.5037576729981889,1,2,1,2,0,0,0,0,0,0,0,2,0.5862257311396761,1592.35,1,kaggle
4482-EWFMI,0,-0.43991649313097614,0,0,-1.2367242199587352,1,0,1,0,0,0,0,0,0,0,1,2,0.16412929309748078,135.2,0,kaggle
4648-YPBTM,1,-0.43991649313097614,0,0,0.8400143297628127,1,2,0,0,2,2,2,0,2,2,1,0,0.30372024111143525,3958.25,0,kaggle
2907-ILJBN,0,-0.43991649313097614,1,1,-0.8702409464784621,1,0,2,1,1,1,1,1,1,1,0,3,-1.4677553610656522,233.9,0,kaggle
6345-FZOQH,1,-0.43991649313097614,1,0,1.4915401492832983,1,0,2,1,1,1,1,1,1,2,0,3,-1.491020519067978,1363.45,0,kaggle
3376-BMGFE,0,-0.43991649313097614,0,0,-1.1552834925186746,1,0,1,0,0,0,0,0,0,0,1,0,0.20401242110146783,273.0,1,kaggle
5997-OPVFA,1,-0.43991649313097614,1,0,1.6137012404433893,1,2,0,2,2,2,2,2,2,2,1,0,0.8072447321617703,6254.45,0,kaggle
3445-HXXGF,1,2.273158691738958,1,0,1.0436161483629645,0,1,0,0,2,2,0,0,2,0,1,2,-0.6468276429835875,2651.2,1,kaggle
1159-WFSGR,0,-0.43991649313097614,1,1,-0.6666391278783103,1,0,2,1,1,1,1,1,1,0,0,2,-1.4744025490663168,321.4,0,kaggle
7654-YWJUF,1,-0.43991649313097614,1,0,0.43281069256250915,1,0,1,2,0,2,2,0,0,1,1,0,0.6477122201458225,3539.25,0,kaggle
1875-QIVME,0,-0.43991649313097614,1,0,-1.2367242199587352,1,2,1,0,0,2,2,2,2,0,1,2,1.3174164112127704,242.8,1,kaggle
6727-IOTLZ,1,-0.43991649313097614,1,0,-0.748079855318371,1,0,0,0,2,2,2,2,2,2,0,3,0.5712695581381809,1181.75,0,kaggle
0691-JVSYA,0,-0.43991649313097614,1,0,0.8400143297628127,1,0,1,0,0,2,0,2,2,1,1,0,1.0000131841810405,5000.2,1,kaggle
5918-VUKWP,0,-0.43991649313097614,0,0,-0.015113308357824713,1,0,2,1,1,1,1,1,1,1,0,0,-1.4694171580658184,654.55,0,kaggle
1744-JHKYS,0,-0.43991649313097614,1,0,0.06632741908223598,1,2,2,1,1,1,1,1,1,0,0,2,-1.33148800705203,780.2,0,kaggle
2656-FMOKZ,0,2.273158691738958,0,0,-0.7073594915983407,1,2,1,0,0,0,0,0,0,0,1,3,0.32200000811326246,1145.7,1,kaggle
2070-FNEXE,0,2.273158691738958,0,0,-1.0331224013585834,1,0,1,2,0,0,0,0,0,0,0,0,0.3884718881199074,503.6,1,kaggle
5947-SGKCL,0,-0.43991649313097614,1,1,-0.7073594915983407,1,2,1,0,2,2,0,2,2,0,1,0,1.3489905542159264,1559.25,0,kaggle
3712-PKXZA,1,-0.43991649313097614,1,0,1.1657772395230555,1,0,2,1,1,1,1,1,1,1,1,1,-1.4694171580658184,1252.0,0,kaggle
6317-YPKDH,0,-0.43991649313097614,0,0,-1.2774445836787656,0,1,0,0,2,0,0,0,0,0,0,0,-1.156999322034587,29.95,1,kaggle
6582-OIVSP,0,-0.43991649313097614,0,0,-1.2774445836787656,1,0,0,0,0,0,0,0,0,0,0,3,-0.6468276429835875,45.3,0,kaggle
9367-WXLCH,1,-0.43991649313097614,0,0,-0.9924020376385531,1,2,1,0,0,0,0,0,2,0,0,0,0.6560212051466532,662.65,1,kaggle
5524-KHNJP,1,-0.43991649313097614,1,1,0.025607055362205634,1,0,0,2,0,2,0,2,2,1,0,1,0.3319707901142591,2453.3,0,kaggle
1918-ZBFQJ,0,-0.43991649313097614,0,0,-0.7888002190384014,1,0,1,0,2,2,0,0,0,0,1,2,0.4815325201292102,1111.65,1,kaggle
1024-GUALD,0,-0.43991649313097614,1,0,-1.2774445836787656,0,1,0,0,0,0,0,0,0,0,1,2,-1.328164413051698,24.8,1,kaggle
4827-USJHP,1,-0.43991649313097614,0,0,-0.5037576729981889,1,0,0,0,2,0,0,0,0,0,1,3,-0.4307940329619915,1023.85,0,kaggle
8167-GJLRN,1,-0.43991649313097614,0,0,-1.1960038562387048,0,1,0,0,0,0,2,0,0,0,0,2,-1.1420431490330922,82.15,0,kaggle
0956-SYCWG,0,-0.43991649313097614,0,0,-0.7888002190384014,1,0,2,1,1,1,1,1,1,1,0,2,-1.4993295040688086,244.8,0,kaggle
8017-UVSZU,0,-0.43991649313097614,1,0,0.3106496014024181,1,2,0,0,2,0,0,0,0,0,0,1,-0.27126152094604356,2379.1,0,kaggle
7100-FQPRV,1,-0.43991649313097614,1,1,0.43281069256250915,1,2,0,2,0,0,2,0,2,1,1,1,0.2372483611047903,3173.35,0,kaggle
2472-OVKUP,1,-0.43991649313097614,1,0,-1.0738427650786138,1,0,1,0,2,2,0,0,2,0,1,2,0.8720548151682491,531.0,1,kaggle
2984-RGEYA,0,-0.43991649313097614,1,1,1.4915401492832983,1,0,2,1,1,1,1,1,1,2,0,0,-1.4960059100684764,1375.4,0,kaggle
9680-NIAUV,0,-0.43991649313097614,1,1,1.6137012404433893,1,2,1,2,2,2,0,2,2,2,0,1,1.4935668932303794,8129.3,0,kaggle
2146-EGVDT,1,-0.43991649313097614,1,1,1.0843365120829946,1,0,2,1,1,1,1,1,1,2,0,1,-1.5109620830699715,1192.7,0,kaggle
2604-IJPDU,0,-0.43991649313097614,1,0,-0.5037576729981889,1,0,1,2,2,0,2,2,0,0,1,2,1.0565142821866886,1901.65,0,kaggle
9178-JHUVJ,1,-0.43991649313097614,1,1,-0.3408762181180675,1,2,2,1,1,1,1,1,1,2,1,0,-1.3514295710540236,587.4,0,kaggle
6168-YBYNP,1,-0.43991649313097614,0,0,1.0843365120829946,1,2,1,0,2,2,2,2,2,0,1,2,1.5484061942358611,6519.75,0,kaggle
7255-SSFBC,1,-0.43991649313097614,1,1,1.6137012404433893,1,2,1,0,2,2,2,2,2,2,1,0,1.5783185402388515,8041.65,0,kaggle
3645-DEYGF,1,-0.43991649313097614,0,1,-1.2774445836787656,1,0,2,1,1,1,1,1,1,0,0,3,-1.462769970065154,20.75,0,kaggle
9323-HGFWY,0,-0.43991649313097614,1,0,-0.21871512695797646,1,0,1,2,0,0,2,2,2,1,1,1,1.2343265612044643,2681.15,0,kaggle
8544-GOQSH,0,-0.43991649313097614,0,0,-0.748079855318371,1,0,1,0,2,0,2,0,0,0,1,1,0.5081212721318681,1112.3,0,kaggle
3363-DTIVD,1,-0.43991649313097614,1,1,1.5729808767233588,1,2,1,2,0,2,0,2,2,2,0,2,1.3556377422165908,7405.5,0,kaggle
7018-WBJNK,1,-0.43991649313097614,0,1,-0.7888002190384014,1,0,1,0,0,0,0,2,0,0,1,1,0.4499583771260538,1033.95,0,kaggle
9142-KZXOP,1,-0.43991649313097614,0,0,0.47353105628253944,1,0,1,0,0,0,0,0,0,0,0,1,0.13587874409465642,2958.95,0,kaggle
7674-YTAFD,0,-0.43991649313097614,0,0,0.025607055362205634,1,0,1,0,2,0,2,0,0,1,1,0,0.5047976781315361,2684.85,0,kaggle
6348-SNFUS,1,-0.43991649313097614,1,1,1.6137012404433893,0,1,0,2,2,2,2,0,2,2,1,1,-0.3094828519498643,4179.2,0,kaggle
1285-OKIPP,1,-0.43991649313097614,0,0,-1.2774445836787656,1,0,1,0,0,0,0,0,2,0,0,2,0.50313588113137,79.9,1,kaggle
7825-ECJRF,0,-0.43991649313097614,0,0,-0.5444780367182193,1,0,1,2,0,2,2,2,2,0,1,2,1.3905354792200795,1934.45,1,kaggle
1347-KTTTA,1,-0.43991649313097614,1,0,1.2879383306831464,1,0,1,0,2,2,2,2,2,1,1,1,1.2526063282062914,6654.1,0,kaggle
7841-TZDMQ,1,-0.43991649313097614,0,0,-1.2367242199587352,1,0,0,0,0,0,0,0,0,0,1,1,-0.6235624849812617,84.5,1,kaggle
4195-NZGTA,0,-0.43991649313097614,0,0,-1.2774445836787656,0,1,0,0,0,0,0,0,0,0,0,2,-1.3132082400502028,25.25,0,kaggle
7157-SMCFK,1,-0.43991649313097614,0,1,1.1657772395230555,1,0,2,1,1,1,1,1,1,2,0,3,-1.4960059100684764,1124.2,0,kaggle
4709-LKHYG,0,-0.43991649313097614,1,1,-0.13727439951791576,1,0,2,1,1,1,1,1,1,1,0,2,-1.4876969250676457,540.05,0,kaggle
2504-DSHIH,1,2.273158691738958,1,0,-0.38159658183809786,1,2,1,0,0,0,0,0,2,0,0,2,0.7324638671542947,1975.85,0,kaggle
0699-NDKJM,0,-0.43991649313097614,1,0,1.002895784642934,0,1,0,2,2,2,0,2,2,0,1,0,-0.19980424993890028,3437.45,0,kaggle
9286-BHDQG,1,-0.43991649313097614,1,1,1.6137012404433893,0,1,0,2,2,2,2,0,0,2,0,1,-0.6484894399837535,3139.8,0,kaggle
0230-WEQUW,1,-0.43991649313097614,1,0,1.369379058123207,0,1,0,2,2,2,2,2,0,2,1,0,-0.27126152094604356,3789.2,0,kaggle
2040-LDIWQ,1,-0.43991649313097614,1,1,1.3286586944031769,1,2,0,0,2,2,2,2,2,2,1,0,0.6460504231456565,5324.5,0,kaggle
6496-JDSSB,0,-0.43991649313097614,0,0,-0.9924020376385531,1,0,1,0,0,0,0,2,0,0,1,0,0.5064594751317021,624.6,0,kaggle
9408-SSNVZ,0,-0.43991649313097614,0,0,-1.1552834925186746,1,0,1,0,0,0,0,0,0,0,1,2,0.179085466098976,268.35,1,kaggle
4443-EMBNA,0,-0.43991649313097614,1,0,1.5729808767233588,1,2,2,1,1,1,1,1,1,2,0,0,-1.329826210051864,1836.9,0,kaggle
6469-MRVET,1,-0.43991649313097614,1,1,-1.2774445836787656,1,0,2,1,1,1,1,1,1,1,1,2,-1.481049737066981,20.2,0,kaggle
0742-MOABM,1,-0.43991649313097614,1,0,-1.1552834925186746,1,0,0,0,0,0,2,0,0,0,0,3,-0.4889569279678058,179.35,1,kaggle
5961-VUSRV,0,-0.43991649313097614,0,0,-0.8295205827584317,1,0,2,1,1,1,1,1,1,1,1,0,-1.5093002860698053,219.35,0,kaggle
6778-JFCMK,1,-0.43991649313097614,0,0,-0.3408762181180675,0,1,0,2,0,0,0,2,2,1,1,3,-0.47067716096597834,1288.75,0,kaggle
6341-JVQGF,0,-0.43991649313097614,1,1,-0.055833672077855064,1,0,0,2,0,2,2,2,2,1,1,3,0.544680806135523,2545.75,0,kaggle
2232-DMLXU,0,-0.43991649313097614,1,0,-1.2774445836787656,1,0,0,0,0,0,0,2,0,0,0,3,-0.31779183695069496,55.2,1,kaggle
4811-JBUVU,1,-0.43991649313097614,0,0,-0.0965540357978854,1,2,1,0,0,0,2,0,2,0,1,1,0.8354952811645946,2723.15,0,kaggle
0945-TSONX,0,-0.43991649313097614,1,1,0.5956921474426305,1,2,0,2,2,0,2,2,2,2,1,1,0.682609957149311,4107.25,0,kaggle
2651-ZCBXV,1,-0.43991649313097614,0,0,0.880734693482843,1,2,1,2,2,0,2,2,2,2,1,1,1.437065795224731,5760.65,0,kaggle
3316-UWXUY,1,-0.43991649313097614,0,0,0.7178532386027215,1,0,1,2,2,0,2,0,2,0,1,1,0.9551446651765553,4747.5,0,kaggle
8937-RDTHP,1,-0.43991649313097614,0,0,-1.2774445836787656,1,0,1,2,0,0,0,0,2,0,1,3,0.6593447991469852,84.6,1,kaggle
7083-MIOPC,0,-0.43991649313097614,0,0,1.6137012404433893,1,0,2,1,1,1,1,1,1,2,0,1,-1.479387940066815,1566.9,0,kaggle
1984-GPTEH,0,-0.43991649313097614,0,0,-0.13727439951791576,1,2,2,1,1,1,1,1,1,0,0,2,-1.3165318340505352,702.0,0,kaggle
1251-KRREG,1,-0.43991649313097614,0,0,-1.2367242199587352,1,2,0,0,2,0,0,0,0,0,1,3,-0.34438058895335305,114.1,1,kaggle
0621-JFHOL,0,-0.43991649313097614,0,0,-0.9109613101984924,0,1,0,0,0,0,2,0,0,2,1,3,-1.16863190103575,299.05,0,kaggle
9903-LYSAB,1,-0.43991649313097614,1,0,-0.5851984004382496,1,2,1,0,0,0,0,0,0,0,1,2,0.2787932861089434,1305.95,0,kaggle
0094-OIFMO,0,2.273158691738958,0,0,-0.8702409464784621,1,0,1,0,2,0,0,2,2,0,1,2,1.0049985751815391,1120.3,1,kaggle
9227-UAQFT,1,-0.43991649313097614,0,0,-0.6666391278783103,1,0,2,1,1,1,1,1,1,2,0,3,-1.4960059100684764,284.35,0,kaggle
7301-ABVAD,0,-0.43991649313097614,0,0,1.6137012404433893,1,2,0,0,2,2,2,2,2,2,0,0,0.7258166791536301,6350.5,0,kaggle
6614-FHDBO,1,-0.43991649313097614,0,0,1.6137012404433893,1,2,1,0,2,2,2,2,2,2,0,0,1.476948923228718,7878.3,0,kaggle
7576-ASEJU,0,-0.43991649313097614,1,1,0.35136996512244845,1,0,0,2,0,0,2,2,2,1,1,1,0.3303089931140931,3187.65,0,kaggle
9058-HRZSV,0,2.273158691738958,1,0,1.3286586944031769,1,0,1,2,2,2,0,0,2,0,0,2,0.9850570111795457,6126.15,0,kaggle
4522-AKYLR,0,2.273158691738958,0,0,-0.7888002190384014,1,0,0,0,2,2,0,0,0,0,1,2,-0.3310862129520241,731.3,0,kaggle
0221-WMXNQ,1,2.273158691738958,0,0,-1.1552834925186746,1,0,1,2,0,0,0,0,0,0,0,2,0.35191235411625243,273.4,0,kaggle
0303-UNCIP,1,-0.43991649313097614,0,0,0.35136996512244845,1,2,0,0,0,2,0,0,2,1,0,3,0.00792037508186511,2531.8,0,kaggle
9947-OTFQU,1,2.273158691738958,0,0,-0.7073594915983407,1,0,1,0,2,0,0,0,0,0,1,2,0.32033821111309646,1074.3,1,kaggle
0322-YINQP,1,-0.43991649313097614,0,0,-1.2774445836787656,1,0,0,2,0,0,0,0,0,0,1,3,-0.5388108379727895,48.55,1,kaggle
0959-WHOKV,1,-0.43991649313097614,0,0,0.3920903288424788,1,2,1,2,2,2,0,0,2,1,1,2,1.1379423351948288,4298.45,0,kaggle
4075-JFPGR,0,-0.43991649313097614,1,0,0.758573602322752,1,0,1,2,2,2,0,2,0,1,1,2,0.9551446651765553,4619.55,0,kaggle
4629-NRXKX,0,-0.43991649313097614,1,1,-1.2367242199587352,1,0,1,0,0,0,0,0,0,0,0,2,0.1873944510998066,147.15,1,kaggle
9514-JDSKI,1,2.273158691738958,1,0,-1.2774445836787656,0,1,0,0,2,0,0,2,0,0,0,2,-0.8163309370005319,40.2,1,kaggle
3282-ZISZV,1,-0.43991649313097614,0,1,-0.015113308357824713,1,2,0,0,2,2,2,2,2,1,0,1,0.6294324531439953,2633.3,0,kaggle
3675-YDUPJ,1,-0.43991649313097614,0,0,-0.9109613101984924,1,0,2,1,1,1,1,1,1,0,1,3,-1.4926823160681442,193.05,0,kaggle
4111-BNXIF,0,-0.43991649313097614,1,1,1.4100994218432374,0,1,0,0,2,2,2,2,2,2,1,2,-0.1732154979362424,4103.9,0,kaggle
7017-VFHAY,0,-0.43991649313097614,1,1,1.1657772395230555,1,2,1,2,2,2,2,2,2,2,0,1,1.6730409692483204,7008.15,0,kaggle
6655-LHBYW,1,-0.43991649313097614,0,0,0.7178532386027215,1,2,1,2,2,2,2,2,2,1,0,1,1.6481140142458286,5791.1,0,kaggle
4959-JOSRX,0,-0.43991649313097614,1,0,-1.2367242199587352,1,0,0,0,0,0,0,0,0,0,1,1,-0.6700928009859131,80.55,1,kaggle
5046-NUHWD,0,2.273158691738958,1,0,-0.13727439951791576,0,1,0,2,0,2,0,0,2,0,1,2,-0.6567984249845842,1228.65,0,kaggle
7273-TEFQD,1,2.273158691738958,0,0,-1.1960038562387048,0,1,0,0,0,2,0,0,2,0,1,2,-0.7847567939973756,132.2,1,kaggle
3606-TWKGI,1,2.273158691738958,0,0,-0.7888002190384014,1,2,1,0,2,2,0,2,2,0,1,2,1.4005062612210766,1364.3,1,kaggle
7529-ZDFXI,1,2.273158691738958,1,0,1.002895784642934,1,2,1,0,2,0,0,0,2,0,1,2,0.8338334841644282,4925.35,0,kaggle
7605-BDWDC,0,-0.43991649313097614,0,0,-0.055833672077855064,0,1,0,2,2,0,2,0,2,2,1,0,-0.49560411596847015,1520.1,0,kaggle
1950-KSVVJ,0,-0.43991649313097614,1,0,0.5142514200025698,1,2,1,2,2,2,2,2,2,1,0,3,1.61321627724234,5032.25,0,kaggle
0123-CRBRT,0,-0.43991649313097614,1,1,1.1657772395230555,1,2,0,2,2,2,2,2,2,2,0,3,0.7756705891586139,5526.75,0,kaggle
6292-TOSSS,1,-0.43991649313097614,0,0,0.7178532386027215,1,2,2,1,1,1,1,1,1,2,0,0,-1.3248408190513656,1195.25,0,kaggle
3197-ARFOY,0,2.273158691738958,0,0,-0.5444780367182193,1,0,1,2,2,0,2,2,2,0,1,3,1.3373579752147637,2007.25,0,kaggle
6323-AYBRX,1,-0.43991649313097614,0,0,1.0843365120829946,1,0,2,1,1,1,1,1,1,2,0,3,-1.5093002860698053,1099.6,1,kaggle
7014-ZZXAW,0,-0.43991649313097614,1,0,1.5729808767233588,1,2,2,1,1,1,1,1,1,2,1,1,-1.3464441800535252,1732.95,0,kaggle
4385-GZQXV,0,2.273158691738958,0,0,-0.6666391278783103,1,0,1,0,0,0,2,2,2,0,1,2,0.9867188081797118,1511.2,1,kaggle
7633-MVPUY,1,-0.43991649313097614,1,0,1.002895784642934,1,0,0,2,2,0,2,0,0,2,1,2,-0.16656830993557784,3450.15,0,kaggle
6366-ZGQGL,1,-0.43991649313097614,0,0,-1.2774445836787656,0,1,0,0,0,0,0,0,0,0,0,0,-1.328164413051698,24.8,1,kaggle
4716-HHKQH,1,2.273158691738958,1,0,-0.5037576729981889,1,2,1,0,2,0,2,2,2,0,0,2,1.4054916522215746,2172.05,0,kaggle
5940-AHUHD,1,-0.43991649313097614,0,0,-1.2774445836787656,1,0,1,0,0,0,0,0,0,0,0,3,0.19404163910047073,70.6,1,kaggle
6432-TWQLB,1,-0.43991649313097614,1,0,-1.1145631287986442,1,2,1,0,2,0,2,0,0,0,1,2,0.6859335511496436,401.1,1,kaggle
4484-GLZOU,0,-0.43991649313097614,1,0,0.7992939660427822,1,2,1,0,2,2,0,2,2,0,1,2,1.3390197722149297,5624.85,1,kaggle
3179-GBRWV,1,2.273158691738958,1,0,-0.46303730927815856,1,0,0,2,2,0,0,0,2,0,1,0,0.006258578081699082,1339.8,0,kaggle
8645-KWHJO,1,-0.43991649313097614,0,0,-0.748079855318371,0,1,0,0,0,2,2,2,2,0,1,2,-0.3244390249513595,771.95,0,kaggle
4130-MZLCC,0,-0.43991649313097614,0,0,-1.1145631287986442,1,0,0,0,2,0,0,0,0,0,0,0,-0.47233895796614456,244.75,0,kaggle
0314-TKOSI,0,-0.43991649313097614,0,0,-1.0738427650786138,1,0,0,2,2,0,0,0,0,0,0,3,-0.3194536339508612,322.9,0,kaggle
8229-MYEJZ,0,-0.43991649313097614,0,0,-0.9109613101984924,1,0,0,0,2,0,0,0,0,0,0,2,-0.4507355969639848,498.25,0,kaggle
2080-SRCDE,0,-0.43991649313097614,0,1,-1.2774445836787656,1,2,2,1,1,1,1,1,1,0,0,3,-1.3082228490497045,25.4,0,kaggle
9577-WJVCQ,0,-0.43991649313097614,0,0,1.4508197855632678,1,2,0,2,0,0,0,0,0,0,0,3,-0.3427187919531868,3687.75,0,kaggle
9512-UIBFX,1,-0.43991649313097614,1,1,-0.5851984004382496,1,0,1,0,0,2,0,2,2,0,0,3,1.0099839661820376,1779.95,1,kaggle
6202-DYYFX,0,-0.43991649313097614,0,0,-0.4223169455581282,1,2,1,0,0,0,0,0,0,1,1,1,0.3735157151184122,1783.6,0,kaggle
3808-HFKDE,0,-0.43991649313097614,0,0,-0.5037576729981889,1,0,0,0,0,0,0,0,0,0,1,2,-0.6784017859867437,927.15,0,kaggle
5583-SXDAG,1,-0.43991649313097614,1,0,-1.2774445836787656,1,0,1,0,0,0,0,0,0,0,0,2,0.17410007509847744,70.0,1,kaggle
3488-PGMQJ,1,2.273158691738958,0,0,-0.9924020376385531,1,0,1,0,2,0,0,0,0,0,1,2,0.3236618051134285,606.55,1,kaggle
3580-REOAC,1,-0.43991649313097614,0,0,-0.9109613101984924,1,0,0,0,0,0,0,0,0,0,1,1,-0.6617838159850825,435.4,1,kaggle
7534-BFESC,1,2.273158691738958,0,0,-0.3408762181180675,1,2,1,0,0,0,0,0,0,0,1,2,0.37683930911874425,1712.7,1,kaggle
3727-OWVYD,1,-0.43991649313097614,0,0,0.10704778280226633,1,0,0,2,2,2,0,0,0,1,0,3,-0.11837619693076015,2021.2,0,kaggle
2294-SALNE,1,-0.43991649313097614,1,1,-0.38159658183809786,1,0,1,0,2,2,2,0,0,1,0,3,0.7324638671542947,1940.8,0,kaggle
4847-TAJYI,0,2.273158691738958,0,0,-1.0738427650786138,1,0,1,0,0,0,0,2,2,0,1,2,0.8172155141627669,567.8,0,kaggle
1563-IWQEX,0,-0.43991649313097614,0,0,-0.8295205827584317,1,0,2,1,1,1,1,1,1,0,0,3,-1.4976677070686424,220.35,0,kaggle
8203-XJZRC,1,-0.43991649313097614,0,0,-1.2774445836787656,1,0,2,1,1,1,1,1,1,0,0,3,-1.479387940066815,20.25,0,kaggle
6556-DBKZF,0,-0.43991649313097614,1,1,1.5729808767233588,1,0,1,0,0,2,0,0,0,2,0,2,0.37517751211857825,5436.45,0,kaggle
6851-WEFYX,1,2.273158691738958,1,0,0.10704778280226633,1,2,1,0,0,2,0,2,2,0,1,2,1.1977670272008092,3437.5,0,kaggle
2985-JUUBZ,1,-0.43991649313097614,1,1,0.3106496014024181,1,2,0,0,0,2,0,2,2,0,1,2,0.32532360211359457,3015.75,0,kaggle
6390-DSAZX,0,-0.43991649313097614,0,1,-1.2774445836787656,1,0,1,2,0,0,0,0,0,0,1,3,0.2937494591104381,73.6,1,kaggle
0895-LMRSF,1,-0.43991649313097614,0,0,-0.38159658183809786,1,0,0,0,0,0,0,2,2,1,1,0,0.004596781081533054,1509.8,0,kaggle
8098-LLAZX,0,2.273158691738958,0,0,-1.1552834925186746,1,2,1,0,0,0,0,2,2,0,1,2,1.0199547481830342,396.1,1,kaggle
8266-VBFQL,1,-0.43991649313097614,0,0,-1.1552834925186746,1,0,1,0,0,2,2,0,2,0,1,2,0.8521132511662559,356.65,0,kaggle
8181-YHCMF,0,-0.43991649313097614,1,1,1.4508197855632678,0,1,0,0,2,2,2,2,2,2,0,1,-0.14828854293375057,4109.0,0,kaggle
2240-HSJQD,1,-0.43991649313097614,0,1,0.22920887396235737,1,2,1,0,2,0,0,0,0,0,1,3,0.5679459641378485,3141.7,0,kaggle
1248-DYXUB,1,-0.43991649313097614,1,1,0.7992939660427822,1,2,2,1,1,1,1,1,1,2,0,3,-1.328164413051698,1229.1,0,kaggle
0265-EDXBD,1,2.273158691738958,1,0,-0.015113308357824713,1,2,1,0,0,0,0,0,0,0,1,2,0.33695618111475767,2303.35,1,kaggle
4115-BNPJY,1,-0.43991649313097614,1,1,-0.13727439951791576,1,0,0,0,0,2,2,2,2,2,0,3,0.358559542116917,2054.4,0,kaggle
3167-SNQPL,1,2.273158691738958,1,1,0.22920887396235737,1,2,1,0,2,0,0,2,2,0,0,2,1.2093996062019723,3741.85,0,kaggle
4091-TVOCN,1,-0.43991649313097614,0,1,0.6364125111626608,1,2,0,2,0,2,0,2,2,1,1,1,0.464914550127549,3682.45,0,kaggle
1098-TDVUQ,0,-0.43991649313097614,0,0,-1.2774445836787656,1,0,2,1,1,1,1,1,1,0,1,0,-1.5126238800701375,19.25,0,kaggle
7277-OZCGZ,0,-0.43991649313097614,0,0,-0.4223169455581282,1,0,1,2,0,0,2,0,2,0,1,2,0.8072447321617703,1886.25,0,kaggle
1557-EMYVT,0,-0.43991649313097614,0,0,0.43281069256250915,1,2,1,2,2,2,2,2,2,2,0,1,1.6713791722481544,4895.1,0,kaggle
2799-ARNLO,0,2.273158691738958,1,0,-1.1145631287986442,1,0,1,0,0,0,0,0,0,0,1,2,0.15249671409631763,341.6,0,kaggle
7563-BIUPC,1,-0.43991649313097614,0,0,-1.1145631287986442,1,0,1,0,0,0,0,2,0,0,1,2,0.5264010391336954,415.55,1,kaggle
5027-YOCXN,1,-0.43991649313097614,1,1,0.758573602322752,1,2,1,2,2,0,2,2,2,1,0,1,1.505199472231542,5686.4,0,kaggle
3973-SKMLN,1,-0.43991649313097614,0,0,1.5729808767233588,1,0,2,1,1,1,1,1,1,2,1,1,-1.491020519067978,1355.1,0,kaggle
2321-OMBXY,0,-0.43991649313097614,1,1,0.22920887396235737,1,0,0,2,2,0,2,2,2,1,0,1,0.5164302571326987,3058.65,1,kaggle
2840-XANRC,1,2.273158691738958,1,0,-0.3408762181180675,1,0,1,0,0,2,0,2,2,0,1,2,0.9435120861753926,2231.05,1,kaggle
6745-JEFZB,1,-0.43991649313097614,1,0,0.10704778280226633,1,2,1,0,0,0,2,2,0,0,1,1,0.8886727851699104,3236.35,0,kaggle
5020-ZSTTY,0,2.273158691738958,0,0,0.880734693482843,1,2,0,2,2,0,2,2,2,1,0,0,0.5878875281398422,4350.1,1,kaggle
9880-TDQAC,0,-0.43991649313097614,1,1,1.6137012404433893,0,1,0,0,2,2,2,2,2,2,1,2,-0.1582593249347472,4264.0,0,kaggle
8705-WZCYL,1,-0.43991649313097614,0,0,-1.2774445836787656,1,0,0,0,0,0,0,0,0,0,1,2,-0.6634456129852487,44.8,0,kaggle
7102-JJVTX,0,-0.43991649313097614,1,1,-0.9516816739185228,1,0,0,2,0,0,0,0,0,1,0,3,-0.5371490409726233,422.3,0,kaggle
8626-PTQGE,1,-0.43991649313097614,0,0,1.4915401492832983,0,1,0,2,2,0,2,2,2,2,1,0,-0.15659752793458118,4176.7,0,kaggle
4983-CLMLV,0,-0.43991649313097614,1,0,0.7992939660427822,1,2,1,0,2,0,2,2,2,0,1,1,1.260915313207122,5138.1,0,kaggle
5701-YVSVF,0,2.273158691738958,1,0,-0.8702409464784621,1,0,1,0,0,0,2,2,0,0,1,2,0.6028437011413373,880.05,0,kaggle
5804-LEPIM,0,2.273158691738958,0,0,-1.2367242199587352,1,0,1,0,0,0,0,0,0,0,1,2,0.1857326540996401,139.05,1,kaggle
5697-GOMBF,0,2.273158691738958,1,1,-0.1779947632379461,0,1,0,0,0,0,0,2,0,0,1,2,-0.9592454790148186,973.65,0,kaggle
2739-CACDQ,0,2.273158691738958,0,0,-0.62591876415828,1,2,1,0,0,2,0,0,0,0,1,1,0.5945347161405068,1470.05,0,kaggle
9385-EHGDO,0,-0.43991649313097614,1,1,0.10704778280226633,1,0,2,1,1,1,1,1,1,2,1,3,-1.4926823160681442,739.35,0,kaggle
9498-FIMXL,0,-0.43991649313097614,0,0,-0.9924020376385531,1,0,2,1,1,1,1,1,1,1,1,3,-1.5142856770703037,161.95,0,kaggle
2379-GYFLQ,1,-0.43991649313097614,0,0,0.5549717837226001,1,2,1,0,2,2,0,2,0,1,1,1,1.001674981181207,4422.95,0,kaggle
0122-OAHPZ,0,-0.43991649313097614,0,0,-1.0331224013585834,1,2,1,0,0,0,0,0,0,0,1,2,0.3020584441112687,511.25,1,kaggle
2868-SNELZ,0,-0.43991649313097614,0,0,-1.2367242199587352,1,2,1,0,0,2,0,0,0,0,0,3,0.5264010391336954,155.8,1,kaggle
4322-RCYMT,1,-0.43991649313097614,1,1,1.4508197855632678,1,2,0,0,2,2,2,0,2,1,1,0,0.36686852711774764,5293.95,1,kaggle
6680-NENYN,0,-0.43991649313097614,0,0,0.43281069256250915,1,2,1,0,2,2,0,2,2,2,1,2,1.3240635992134344,4759.85,1,kaggle
2088-IEBAU,0,-0.43991649313097614,0,0,1.4508197855632678,1,2,0,2,2,2,2,2,2,2,1,2,0.7773323861587803,6148.45,0,kaggle
7982-VCELR,0,-0.43991649313097614,0,0,0.14776814652229667,1,0,1,0,2,0,0,2,2,0,1,1,0.9983513871808745,3565.65,0,kaggle
1343-EHPYB,1,-0.43991649313097614,1,0,1.247217966963116,1,2,1,0,2,2,0,2,2,0,1,2,1.284180471209448,6603.0,1,kaggle
6035-BXTTY,0,2.273158691738958,0,0,-0.015113308357824713,1,0,0,0,2,0,2,0,0,0,0,0,-0.33607160395252245,1830.1,0,kaggle
6885-PKOAM,0,-0.43991649313097614,1,0,1.5729808767233588,1,2,0,2,2,2,2,2,2,2,0,1,0.6975661301508063,6223.8,0,kaggle
7520-HQWJU,0,-0.43991649313097614,1,1,1.369379058123207,1,2,0,2,2,2,0,0,0,0,1,0,0.08934842809000525,4508.65,0,kaggle
9639-BUJXT,1,-0.43991649313097614,0,0,1.247217966963116,1,0,2,1,1,1,1,1,1,1,0,3,-1.4710789550659844,1328.15,0,kaggle
5924-SNGKP,0,-0.43991649313097614,0,1,0.35136996512244845,1,0,2,1,1,1,1,1,1,1,1,1,-1.479387940066815,865.0,0,kaggle
0021-IKXGC,0,2.273158691738958,0,0,-1.2774445836787656,1,2,1,0,0,0,0,0,0,0,1,2,0.2438955491054544,72.1,0,kaggle
2034-GDRCN,0,-0.43991649313097614,0,0,-1.2367242199587352,1,0,1,0,0,0,0,2,2,0,1,2,0.8521132511662559,168.2,1,kaggle
8966-SNIZF,0,-0.43991649313097614,1,0,1.5322605130033284,1,0,2,1,1,1,1,1,1,2,0,0,-1.505976692069473,1303.5,0,kaggle
6243-OZGFH,0,-0.43991649313097614,0,0,-0.38159658183809786,0,1,0,0,0,0,0,2,2,0,1,2,-0.6584602219847502,996.85,0,kaggle
4654-DLAMQ,0,2.273158691738958,1,0,1.2879383306831464,1,0,1,2,2,2,0,0,2,1,0,0,1.071470455188184,6430.9,0,kaggle
0513-RBGPE,1,-0.43991649313097614,1,1,0.18848851024232702,1,2,0,2,0,2,2,0,0,2,1,1,-0.0651986929254444,2278.75,0,kaggle
5160-UXJED,1,-0.43991649313097614,0,1,-0.62591876415828,1,0,0,0,0,0,0,0,0,1,0,3,-0.6700928009859131,681.4,0,kaggle
4115-NZRKS,0,2.273158691738958,0,0,-1.0331224013585834,1,0,1,0,0,0,0,2,2,0,1,2,0.8105683261621028,574.35,0,kaggle
0219-YTZUE,1,-0.43991649313097614,1,1,-1.1552834925186746,1,2,1,0,2,2,0,0,0,0,1,0,0.6659919871476498,371.9,1,kaggle
0623-IIHUG,0,2.273158691738958,0,0,-0.46303730927815856,0,1,0,2,0,0,0,2,0,0,1,2,-0.7598298389948839,840.1,1,kaggle
4572-DVCGN,0,-0.43991649313097614,0,0,-0.9109613101984924,1,0,1,0,0,0,0,0,2,0,1,0,0.5147684601325326,846.0,1,kaggle
3351-NGXYI,0,2.273158691738958,0,0,-0.6666391278783103,1,2,0,2,0,0,0,0,0,0,1,2,-0.3543513709543497,889.0,0,kaggle
8984-EYLLL,1,-0.43991649313097614,1,0,1.2879383306831464,1,2,1,0,2,0,2,2,2,2,1,2,1.3456669602155942,6823.4,0,kaggle
9057-MSWCO,1,2.273158691738958,1,0,-0.21871512695797646,0,1,0,2,0,0,0,0,0,0,0,1,-1.1304105700319294,805.1,1,kaggle
9833-TGFHX,1,-0.43991649313097614,1,1,0.3920903288424788,1,2,1,2,0,0,0,2,2,1,0,2,1.074794049188516,4016.75,0,kaggle
9294-TDIPC,1,-0.43991649313097614,0,1,-1.1145631287986442,1,0,2,1,1,1,1,1,1,0,0,3,-1.481049737066981,83.75,0,kaggle
5229-DTFYB,0,-0.43991649313097614,0,0,0.35136996512244845,1,0,1,0,2,0,2,2,2,2,1,0,1.1312951471941644,3959.15,0,kaggle
0104-PPXDV,1,-0.43991649313097614,1,0,1.0436161483629645,1,0,0,0,0,2,0,0,0,1,0,1,-0.4806479429669752,2878.55,0,kaggle
5176-LMJXE,0,-0.43991649313097614,0,0,0.5956921474426305,1,0,2,1,1,1,1,1,1,2,1,3,-1.4694171580658184,945.7,0,kaggle
3583-KRKMD,1,-0.43991649313097614,0,0,-0.5851984004382496,1,0,1,0,0,0,2,0,0,0,1,0,0.37019212111808014,1373.05,0,kaggle
1010-DIAUQ,1,-0.43991649313097614,0,0,-1.1145631287986442,1,0,1,0,0,2,0,2,2,0,0,0,1.0548524851865226,492.55,1,kaggle
9069-LGEUL,1,-0.43991649313097614,1,0,-0.38159658183809786,1,0,0,2,0,0,0,0,2,0,1,0,-0.15992112193491323,1406.0,0,kaggle
7302-ZHMHP,0,-0.43991649313097614,0,0,-1.2774445836787656,1,0,2,1,1,1,1,1,1,0,0,3,-1.51594747407047,19.15,0,kaggle
9571-EDEBV,1,-0.43991649313097614,1,0,1.5729808767233588,1,2,1,0,0,2,0,2,2,1,1,1,1.1263097561936661,6962.85,0,kaggle
3520-FJGCV,1,-0.43991649313097614,1,1,1.6137012404433893,1,2,1,2,2,2,2,2,2,2,1,1,1.5899511192400142,8126.65,0,kaggle
6563-VRERX,1,-0.43991649313097614,1,1,0.025607055362205634,1,0,2,1,1,1,1,1,1,1,0,3,-1.4677553610656522,690.25,0,kaggle
0259-GBZSH,1,-0.43991649313097614,0,0,-1.2367242199587352,1,2,1,0,0,0,0,2,0,0,1,2,0.6942425361504742,181.5,1,kaggle
6122-EFVKN,1,-0.43991649313097614,0,1,-0.3408762181180675,0,1,0,2,0,0,2,0,0,2,0,3,-0.9642308700153169,830.8,0,kaggle
2805-EDJPQ,0,-0.43991649313097614,1,1,0.9621754209229036,1,2,1,0,2,2,2,0,2,1,1,1,1.1628692901973208,5608.4,0,kaggle
6862-CQUMB,1,-0.43991649313097614,0,0,0.18848851024232702,1,0,1,0,2,0,0,2,2,0,1,1,1.0415581091851935,3646.8,0,kaggle
7156-MXBJE,0,-0.43991649313097614,0,0,0.43281069256250915,1,2,0,0,2,2,2,2,2,1,0,1,0.6759627691486464,3662.25,0,kaggle
6158-HDPXZ,1,-0.43991649313097614,0,0,-1.2774445836787656,0,1,0,0,0,0,0,0,0,0,0,3,-1.3098846460498705,25.35,0,kaggle
9601-BRXPO,0,-0.43991649313097614,1,0,-0.30015585439803716,1,2,1,0,0,2,2,2,2,0,1,0,1.3356961782145975,2566.5,1,kaggle
2863-IMQDR,0,-0.43991649313097614,0,0,1.1657772395230555,1,2,0,2,2,2,2,2,2,2,0,2,0.827186296163764,5308.7,0,kaggle
5686-CMAWK,1,-0.43991649313097614,0,0,-0.62591876415828,1,2,1,0,0,2,2,0,0,1,0,2,0.7308020701541287,1410.25,0,kaggle
5651-CRHKQ,0,-0.43991649313097614,1,0,0.35136996512244845,1,0,1,0,2,2,2,0,0,1,1,0,0.7125223031523015,3339.05,0,kaggle
6905-NIQIN,1,-0.43991649313097614,0,0,-1.2774445836787656,1,0,0,0,2,0,0,0,0,0,0,3,-0.4690153639658123,50.65,1,kaggle
8204-YJCLA,1,2.273158691738958,1,1,1.6137012404433893,0,1,0,2,2,2,2,2,2,2,1,0,0.001273187081200524,4732.35,0,kaggle
5167-ZFFMM,1,-0.43991649313097614,0,0,-1.2774445836787656,1,2,1,0,2,0,0,0,2,0,1,1,0.8670694241677506,90.85,1,kaggle
6583-SZVGP,1,-0.43991649313097614,0,0,0.6364125111626608,1,2,1,0,2,2,0,2,2,2,1,0,1.440389389225063,5067.45,0,kaggle
4895-TMWIR,1,2.273158691738958,1,0,-0.8702409464784621,1,0,2,1,1,1,1,1,1,0,0,3,-1.4893587220678117,214.75,1,kaggle
0533-BNWKF,0,2.273158691738958,1,0,0.9214550572028734,1,2,1,0,2,2,0,0,0,0,1,2,0.6875953481498096,4874.7,1,kaggle
1708-PBBOA,0,-0.43991649313097614,0,0,0.3920903288424788,0,1,0,2,2,2,2,0,2,1,1,2,-0.3327480099521901,2348.45,0,kaggle
8782-LKFPK,1,-0.43991649313097614,0,0,0.47353105628253944,1,2,1,0,0,2,0,0,2,0,1,3,0.8521132511662559,4063.0,0,kaggle
5522-JBWMO,1,-0.43991649313097614,0,1,-1.2774445836787656,1,0,0,0,0,0,0,0,0,0,0,2,-0.6900343649879066,44.0,0,kaggle
3597-MVHJT,0,-0.43991649313097614,0,0,-0.21871512695797646,1,2,1,0,0,0,0,2,2,0,1,0,1.0249401391835322,2595.25,0,kaggle
9774-NRNAU,1,2.273158691738958,1,0,-0.21871512695797646,1,2,0,0,2,2,2,2,2,0,1,0,0.6659919871476498,2309.55,0,kaggle
0224-RLWWD,0,2.273158691738958,0,0,-1.2367242199587352,1,0,0,0,0,0,0,0,0,0,1,2,-0.6800635829869099,89.3,0,kaggle
9967-ATRFS,0,-0.43991649313097614,0,0,-0.5444780367182193,1,0,2,1,1,1,1,1,1,0,0,3,-1.491020519067978,367.55,0,kaggle
3951-NJCVI,0,2.273158691738958,1,0,0.3920903288424788,1,2,1,0,0,0,0,2,2,0,1,2,1.0066603721817051,3944.5,0,kaggle
2977-CEBSX,0,-0.43991649313097614,0,0,1.369379058123207,1,2,0,2,2,2,2,2,2,2,1,1,0.8404806721650927,5965.95,0,kaggle
0177-PXBAT,1,2.273158691738958,1,0,0.025607055362205634,1,2,1,2,0,2,2,2,2,0,1,0,1.5002140812310438,3694.7,0,kaggle
6599-CEBNN,0,-0.43991649313097614,0,0,0.06632741908223598,1,0,1,0,2,0,0,0,0,0,1,1,0.30538203811160125,2524.45,1,kaggle
2519-ERQOJ,1,2.273158691738958,0,0,0.025607055362205634,0,1,0,0,0,2,2,2,2,0,1,2,-0.33773340095268845,1803.7,0,kaggle
5876-QMYLD,0,-0.43991649313097614,1,1,-0.38159658183809786,1,0,2,1,1,1,1,1,1,1,0,3,-1.4860351280674797,415.1,0,kaggle
2277-AXSDC,0,-0.43991649313097614,0,0,-0.015113308357824713,1,0,2,1,1,1,1,1,1,1,0,0,-1.4960059100684764,624.15,0,kaggle
9442-JTWDL,0,-0.43991649313097614,0,0,-0.8702409464784621,1,0,2,1,1,1,1,1,1,1,0,1,-1.4860351280674797,237.7,0,kaggle
0979-PHULV,1,-0.43991649313097614,1,1,1.4915401492832983,1,2,1,0,0,2,0,2,2,0,1,1,1.1528985081963241,7007.6,1,kaggle
3067-SVMTC,0,-0.43991649313097614,1,0,1.4508197855632678,1,0,0,2,0,0,2,0,0,1,0,0,-0.29452667894836937,3848.8,0,kaggle
5495-GPSRW,1,-0.43991649313097614,0,0,-0.5037576729981889,1,0,2,1,1,1,1,1,1,2,1,3,-1.4976677070686424,419.4,0,kaggle
7606-BPHHN,1,-0.43991649313097614,0,0,1.6137012404433893,1,0,2,1,1,1,1,1,1,2,1,1,-1.4943441130683104,1468.75,0,kaggle
4742-DRORA,1,-0.43991649313097614,1,1,1.125056875803025,1,2,1,2,0,2,0,2,0,1,1,0,1.0182929511828682,5812.0,0,kaggle
0111-KLBQG,1,2.273158691738958,1,1,-0.015113308357824713,1,0,1,0,2,0,0,2,2,0,1,3,0.9701008381780505,2861.45,0,kaggle
4800-VHZKI,0,-0.43991649313097614,0,0,-1.2774445836787656,1,0,2,1,1,1,1,1,1,0,1,3,-1.491020519067978,19.9,1,kaggle
7989-CHGTL,1,-0.43991649313097614,0,0,-1.2774445836787656,1,0,2,1,1,1,1,1,1,0,1,3,-1.5009913010689746,19.6,1,kaggle
0334-GDDSO,1,2.273158691738958,0,0,-1.1960038562387048,1,2,1,0,2,0,0,0,0,0,1,2,0.5513279941361872,233.7,1,kaggle
4163-NCJAK,0,-0.43991649313097614,1,0,0.5549717837226001,1,2,2,1,1,1,1,1,1,1,1,0,-1.3397969920528607,1066.15,0,kaggle
5233-AOZUF,0,-0.43991649313097614,1,0,-0.13727439951791576,1,2,1,0,0,0,0,0,0,0,1,2,0.3386179781149237,2149.05,0,kaggle
5973-EJGDP,1,-0.43991649313097614,0,0,0.758573602322752,1,2,1,0,2,2,2,0,0,0,1,2,0.750743634156122,4473.0,0,kaggle
1996-DBMUS,0,2.273158691738958,1,0,0.6364125111626608,1,0,1,0,0,0,0,0,0,0,1,0,0.19570343610063723,3545.05,0,kaggle
7916-VCCPB,0,-0.43991649313097614,1,1,-0.6666391278783103,1,0,1,0,2,0,0,0,0,0,0,0,0.28211688010927544,1195.75,0,kaggle
4686-GEFRM,1,-0.43991649313097614,1,0,1.5322605130033284,1,2,1,0,2,2,2,0,2,2,1,0,1.1279715531938321,6858.9,0,kaggle
5249-QYHEX,0,-0.43991649313097614,1,1,0.3106496014024181,1,2,2,1,1,1,1,1,1,2,1,3,-1.328164413051698,1024.7,0,kaggle
0578-SKVMF,0,-0.43991649313097614,1,1,-0.4223169455581282,1,0,1,0,2,0,0,0,2,0,0,2,0.6161380771426661,1845.9,1,kaggle
5564-NEMQO,0,2.273158691738958,0,0,-1.2774445836787656,1,0,1,0,0,2,0,0,0,0,1,0,0.3502505571160864,75.3,1,kaggle
2233-FAGXV,0,-0.43991649313097614,1,1,-1.1145631287986442,1,2,2,1,1,1,1,1,1,0,1,3,-1.3447823830533592,132.25,0,kaggle
5605-IYGFG,0,-0.43991649313097614,0,0,-1.0331224013585834,1,0,1,0,0,0,0,0,0,0,1,0,0.16911468409797886,515.45,0,kaggle
7663-ZTEGJ,1,-0.43991649313097614,0,1,-0.13727439951791576,1,2,1,0,2,2,2,0,2,1,0,1,1.1894580421999785,2830.45,0,kaggle
3935-TBRZZ,1,-0.43991649313097614,1,1,0.47353105628253944,1,2,2,1,1,1,1,1,1,1,0,3,-1.2982520670487077,1110.5,0,kaggle
8111-BKVDS,0,-0.43991649313097614,0,0,-0.9109613101984924,0,1,0,2,2,2,0,0,0,0,0,0,-0.7997129669988706,449.3,0,kaggle
2055-SIFSS,0,2.273158691738958,1,0,0.9214550572028734,1,2,0,0,0,0,0,0,0,0,0,0,-0.4357794239624898,2838.55,0,kaggle
2806-MLNTI,1,2.273158691738958,1,0,0.7992939660427822,1,2,1,0,2,2,0,2,2,1,1,0,1.3406815692150957,5376.4,0,kaggle
8734-DKSTZ,0,-0.43991649313097614,1,1,-0.9109613101984924,1,2,1,0,0,0,0,0,2,0,0,2,0.7042133181514708,858.6,0,kaggle
4360-PNRQB,1,-0.43991649313097614,0,0,-0.5851984004382496,1,2,1,0,0,0,0,0,0,0,1,0,0.36022133911708304,1395.05,0,kaggle
6152-ONASV,0,-0.43991649313097614,1,0,1.4508197855632678,1,2,0,2,0,0,2,0,0,1,0,0,-0.21642221994056152,3975.7,0,kaggle
9063-ZGTUY,0,-0.43991649313097614,1,1,1.1657772395230555,1,0,2,1,1,1,1,1,1,0,1,3,-1.5076384890696393,1182.55,1,kaggle
7781-HVGMK,0,-0.43991649313097614,1,1,1.6137012404433893,0,1,0,2,2,2,2,2,2,2,1,1,0.014567563082529699,4784.45,0,kaggle
2181-UAESM,1,-0.43991649313097614,0,0,-1.2367242199587352,1,0,0,2,0,2,0,0,0,0,0,2,-0.37595473195650925,119.5,0,kaggle
2957-LOLHO,1,-0.43991649313097614,0,0,-0.8295205827584317,1,0,0,0,0,0,0,0,0,0,1,0,-0.6435040489832552,518.9,1,kaggle
6048-NJXHX,1,-0.43991649313097614,1,0,0.35136996512244845,1,0,2,1,1,1,1,1,1,2,1,2,-1.4960059100684764,899.45,0,kaggle
2320-SLKMB,0,-0.43991649313097614,0,0,-0.2594354906780068,0,1,0,0,0,2,2,2,0,0,1,1,-0.6750781919864114,1183.8,0,kaggle
4980-URKXC,1,-0.43991649313097614,1,0,0.14776814652229667,1,0,2,1,1,1,1,1,1,1,0,0,-1.4594463760648215,720.05,0,kaggle
4376-KFVRS,1,-0.43991649313097614,1,1,1.6137012404433893,1,2,1,2,2,2,2,2,2,2,1,1,1.638143232244832,8468.2,0,kaggle
5886-VLQVU,1,-0.43991649313097614,1,0,0.10704778280226633,1,2,1,0,0,0,2,0,2,0,1,0,0.8338334841644282,3161.2,0,kaggle
3577-AMVUX,1,-0.43991649313097614,0,0,-1.2774445836787656,1,0,0,0,0,2,2,0,0,0,0,3,-0.3227772279511935,55.05,0,kaggle
0771-WLCLA,0,-0.43991649313097614,1,1,-0.6666391278783103,1,2,1,2,0,2,2,2,2,0,1,2,1.6015836982411773,1882.55,0,kaggle
5628-RKIFK,0,2.273158691738958,0,0,0.6771328748826912,1,2,1,2,0,0,0,2,2,0,0,1,1.222693982203301,5070.4,0,kaggle
0206-TBWLC,0,-0.43991649313097614,1,0,0.880734693482843,1,2,1,2,2,2,2,2,2,1,1,3,1.6580847962468257,6049.5,0,kaggle
2937-FTHUR,0,-0.43991649313097614,0,1,-0.5851984004382496,1,2,0,2,0,0,0,0,2,0,0,2,0.001273187081200524,1166.7,0,kaggle
1910-FMXJM,0,-0.43991649313097614,1,0,0.14776814652229667,1,0,1,0,0,0,0,0,2,0,0,2,0.5197538511330312,2937.65,0,kaggle
7752-XUSCI,0,-0.43991649313097614,0,0,1.125056875803025,1,2,1,0,2,2,0,2,2,0,1,2,1.3672703212177542,6396.45,1,kaggle
4110-PFEUZ,0,-0.43991649313097614,0,0,-1.2774445836787656,1,0,1,0,0,0,0,0,0,0,0,3,0.15914390209698223,69.55,1,kaggle
0732-OCQOC,0,-0.43991649313097614,1,1,0.7992939660427822,1,2,2,1,1,1,1,1,1,2,1,0,-1.3198554280508674,1270.25,0,kaggle
5168-MSWXT,1,-0.43991649313097614,1,1,-0.9924020376385531,1,0,1,0,0,2,0,2,2,0,1,2,0.9966895901807084,759.55,0,kaggle
1090-ESELR,1,-0.43991649313097614,1,1,1.6137012404433893,1,0,1,2,2,0,2,2,2,2,0,0,1.3539759452164248,7611.55,0,kaggle
8592-PLTMQ,0,-0.43991649313097614,0,0,1.2879383306831464,1,2,2,1,1,1,1,1,1,1,0,3,-1.33148800705203,1642.75,0,kaggle
5760-WRAHC,0,2.273158691738958,0,0,-0.4223169455581282,1,0,0,2,0,2,2,0,2,0,1,3,0.1657910900976468,1545.4,0,kaggle
8847-GEOOQ,1,-0.43991649313097614,1,0,1.125056875803025,0,1,0,0,2,2,2,2,2,0,1,0,-0.15161213693408263,3582.4,0,kaggle
0256-LTHVJ,0,-0.43991649313097614,1,1,-0.1779947632379461,1,0,1,0,0,0,0,0,2,0,1,2,0.5413572121351905,2227.1,1,kaggle
4785-FCIFB,0,-0.43991649313097614,1,0,1.1657772395230555,1,2,2,1,1,1,1,1,1,2,0,3,-1.341458789053027,1417.9,0,kaggle
8313-NDOIA,0,-0.43991649313097614,0,0,-0.3408762181180675,1,2,1,0,2,2,0,2,2,0,1,2,1.3091074262119398,2494.65,0,kaggle
5149-CUZUJ,1,-0.43991649313097614,1,1,-0.1779947632379461,1,0,1,0,2,2,2,2,0,1,0,0,0.9352031011745621,2768.35,0,kaggle
0942-KOWSM,0,-0.43991649313097614,1,1,-0.0965540357978854,1,0,0,0,2,2,2,2,2,2,0,0,0.53304822713436,2369.3,0,kaggle
4237-CLSMM,1,-0.43991649313097614,1,0,-1.2367242199587352,1,0,2,1,1,1,1,1,1,0,0,3,-1.4876969250676457,38.0,0,kaggle
1452-VOQCH,1,-0.43991649313097614,0,0,-1.2774445836787656,1,2,1,0,0,0,0,0,0,0,1,2,0.3436033691154218,75.1,0,kaggle
4719-UMSIY,1,-0.43991649313097614,0,1,-1.0738427650786138,1,0,2,1,1,1,1,1,1,0,0,3,-1.4993295040688086,100.9,0,kaggle
6614-VBEGU,0,-0.43991649313097614,1,0,-0.3408762181180675,1,0,0,0,2,0,0,2,2,0,1,0,0.15582030809665018,1614.05,0,kaggle
0880-TKATG,1,-0.43991649313097614,1,1,-1.1552834925186746,1,2,1,0,0,2,0,2,2,0,0,2,1.2093996062019723,385.9,1,kaggle
3811-VBYBZ,1,-0.43991649313097614,0,0,-1.0331224013585834,1,2,1,0,2,0,0,2,2,0,1,2,1.1645310871974868,673.25,1,kaggle
1480-BKXGA,1,2.273158691738958,1,0,1.6137012404433893,1,2,1,2,2,2,2,2,2,2,1,0,1.7046151122514768,8404.9,0,kaggle
2996-XAUVF,1,-0.43991649313097614,0,0,1.5322605130033284,0,1,0,0,0,0,2,0,2,2,1,3,-0.8213163280010305,2799.75,0,kaggle
9076-AXYIK,1,2.273158691738958,1,0,1.2879383306831464,1,2,1,0,0,2,2,2,2,2,0,2,1.2409737492051283,6538.45,0,kaggle
5968-XQIVE,1,-0.43991649313097614,1,1,1.6137012404433893,1,2,1,0,2,0,0,2,0,1,1,2,0.82884809316393,6588.95,0,kaggle
8896-RAZCR,0,-0.43991649313097614,0,1,0.47353105628253944,1,0,2,1,1,1,1,1,1,2,0,3,-1.491020519067978,868.1,0,kaggle
4640-UHDOS,0,-0.43991649313097614,1,1,-0.7888002190384014,1,0,0,0,0,0,0,0,2,0,0,2,-0.2928648819482031,734.35,1,kaggle
4933-IKULF,0,2.273158691738958,0,0,-0.62591876415828,1,0,2,1,1,1,1,1,1,1,0,3,-1.4660935640654862,330.6,0,kaggle
3583-EKAPL,1,-0.43991649313097614,0,0,-1.2774445836787656,1,0,0,0,0,0,0,0,2,0,1,2,-0.3244390249513595,55.0,1,kaggle
1304-BCCFO,1,-0.43991649313097614,1,0,-0.9516816739185228,1,0,0,0,0,2,0,2,2,0,1,3,0.17576187209864347,564.4,0,kaggle
4104-PVRPS,1,-0.43991649313097614,1,0,-0.3408762181180675,1,0,0,2,0,0,2,0,0,0,0,3,-0.3709693409560109,1315.35,0,kaggle
9399-APLBT,0,-0.43991649313097614,1,1,-1.2774445836787656,1,0,1,0,2,0,0,0,0,0,1,2,0.3303089931140931,74.7,1,kaggle
2359-KMGLI,1,-0.43991649313097614,0,0,-0.3408762181180675,1,2,1,0,2,0,0,0,0,0,1,2,0.5147684601325326,1861.5,1,kaggle
3780-DDGSE,1,2.273158691738958,1,1,0.10704778280226633,1,0,0,0,2,0,2,2,2,0,1,2,0.37517751211857825,2747.2,0,kaggle
4431-EDMIQ,0,-0.43991649313097614,1,1,-1.0331224013585834,1,0,0,2,2,2,2,2,0,0,1,2,0.36354493311741554,554.05,0,kaggle
0306-JAELE,1,-0.43991649313097614,0,0,-1.1145631287986442,1,0,1,0,0,0,2,2,2,0,1,2,1.0415581091851935,453.4,1,kaggle
6227-HWPWX,0,-0.43991649313097614,0,1,-0.7073594915983407,1,0,1,0,0,0,0,0,0,0,0,0,0.14086413509515497,994.8,1,kaggle
0486-LGCCH,1,-0.43991649313097614,1,1,-0.8702409464784621,1,0,2,1,1,1,1,1,1,2,0,3,-1.4993295040688086,225.75,0,kaggle
0447-BEMNG,0,-0.43991649313097614,1,0,0.6364125111626608,0,1,0,2,0,2,0,0,2,0,1,0,-0.6468276429835875,2145.0,1,kaggle
4612-SSVHJ,0,2.273158691738958,0,0,-0.5037576729981889,1,0,1,0,0,0,0,0,2,0,1,2,0.5546515881365197,1671.6,0,kaggle
5168-MQQCA,0,-0.43991649313097614,1,0,1.6137012404433893,1,2,1,0,2,2,2,2,2,1,1,0,1.4536837652263923,8003.8,0,kaggle
5949-XIKAE,0,-0.43991649313097614,1,1,-0.9924020376385531,1,0,1,0,2,0,0,2,0,0,1,2,0.6244470621434968,680.05,1,kaggle
7971-HLVXI,1,-0.43991649313097614,1,1,1.6137012404433893,1,2,1,0,0,0,0,0,2,2,1,1,0.6560212051466532,6130.85,0,kaggle
9094-AZPHK,0,-0.43991649313097614,0,0,-0.7073594915983407,1,2,1,0,2,0,0,2,2,0,1,2,1.1761636661986499,1415.0,0,kaggle
3649-JPUGY,1,-0.43991649313097614,0,0,1.6137012404433893,1,2,0,0,2,2,2,2,2,2,1,0,0.7922885591602751,6201.95,0,kaggle
4472-LVYGI,0,-0.43991649313097614,1,1,-1.318164947398796,0,1,0,2,0,2,2,2,0,2,1,0,-0.40586707795949967,1397.475,0,kaggle
8372-JUXUI,1,-0.43991649313097614,0,1,-1.2774445836787656,1,2,1,0,0,0,0,0,0,0,1,2,0.31867641411292996,74.35,1,kaggle
3552-CTCYF,1,-0.43991649313097614,1,1,1.247217966963116,1,2,1,0,2,2,0,2,2,2,1,0,1.330710787214099,6597.25,0,kaggle
6778-YSNIH,0,-0.43991649313097614,0,0,-1.2367242199587352,1,0,0,0,2,0,0,2,0,0,1,2,-0.19149526493806968,114.15,0,kaggle
0388-EOPEX,0,-0.43991649313097614,1,0,-1.2367242199587352,1,0,1,2,0,0,0,0,0,0,1,2,0.32033821111309646,139.4,1,kaggle
5756-OZRIO,1,2.273158691738958,1,0,1.1657772395230555,1,2,0,0,2,0,0,0,2,1,0,0,-0.023653767921291324,3902.6,0,kaggle
6579-JPICP,1,-0.43991649313097614,0,0,-1.2774445836787656,1,0,2,1,1,1,1,1,1,0,0,3,-1.4744025490663168,20.4,0,kaggle
8205-OTCHB,1,-0.43991649313097614,0,0,-0.4223169455581282,0,1,0,0,2,2,0,0,2,1,1,0,-0.6983433499887373,903.6,1,kaggle
4134-BSXLX,1,-0.43991649313097614,1,0,-0.1779947632379461,1,0,0,2,2,0,2,0,0,0,0,3,-0.12834697893175703,1785.65,0,kaggle
0505-SPOOW,0,-0.43991649313097614,1,0,1.5322605130033284,1,0,2,1,1,1,1,1,1,2,0,0,-1.4943441130683104,1397.65,0,kaggle
6235-VDHOM,0,2.273158691738958,0,0,-1.1145631287986442,0,1,0,0,2,0,0,0,0,0,0,2,-1.2068532320395708,131.05,1,kaggle
7783-YKGDV,0,-0.43991649313097614,0,0,-0.8295205827584317,1,2,1,2,2,2,0,0,2,0,1,0,1.1612074931971548,1238.45,1,kaggle
4374-YMUSQ,1,-0.43991649313097614,0,0,0.06632741908223598,1,2,1,2,2,2,2,2,2,1,0,1,1.7112623002521414,3899.05,0,kaggle
4513-CXYIX,0,2.273158691738958,1,0,1.5729808767233588,1,2,1,2,0,0,0,0,0,2,1,1,0.5297246331340278,5676.0,0,kaggle
3957-HHLMR,0,-0.43991649313097614,1,1,1.5322605130033284,1,2,0,2,0,0,0,0,2,1,0,0,0.014567563082529699,4543.15,0,kaggle
7803-XOCCZ,0,-0.43991649313097614,1,1,0.7992939660427822,1,0,1,2,0,2,2,0,0,0,1,0,0.641065032145158,4326.8,0,kaggle
5736-YEJAX,1,-0.43991649313097614,0,1,1.4915401492832983,1,2,0,2,2,2,2,2,0,2,1,1,0.4881797081298748,5502.55,0,kaggle
5609-CEBID,0,2.273158691738958,0,0,-0.5037576729981889,1,2,1,0,2,2,0,0,2,0,1,2,0.9750862291785486,1782.4,1,kaggle
8981-FJGLA,1,-0.43991649313097614,0,1,-0.8702409464784621,1,2,1,0,0,2,0,0,0,0,1,3,0.43998759512505714,851.8,0,kaggle
7218-HKQFK,1,-0.43991649313097614,1,0,-1.2367242199587352,1,0,1,0,0,0,2,2,2,0,1,2,0.9784098231788811,167.5,1,kaggle
4636-QRJKY,0,-0.43991649313097614,1,1,-1.0738427650786138,1,2,1,0,0,0,2,0,0,0,1,2,0.5230774451333633,502.85,1,kaggle
1135-LMECX,0,-0.43991649313097614,0,0,-1.2774445836787656,1,0,2,1,1,1,1,1,1,0,0,3,-1.4926823160681442,19.85,0,kaggle
4332-MUOEZ,1,2.273158691738958,1,1,-0.5037576729981889,1,0,1,2,0,2,2,0,2,1,0,1,0.9817334171792131,1818.3,0,kaggle
8535-SFUTN,1,-0.43991649313097614,0,0,1.1657772395230555,1,2,1,2,0,2,0,2,2,0,1,2,1.3855500882195813,6300.15,0,kaggle
5956-VKDTT,0,2.273158691738958,1,0,-1.1145631287986442,1,2,1,0,0,0,0,0,0,0,1,2,0.31867641411292996,334.8,1,kaggle
8677-HDZEE,0,-0.43991649313097614,0,0,0.9621754209229036,1,2,1,0,2,0,2,2,2,0,1,0,1.3523141482162588,5916.95,0,kaggle
2475-MROZF,1,-0.43991649313097614,0,0,-0.0965540357978854,1,2,1,2,2,2,2,0,0,0,1,1,1.0049985751815391,2852.4,0,kaggle
9412-GHEEC,1,-0.43991649313097614,0,0,0.3106496014024181,1,2,1,0,0,2,2,2,2,0,0,0,1.330710787214099,4131.95,1,kaggle
3482-ABPKK,0,-0.43991649313097614,0,0,-0.1779947632379461,1,0,0,2,0,0,2,0,0,1,0,3,-0.3477041829536853,1546.3,0,kaggle
6705-LXORM,0,2.273158691738958,1,0,-1.1145631287986442,1,0,1,0,0,0,0,0,0,0,0,2,0.17576187209864347,302.6,0,kaggle
0257-ZESQC,0,2.273158691738958,1,0,-0.21871512695797646,1,0,1,2,0,0,0,0,0,0,1,0,0.3469269631157543,1929.35,1,kaggle
7531-GQHME,1,-0.43991649313097614,0,0,-0.8295205827584317,1,0,2,1,1,1,1,1,1,0,0,1,-1.4860351280674797,265.45,0,kaggle
5174-ITUMV,1,-0.43991649313097614,1,1,1.4100994218432374,1,2,1,0,2,2,0,2,2,1,1,2,1.3506523512160928,6989.45,0,kaggle
4109-CYRBD,1,2.273158691738958,1,0,-0.13727439951791576,1,2,0,0,0,0,0,0,0,0,1,2,-0.43744122096265586,1442.0,0,kaggle
0913-XWSCN,1,-0.43991649313097614,1,1,0.9214550572028734,1,2,1,0,0,0,0,0,2,0,0,0,0.6892571451499756,4713.4,0,kaggle
6825-UYPFK,0,-0.43991649313097614,0,0,-0.38159658183809786,1,2,1,0,0,0,0,0,0,0,0,0,0.36022133911708304,1758.6,1,kaggle
8397-MVTAZ,1,-0.43991649313097614,1,0,0.06632741908223598,1,2,1,0,0,2,0,2,2,0,1,2,1.1728400721983174,3480.0,1,kaggle
0750-EBAIU,1,-0.43991649313097614,0,0,0.7992939660427822,1,0,1,2,0,2,0,2,0,1,0,2,0.8803638001690798,4738.3,0,kaggle
8606-CIQUL,1,2.273158691738958,1,1,1.6137012404433893,1,2,1,2,2,2,2,2,2,2,1,1,1.6946443302504801,8399.15,0,kaggle
3571-DPYUH,1,-0.43991649313097614,1,1,1.0436161483629645,1,2,1,0,2,0,2,2,0,1,1,1,0.9950277931805424,5430.35,0,kaggle
7601-GNDYK,1,-0.43991649313097614,1,1,0.10704778280226633,1,0,2,1,1,1,1,1,1,2,0,3,-1.5009913010689746,686.95,0,kaggle
0356-OBMAC,0,2.273158691738958,0,0,0.9621754209229036,1,2,1,0,2,2,2,2,0,2,1,0,1.1678546811978192,5706.3,0,kaggle
8067-NIOYM,0,-0.43991649313097614,1,1,-0.3408762181180675,1,0,2,1,1,1,1,1,1,2,1,1,-1.451137391063991,490.65,0,kaggle
1403-GYAFU,1,-0.43991649313097614,1,1,1.5322605130033284,1,0,2,1,1,1,1,1,1,2,0,1,-1.4860351280674797,1360.25,0,kaggle
4234-XTNEA,1,-0.43991649313097614,0,0,-1.2367242199587352,1,0,1,0,0,0,0,2,0,0,1,2,0.5047976781315361,174.45,0,kaggle
1297-VQDRP,1,2.273158691738958,1,1,1.4508197855632678,1,2,1,0,0,2,2,2,2,1,1,1,1.4088152462219072,7379.8,0,kaggle
9282-IZGQK,0,-0.43991649313097614,0,0,-1.2774445836787656,1,2,1,0,0,0,0,0,2,0,1,2,0.6726391751483144,85.0,1,kaggle
5348-CAGXB,1,-0.43991649313097614,0,0,-0.8295205827584317,1,2,1,0,0,2,0,2,0,0,1,2,0.8238627021634315,1021.75,0,kaggle
0621-HJWXJ,0,-0.43991649313097614,1,0,1.247217966963116,1,2,1,0,2,0,0,0,0,0,1,0,0.5579751821368518,5029.05,0,kaggle
5844-QVTAT,0,-0.43991649313097614,1,1,0.025607055362205634,1,0,0,2,2,2,0,0,0,1,1,3,-0.20977503193989694,1955.4,0,kaggle
8905-IAZPF,0,-0.43991649313097614,1,0,1.4915401492832983,1,0,1,0,2,0,0,2,2,1,1,1,1.0266019361836989,6744.2,0,kaggle
5394-MEITZ,0,-0.43991649313097614,1,1,1.125056875803025,1,0,0,0,2,2,2,2,2,2,1,0,0.5264010391336954,4946.7,0,kaggle
6859-QNXIQ,0,-0.43991649313097614,1,1,1.6137012404433893,1,2,1,2,2,2,2,2,2,2,1,0,1.6065690892416755,8248.5,0,kaggle
2782-LFZVW,0,-0.43991649313097614,0,0,-0.8702409464784621,1,2,0,0,0,0,0,0,2,0,1,3,-0.1931570619382357,601.6,0,kaggle
2866-IKBTM,0,-0.43991649313097614,0,0,-1.2774445836787656,1,0,2,1,1,1,1,1,1,0,0,3,-1.502653098069141,19.55,0,kaggle
1342-JPNKI,1,-0.43991649313097614,0,0,-0.9109613101984924,1,2,1,0,0,0,0,2,0,0,1,0,0.7075369121518029,834.1,1,kaggle
2817-NTQDO,1,-0.43991649313097614,0,0,-0.7888002190384014,0,1,0,2,0,0,2,2,0,0,1,1,-0.6385186579827569,597.0,1,kaggle
7129-AZJDE,1,-0.43991649313097614,1,1,0.06632741908223598,1,0,1,0,0,0,0,0,2,1,1,0,0.47156173812821356,2647.2,0,kaggle
6986-IJDHX,1,-0.43991649313097614,1,1,0.26992923768238775,1,0,1,0,2,0,0,2,0,0,1,3,0.7158458971526335,3266.0,1,kaggle
2560-PPCHE,0,-0.43991649313097614,0,0,1.3286586944031769,1,2,1,0,2,0,2,2,2,1,1,0,1.3390197722149297,6744.25,0,kaggle
4676-MQUEA,1,2.273158691738958,1,0,0.7178532386027215,1,2,1,2,2,2,0,2,0,1,1,0,1.2343265612044643,5265.5,0,kaggle
8138-EALND,1,-0.43991649313097614,0,0,-0.7073594915983407,1,0,2,1,1,1,1,1,1,0,0,3,-1.4960059100684764,311.6,0,kaggle
3580-HYCSP,1,-0.43991649313097614,1,1,1.6137012404433893,1,2,1,2,2,2,0,2,2,2,1,0,1.5135084572323727,7966.9,0,kaggle
1352-HNSAW,0,-0.43991649313097614,1,1,1.6137012404433893,1,2,1,2,2,2,2,2,2,2,1,0,1.6896589392499817,8220.4,0,kaggle
2075-PUEPR,1,-0.43991649313097614,1,1,0.9214550572028734,1,0,2,1,1,1,1,1,1,2,0,0,-1.5093002860698053,1153.25,0,kaggle
1982-FEBTD,0,-0.43991649313097614,1,1,-0.38159658183809786,1,2,2,1,1,1,1,1,1,2,1,1,-1.3015756610490399,514.75,0,kaggle
5301-GAUUY,1,-0.43991649313097614,0,0,-0.015113308357824713,1,2,1,0,2,0,0,0,0,0,1,0,0.5180920541328647,2596.15,1,kaggle
5791-KAJFD,0,-0.43991649313097614,1,1,0.9621754209229036,1,2,0,2,0,2,0,0,2,1,1,0,0.13255515009432434,3808.0,0,kaggle
2654-VBVPB,0,-0.43991649313097614,0,0,-1.2774445836787656,1,0,2,1,1,1,1,1,1,0,0,0,-1.491020519067978,19.9,0,kaggle
1154-HYWWO,1,-0.43991649313097614,0,0,0.22920887396235737,1,0,0,2,2,0,2,2,0,1,0,3,0.19404163910047073,2708.2,0,kaggle
2501-XWWTZ,1,-0.43991649313097614,0,0,-0.8702409464784621,1,0,1,0,0,0,0,0,0,0,0,2,0.18074726309914202,760.05,0,kaggle
3716-UVSPD,1,-0.43991649313097614,0,0,-1.2774445836787656,1,0,0,0,0,0,2,0,0,0,1,2,-0.5138838829702976,49.3,0,kaggle
6815-ABQFQ,1,-0.43991649313097614,1,0,0.9621754209229036,1,2,1,0,2,0,2,2,2,1,1,2,1.4121388402222392,6033.3,0,kaggle
7343-EOBEU,1,-0.43991649313097614,1,0,-1.1960038562387048,1,2,2,1,1,1,1,1,1,0,1,3,-1.368047541055685,89.05,0,kaggle
3701-SFMUH,1,-0.43991649313097614,1,1,-1.0331224013585834,1,0,0,2,0,0,0,2,2,0,0,1,0.16412929309748078,516.15,0,kaggle
6103-LIANB,1,-0.43991649313097614,1,1,1.0843365120829946,1,2,1,0,0,2,0,2,2,2,1,1,1.15456030519649,5861.75,0,kaggle
7319-VENRZ,1,-0.43991649313097614,0,0,-1.0331224013585834,1,0,0,0,0,2,2,2,0,0,0,0,-0.015344782920460707,445.95,0,kaggle
5846-NEQVZ,1,-0.43991649313097614,1,1,1.5729808767233588,1,0,0,2,0,2,2,0,2,2,1,1,0.20235062410130134,4973.4,0,kaggle
6967-QIQRV,1,-0.43991649313097614,1,1,-0.7073594915983407,1,0,1,2,0,0,2,2,2,1,0,2,1.2343265612044643,1667.25,0,kaggle
5781-RFZRP,1,-0.43991649313097614,1,0,1.5729808767233588,1,2,0,2,2,0,2,2,0,2,0,1,0.29042586511010604,5357.75,0,kaggle
0939-YAPAF,0,-0.43991649313097614,0,0,0.10704778280226633,1,2,1,0,0,2,0,2,2,0,1,2,1.1794872601989819,3527.6,1,kaggle
0308-IVGOK,0,-0.43991649313097614,0,0,-0.8702409464784621,0,1,0,0,2,2,2,0,0,1,1,1,-0.8096837489998675,422.6,0,kaggle
7293-LSCDV,0,-0.43991649313097614,1,1,1.125056875803025,1,0,2,1,1,1,1,1,1,2,1,1,-1.5126238800701375,1103.25,0,kaggle
7025-WCBNE,1,2.273158691738958,0,0,0.5956921474426305,1,2,0,0,2,0,2,0,0,2,0,0,-0.17155370093607614,2754.0,0,kaggle
5756-JYOJT,0,-0.43991649313097614,0,0,-0.8702409464784621,1,0,0,0,0,2,2,0,2,1,0,1,0.004596781081533054,697.25,0,kaggle
4710-FDUIZ,1,-0.43991649313097614,1,0,0.9621754209229036,1,2,1,0,2,0,0,2,2,1,0,1,1.1811490571991479,5614.45,1,kaggle
6030-REHUX,0,2.273158691738958,1,0,-0.1779947632379461,1,2,1,0,2,2,2,2,2,0,1,2,1.5317882242341998,3204.4,0,kaggle
9548-LIGTA,1,-0.43991649313097614,1,0,1.1657772395230555,1,0,0,2,2,0,2,2,2,2,1,3,0.5413572121351905,4747.65,0,kaggle
5150-LJNSR,1,-0.43991649313097614,1,1,-0.055833672077855064,1,2,1,2,0,2,0,2,0,1,0,0,1.1063681921916724,3082.1,0,kaggle
8270-RKSAP,1,-0.43991649313097614,0,0,-0.9516816739185228,1,0,1,0,0,0,0,0,0,0,1,2,0.19071804510013865,597.9,0,kaggle
6522-YRBXD,1,2.273158691738958,1,0,0.10704778280226633,1,2,1,2,2,0,0,0,2,0,1,2,0.9900424021800438,3365.4,0,kaggle
2640-LYMOV,1,-0.43991649313097614,0,0,-1.2367242199587352,1,0,2,1,1,1,1,1,1,0,1,3,-1.4993295040688086,38.8,0,kaggle
1218-VKFPE,0,-0.43991649313097614,1,1,-0.8295205827584317,1,0,2,1,1,1,1,1,1,0,0,3,-1.5209328650709681,233.55,1,kaggle
3627-FHKBK,0,-0.43991649313097614,0,0,-1.2774445836787656,1,0,1,2,0,0,0,0,0,0,0,3,0.3502505571160864,75.3,1,kaggle
2865-TCHJW,0,2.273158691738958,0,0,-1.1552834925186746,1,2,1,0,0,2,0,2,0,0,1,2,0.8122301231622688,346.2,1,kaggle
1423-BMPBQ,0,-0.43991649313097614,1,1,-1.2774445836787656,1,0,2,1,1,1,1,1,1,0,1,3,-1.5209328650709681,19.0,0,kaggle
2393-DIVAI,0,-0.43991649313097614,0,0,-1.1960038562387048,1,0,2,1,1,1,1,1,1,0,1,3,-1.4876969250676457,61.7,0,kaggle
5192-EBGOV,0,2.273158691738958,0,0,-1.2774445836787656,1,2,1,0,0,0,0,2,0,0,1,2,0.6959043331506402,85.7,1,kaggle
4568-KNYWR,1,-0.43991649313097614,0,0,0.7992939660427822,1,0,0,2,2,0,0,2,0,2,1,1,-0.0502425199239492,3342.45,0,kaggle
8752-IMQOS,1,-0.43991649313097614,1,1,-1.1145631287986442,1,0,2,1,1,1,1,1,1,1,0,3,-1.4843733310673135,85.1,0,kaggle
0742-LAFQK,1,-0.43991649313097614,1,0,1.6137012404433893,1,2,1,2,2,2,0,0,2,2,1,2,1.1429277261953275,7422.1,0,kaggle
0795-LAFGP,1,-0.43991649313097614,1,1,1.5729808767233588,1,2,0,2,2,2,2,2,2,2,0,2,0.8521132511662559,6668.05,0,kaggle
0619-OLYUR,1,-0.43991649313097614,1,0,1.6137012404433893,1,2,1,2,0,2,2,2,2,2,1,1,1.5666859612376889,8071.05,0,kaggle
5512-IDZEI,1,-0.43991649313097614,1,1,0.5549717837226001,1,2,2,1,1,1,1,1,1,1,0,2,-1.3248408190513656,1174.8,0,kaggle
0459-SPZHJ,1,-0.43991649313097614,1,1,1.247217966963116,1,2,0,2,2,2,0,2,2,2,0,1,0.6227852651433307,5435.0,0,kaggle
0215-BQKGS,1,-0.43991649313097614,0,0,-0.0965540357978854,1,0,1,2,2,2,0,0,0,0,1,1,0.6493740171459885,2438.6,0,kaggle
9244-ZVAPM,1,-0.43991649313097614,0,0,-1.2774445836787656,1,0,0,0,0,0,0,0,0,0,0,3,-0.6368568609825906,45.6,0,kaggle
0719-SYFRB,0,-0.43991649313097614,0,0,-0.8295205827584317,1,2,0,2,0,2,2,0,0,0,1,3,-0.10342002392926519,713.75,1,kaggle
8208-EUMTE,1,-0.43991649313097614,0,0,-0.6666391278783103,0,1,0,2,2,2,2,2,0,2,0,3,-0.32942441595185784,916.15,0,kaggle
5172-MIGPM,1,-0.43991649313097614,0,0,-1.1552834925186746,1,2,0,0,0,0,2,0,2,0,0,3,0.02620014208369237,237.2,0,kaggle
1710-RCXUS,1,-0.43991649313097614,1,0,0.758573602322752,1,2,1,0,2,0,0,0,2,1,1,1,0.8504514541660894,4614.55,0,kaggle
0374-FIUCA,1,-0.43991649313097614,1,0,1.3286586944031769,1,0,2,1,1,1,1,1,1,2,1,1,-1.4744025490663168,1414.45,0,kaggle
5839-SUYVZ,1,-0.43991649313097614,0,0,-0.6666391278783103,1,0,1,0,0,0,2,0,0,0,1,1,0.32532360211359457,1170.5,0,kaggle
5173-ZXXXL,1,-0.43991649313097614,0,0,-1.2367242199587352,1,0,2,1,1,1,1,1,1,1,0,3,-1.4893587220678117,47.7,0,kaggle
1096-ADRUX,0,-0.43991649313097614,1,1,1.369379058123207,1,2,1,0,0,0,0,0,0,1,1,0,0.3153528201125979,4859.25,0,kaggle
2001-MCUUW,1,-0.43991649313097614,0,0,0.5549717837226001,1,2,1,0,2,2,2,2,2,2,0,2,1.4586691562268908,4903.2,0,kaggle
2731-GJRDG,0,-0.43991649313097614,0,0,-0.015113308357824713,1,2,1,2,0,2,2,2,2,1,1,0,1.4885815022298807,3608.0,0,kaggle
4723-BEGSG,1,-0.43991649313097614,1,0,1.6137012404433893,1,2,0,2,0,2,2,2,2,2,0,1,0.7274784761537967,6094.25,0,kaggle
6516-NKQBO,1,-0.43991649313097614,1,1,0.22920887396235737,1,0,0,2,0,2,2,2,2,2,0,1,0.5396954151350245,3084.9,0,kaggle
8672-OAUPW,1,-0.43991649313097614,0,1,0.758573602322752,1,0,0,0,0,0,2,0,0,1,0,1,-0.562075995975115,2356.75,0,kaggle
8207-DMRVL,1,-0.43991649313097614,1,1,1.6137012404433893,1,2,1,2,2,2,2,2,2,2,0,0,1.654761202246493,8306.05,0,kaggle
3419-SNJJD,0,2.273158691738958,1,0,1.3286586944031769,1,2,1,2,0,2,0,2,2,0,0,0,1.3456669602155942,6786.4,1,kaggle
6543-CPZMK,1,-0.43991649313097614,1,1,-0.9516816739185228,0,1,0,0,2,0,0,0,0,0,1,2,-1.156999322034587,248.95,1,kaggle
4765-OXPPD,0,-0.43991649313097614,1,1,-0.9516816739185228,1,0,0,2,2,2,2,0,0,0,0,3,0.00792037508186511,663.05,1,kaggle
2804-ETQDK,1,-0.43991649313097614,0,1,1.369379058123207,1,0,2,1,1,1,1,1,1,2,0,3,-1.4694171580658184,1357.1,0,kaggle
6689-VRRTK,0,2.273158691738958,0,0,0.47353105628253944,1,2,1,2,2,2,0,2,2,1,1,1,1.4968904872307114,4860.35,0,kaggle
7138-GIRSH,1,-0.43991649313097614,0,0,0.7178532386027215,1,2,0,0,0,2,2,0,2,2,0,0,0.1574821050968162,3418.2,0,kaggle
9396-ZSFLL,0,-0.43991649313097614,0,0,-0.7073594915983407,1,2,0,0,0,0,0,0,0,0,0,3,-0.5288400559717926,631.4,0,kaggle
6464-KEXXH,1,-0.43991649313097614,0,0,-0.9924020376385531,0,1,0,0,0,0,0,0,0,0,1,1,-1.3132082400502028,186.3,0,kaggle
7134-MJPDY,0,2.273158691738958,0,0,1.369379058123207,1,2,1,0,0,2,2,2,2,1,1,1,1.2659007042076202,6976.75,0,kaggle
5240-CAOYT,0,-0.43991649313097614,0,0,1.002895784642934,1,2,1,2,2,0,2,0,0,0,1,0,0.7573908221567865,4884.85,0,kaggle
4059-IIEBK,0,-0.43991649313097614,0,0,-1.0331224013585834,1,2,1,0,2,0,0,0,0,0,1,0,0.4582673621268844,522.95,0,kaggle
4881-JVQOD,1,2.273158691738958,1,1,-0.9109613101984924,0,1,0,0,0,0,0,0,2,0,1,0,-1.004113998019304,362.6,0,kaggle
0516-UXRMT,0,-0.43991649313097614,0,0,1.2064976032430856,1,2,1,2,2,2,0,0,0,1,1,2,0.9069525521717376,5755.8,0,kaggle
4851-BQDNX,1,-0.43991649313097614,1,1,0.3106496014024181,1,0,1,0,0,2,0,2,0,1,1,2,0.6743009721484804,3355.65,0,kaggle
5148-HKFIR,0,-0.43991649313097614,0,0,-0.5037576729981889,1,0,2,1,1,1,1,1,1,2,0,3,-1.4976677070686424,406.95,0,kaggle
1009-IRMNA,0,-0.43991649313097614,0,0,-1.0331224013585834,1,0,2,1,1,1,1,1,1,0,0,0,-1.4876969250676457,137.6,1,kaggle
3003-CMDUU,0,-0.43991649313097614,1,0,-0.30015585439803716,1,0,1,0,0,0,2,2,2,0,1,2,1.0099839661820376,2395.7,0,kaggle
5016-IBERQ,1,-0.43991649313097614,1,0,-0.38159658183809786,1,2,1,0,2,2,0,0,0,0,0,2,0.6477122201458225,1968.1,0,kaggle
6797-UCJHZ,0,2.273158691738958,1,0,1.369379058123207,1,2,1,0,2,2,0,2,2,1,0,1,1.3240635992134344,6819.45,0,kaggle
2469-DTSGX,0,2.273158691738958,0,0,1.6137012404433893,1,2,1,0,2,2,2,2,2,2,0,2,1.5583769762368582,7943.45,0,kaggle
4554-YGZIH,1,2.273158691738958,1,0,0.6771328748826912,1,2,1,0,2,0,0,0,2,0,0,1,0.8404806721650927,4547.25,1,kaggle
5099-BAILX,1,2.273158691738958,1,1,0.43281069256250915,1,2,1,0,2,2,2,2,2,0,1,0,1.5284646302338678,4687.9,1,kaggle
9931-KGHOA,0,-0.43991649313097614,1,0,0.5549717837226001,1,2,0,2,0,0,0,0,0,0,0,0,-0.3244390249513595,2473.95,0,kaggle
1775-KWJKQ,1,-0.43991649313097614,1,1,1.6137012404433893,1,2,0,2,2,2,2,2,2,2,0,1,0.8338334841644282,6562.9,0,kaggle
7665-VIGUD,1,-0.43991649313097614,0,0,-0.9109613101984924,1,0,2,1,1,1,1,1,1,1,0,3,-1.4760643460664828,176.3,0,kaggle
9411-TPQQV,0,-0.43991649313097614,0,0,0.3106496014024181,0,1,0,2,0,0,2,2,2,1,1,0,-0.3393951979528547,2236.2,0,kaggle
7207-RMRDB,0,-0.43991649313097614,1,1,1.3286586944031769,1,2,1,0,2,2,0,2,2,0,1,2,1.3539759452164248,6985.65,1,kaggle
7954-MLBUN,1,-0.43991649313097614,0,0,-0.055833672077855064,1,0,1,0,0,2,2,2,2,2,0,0,1.1528985081963241,3109.9,0,kaggle
2077-DDHJK,0,-0.43991649313097614,1,0,1.4508197855632678,1,2,0,2,2,2,2,0,0,2,0,1,0.20401242110146783,4911.35,0,kaggle
4913-EHYUI,1,2.273158691738958,1,1,0.9621754209229036,1,2,1,2,0,2,0,2,2,1,1,0,1.3224018022132684,5794.65,1,kaggle
0195-IESCP,1,-0.43991649313097614,1,0,-0.9109613101984924,1,2,1,0,0,0,0,0,2,0,1,2,0.6809481601491449,855.3,1,kaggle
9574-BOSMD,1,-0.43991649313097614,1,1,1.4508197855632678,1,2,2,1,1,1,1,1,1,2,0,0,-1.3082228490497045,1620.2,0,kaggle
4580-TMHJU,0,-0.43991649313097614,1,1,0.43281069256250915,1,0,0,0,0,0,0,2,0,0,0,2,-0.28621769394753876,2499.3,1,kaggle
0970-ETWGE,1,-0.43991649313097614,0,0,-1.2774445836787656,1,0,1,0,0,0,0,2,2,0,1,2,0.8238627021634315,89.55,1,kaggle
4908-XAXAY,0,2.273158691738958,0,0,0.6771328748826912,1,0,1,0,2,2,0,0,2,1,1,0,0.8338334841644282,4287.2,0,kaggle
8404-VLQFB,0,-0.43991649313097614,1,1,-0.7073594915983407,1,2,2,1,1,1,1,1,1,0,1,2,-1.3132082400502028,394.85,0,kaggle
1626-ERCMM,1,2.273158691738958,1,0,-0.5037576729981889,1,2,1,0,0,0,0,2,2,0,1,2,0.9900424021800438,1899.65,1,kaggle
0887-HJGAR,1,-0.43991649313097614,0,0,-1.2774445836787656,1,0,0,0,0,0,0,0,0,0,1,3,-0.6335332669822583,45.7,1,kaggle
2391-IPLOP,1,-0.43991649313097614,1,1,0.7178532386027215,1,2,0,0,0,2,2,2,0,1,1,2,0.16246749609731476,3442.15,0,kaggle
5644-PDMZC,0,2.273158691738958,0,0,-1.2367242199587352,1,2,1,0,2,0,0,0,2,0,0,2,0.8222009051632655,161.5,1,kaggle
3509-GWQGF,1,2.273158691738958,0,0,-0.3408762181180675,1,0,1,0,0,0,0,0,0,0,0,1,0.17410007509847744,1732.6,0,kaggle
9576-ANLXO,0,-0.43991649313097614,0,0,-1.1960038562387048,1,0,1,0,0,0,0,0,0,0,1,0,0.15914390209698223,222.3,1,kaggle
2024-BASKD,0,-0.43991649313097614,0,0,-1.2774445836787656,1,0,1,0,0,2,0,0,0,0,1,3,0.32698539911376057,74.6,1,kaggle
5845-BZZIB,1,-0.43991649313097614,1,1,0.10704778280226633,1,0,2,1,1,1,1,1,1,2,0,3,-1.4843733310673135,655.3,0,kaggle
1140-UKVZG,0,-0.43991649313097614,0,0,-0.62591876415828,1,2,2,1,1,1,1,1,1,0,0,3,-1.328164413051698,475.25,0,kaggle
4160-AMJTL,0,2.273158691738958,0,0,-0.9924020376385531,1,0,2,1,1,1,1,1,1,0,0,2,-1.4993295040688086,164.3,1,kaggle
5183-SNMJQ,1,-0.43991649313097614,0,0,-0.9109613101984924,1,0,1,0,0,0,2,2,2,0,1,1,1.0083221691818711,865.1,0,kaggle
8100-PNJMH,1,-0.43991649313097614,1,1,1.4508197855632678,1,2,0,2,2,2,2,2,2,2,1,1,0.8005975441611056,6132.7,0,kaggle
7838-LAZFO,1,-0.43991649313097614,1,0,0.5142514200025698,1,0,0,2,2,2,0,2,2,1,0,0,0.466576347127715,3597.5,0,kaggle
4464-JCOLN,1,-0.43991649313097614,1,1,-1.2367242199587352,1,0,2,1,1,1,1,1,1,1,0,3,-1.4926823160681442,35.9,1,kaggle
2085-JVGAD,1,-0.43991649313097614,1,0,0.18848851024232702,1,0,2,1,1,1,1,1,1,0,0,0,-1.4760643460664828,697.65,0,kaggle
5650-VDUDS,0,-0.43991649313097614,0,0,-1.1552834925186746,0,1,0,0,0,0,0,0,0,0,1,3,-1.3464441800535252,96.05,1,kaggle
8095-WANWK,0,-0.43991649313097614,0,0,-0.9109613101984924,1,0,0,0,0,0,0,0,0,0,0,3,-0.6484894399837535,428.7,0,kaggle
3030-ZKIWL,1,-0.43991649313097614,0,0,-1.2774445836787656,1,0,2,1,1,1,1,1,1,0,0,3,-1.4860351280674797,20.05,0,kaggle
9565-FLVCG,1,-0.43991649313097614,1,1,1.3286586944031769,1,2,0,2,2,0,0,0,2,2,1,3,0.15914390209698223,4459.15,0,kaggle
8755-OGKNA,0,-0.43991649313097614,1,1,1.002895784642934,1,0,2,1,1,1,1,1,1,2,0,0,-1.504314895069307,1167.6,0,kaggle
2800-VEQXM,0,-0.43991649313097614,0,0,-1.1960038562387048,1,0,1,0,0,2,0,0,0,0,1,3,0.3319707901142591,238.1,0,kaggle
7538-GWHML,0,-0.43991649313097614,0,0,-1.2367242199587352,1,0,1,0,0,0,0,0,0,0,0,2,0.16246749609731476,145.15,1,kaggle
5533-RJFTJ,1,-0.43991649313097614,0,0,0.6771328748826912,0,1,0,0,0,2,0,0,0,0,1,0,-1.1486903370337564,1453.1,0,kaggle
3859-CVCET,0,-0.43991649313097614,0,0,-1.1552834925186746,1,0,0,0,0,0,0,0,0,0,0,3,-0.6351950639824246,191.05,1,kaggle
0214-JHPFW,0,-0.43991649313097614,1,0,1.5322605130033284,0,1,0,0,2,2,2,2,2,2,0,0,-0.23137839294205673,4039.3,0,kaggle
5642-MHDQT,0,-0.43991649313097614,1,1,0.8400143297628127,1,0,2,1,1,1,1,1,1,1,1,0,-1.4926823160681442,1039.45,0,kaggle
3088-FVYWK,1,-0.43991649313097614,1,1,0.8400143297628127,1,2,2,1,1,1,1,1,1,2,0,1,-1.303237458049206,1336.1,0,kaggle
3276-HDUEG,0,-0.43991649313097614,0,0,-1.2774445836787656,1,2,1,0,0,0,0,0,0,0,1,3,0.3419415721152558,75.05,1,kaggle
9092-GDZKO,1,-0.43991649313097614,0,0,-0.4223169455581282,1,2,2,1,1,1,1,1,1,0,1,1,-1.3265026160515319,493.4,0,kaggle
0823-HSCDJ,1,2.273158691738958,0,0,0.7992939660427822,0,1,0,0,2,0,0,2,2,0,1,2,-0.518869273970796,2550.9,1,kaggle
3729-OWRVL,1,2.273158691738958,0,0,1.3286586944031769,1,2,1,2,0,2,2,2,2,2,1,2,1.5151702542325387,7246.15,0,kaggle
2324-AALNO,0,-0.43991649313097614,0,0,0.6364125111626608,1,2,2,1,1,1,1,1,1,1,0,0,-1.3364733980525287,1203.95,0,kaggle
0822-GAVAP,0,-0.43991649313097614,0,0,-1.2367242199587352,0,1,0,0,0,0,0,0,2,0,1,2,-0.9991286070188055,62.25,1,kaggle
5760-IFJOZ,1,-0.43991649313097614,0,0,-1.1960038562387048,1,2,1,0,2,2,0,2,2,0,0,3,1.435403998224565,313.6,0,kaggle
2826-UWHIS,1,-0.43991649313097614,1,0,0.5142514200025698,1,2,1,0,2,0,0,0,0,0,0,0,0.5529897911363537,3775.85,0,kaggle
1448-PWKYE,1,-0.43991649313097614,1,1,-1.2774445836787656,1,0,1,0,0,0,0,0,2,0,0,2,0.5064594751317021,80.0,1,kaggle
7501-IWUNG,0,-0.43991649313097614,1,1,1.1657772395230555,1,0,0,0,0,2,2,2,2,2,1,0,0.3003966471111027,4616.05,0,kaggle
4957-TREIR,1,-0.43991649313097614,0,0,-1.1960038562387048,1,0,0,2,0,0,2,2,0,0,1,1,-0.012021188920128179,195.65,0,kaggle
7251-LJBQN,0,2.273158691738958,0,0,0.3106496014024181,1,2,1,0,0,2,2,2,2,1,1,1,1.2958130502106107,4188.4,0,kaggle
8040-MNRTF,0,-0.43991649313097614,0,0,-1.2774445836787656,1,0,1,0,0,0,0,0,0,0,0,3,0.21065960910213194,71.1,0,kaggle
1536-HBSWP,0,-0.43991649313097614,0,0,-1.2774445836787656,1,0,0,0,0,0,2,0,0,0,1,2,-0.49394231896830415,49.9,0,kaggle
5313-FPXWG,1,-0.43991649313097614,0,0,0.758573602322752,1,2,2,1,1,1,1,1,1,1,1,0,-1.3348116010523623,1266.4,0,kaggle
0067-DKWBL,1,2.273158691738958,0,0,-1.2367242199587352,1,0,0,2,0,0,0,0,0,0,1,2,-0.5155456799704636,91.1,1,kaggle
0946-FKYTX,1,-0.43991649313097614,0,0,0.7992939660427822,0,1,0,0,2,0,0,0,0,1,0,3,-1.152013931034089,1623.4,0,kaggle
5076-YVXCM,1,-0.43991649313097614,0,0,0.758573602322752,1,2,1,0,0,0,0,0,2,0,0,0,0.6194616711429987,4149.45,0,kaggle
8262-COGGB,1,-0.43991649313097614,0,0,-1.2774445836787656,1,0,2,1,1,1,1,1,1,0,1,3,-1.4727407520661506,20.45,0,kaggle
6663-JOCQO,1,-0.43991649313097614,1,1,-0.055833672077855064,1,2,0,2,2,0,2,0,2,1,1,0,0.3485887601159204,2344.5,0,kaggle
9620-QJREV,1,-0.43991649313097614,0,1,0.5956921474426305,1,0,2,1,1,1,1,1,1,1,0,1,-1.4694171580658184,1013.05,0,kaggle
2276-YDAVZ,0,-0.43991649313097614,0,0,-1.1960038562387048,1,2,1,0,0,0,0,0,0,0,1,1,0.3436033691154218,270.7,1,kaggle
2682-KEVRP,0,2.273158691738958,0,0,-0.4223169455581282,1,0,2,1,1,1,1,1,1,1,1,3,-1.4860351280674797,417.0,0,kaggle
2480-JZOSN,0,-0.43991649313097614,1,0,-1.2774445836787656,1,0,2,1,1,1,1,1,1,0,1,3,-1.4660935640654862,20.65,0,kaggle
0078-XZMHT,1,-0.43991649313097614,1,0,1.6137012404433893,1,2,0,0,2,2,2,2,2,2,1,0,0.677624566148813,6316.2,0,kaggle
5896-NPFWW,1,-0.43991649313097614,1,1,-1.1960038562387048,1,0,0,0,0,2,0,0,0,0,1,2,-0.4856333339674735,168.15,1,kaggle
9978-HYCIN,1,2.273158691738958,1,1,0.5956921474426305,1,0,1,0,2,0,0,2,0,1,1,0,0.6709773781481484,4018.05,0,kaggle
8338-QIUNR,1,-0.43991649313097614,1,1,1.6137012404433893,1,2,0,2,0,2,2,0,0,2,1,1,0.05777428508684881,4811.6,0,kaggle
1525-LNLOJ,1,-0.43991649313097614,1,1,1.369379058123207,1,2,0,0,0,2,0,2,0,2,1,0,-0.04858072292378317,4189.7,0,kaggle
9450-TRJUU,1,-0.43991649313097614,0,0,0.10704778280226633,1,2,1,0,0,0,0,2,0,0,0,2,0.611152686142168,2848.45,0,kaggle
1766-GKNMI,1,-0.43991649313097614,0,0,-0.13727439951791576,1,2,1,0,0,0,0,0,2,0,1,2,0.6693155811479823,2516.2,0,kaggle
6942-LBFDP,0,-0.43991649313097614,0,0,-1.2367242199587352,1,0,2,1,1,1,1,1,1,0,1,3,-1.4694171580658184,33.6,0,kaggle
1456-TWCGB,1,-0.43991649313097614,0,0,-1.1552834925186746,1,0,0,0,2,0,0,0,0,0,0,3,-0.5155456799704636,208.45,0,kaggle
7133-VBDCG,0,-0.43991649313097614,0,0,-0.30015585439803716,1,0,1,2,2,0,0,0,0,0,1,0,0.5014740841312035,2015.35,1,kaggle
7596-ZYWBB,0,-0.43991649313097614,0,0,1.3286586944031769,1,0,0,2,2,0,2,0,0,2,1,3,-0.17155370093607614,3739.8,0,kaggle
8329-UTMVM,1,2.273158691738958,0,0,-0.21871512695797646,1,2,1,0,2,0,2,2,2,1,1,0,1.325725396213601,2964.0,0,kaggle
3014-WJKSM,1,-0.43991649313097614,1,0,-0.13727439951791576,1,0,1,0,0,2,0,0,0,0,1,1,0.3502505571160864,2263.4,0,kaggle
3347-YJZZE,1,-0.43991649313097614,1,1,-0.13727439951791576,1,2,0,0,2,2,0,2,2,0,0,1,0.5097830691320341,2211.8,0,kaggle
1029-QFBEN,1,-0.43991649313097614,0,0,-1.2774445836787656,1,0,2,1,1,1,1,1,1,0,0,3,-1.502653098069141,19.55,1,kaggle
7929-DMBCV,0,-0.43991649313097614,1,0,-0.5037576729981889,1,0,1,0,0,2,2,0,0,0,1,3,0.5396954151350245,1683.7,0,kaggle
9661-JALZV,0,-0.43991649313097614,0,0,1.0436161483629645,1,2,2,1,1,1,1,1,1,2,1,1,-1.33148800705203,1519.0,0,kaggle
5433-KYGHE,0,-0.43991649313097614,0,1,-0.748079855318371,1,2,1,2,0,0,2,0,0,0,1,3,0.7058751151516368,1164.05,0,kaggle
4312-KFRXN,1,-0.43991649313097614,1,0,1.6137012404433893,1,2,2,1,1,1,1,1,1,2,0,3,-1.3082228490497045,1710.9,0,kaggle
5575-TPIZQ,1,-0.43991649313097614,0,0,0.5549717837226001,1,2,1,2,0,0,0,2,0,0,1,1,0.8105683261621028,4245.55,0,kaggle
0114-IGABW,0,-0.43991649313097614,1,0,1.5729808767233588,0,1,0,0,2,2,2,2,2,2,0,0,-0.21642221994056152,4145.9,0,kaggle
9944-AEXBM,1,-0.43991649313097614,0,0,-0.015113308357824713,1,2,1,0,0,0,0,0,2,0,1,0,0.6942425361504742,2664.3,0,kaggle
1853-ARAAQ,0,-0.43991649313097614,0,0,-0.2594354906780068,0,1,0,0,0,2,0,2,2,0,1,1,-0.47898614596680894,1277.5,0,kaggle
6952-OMNWB,1,2.273158691738958,1,0,1.4508197855632678,1,2,1,0,0,2,0,0,0,0,1,1,0.5180920541328647,5589.3,0,kaggle
4697-LUPSU,1,-0.43991649313097614,1,1,-1.2367242199587352,1,0,2,1,1,1,1,1,1,1,0,3,-1.481049737066981,34.75,0,kaggle
8434-VGEQQ,1,-0.43991649313097614,1,1,1.1657772395230555,1,0,2,1,1,1,1,1,1,2,0,1,-1.4694171580658184,1305.95,0,kaggle
4952-YSOGZ,0,-0.43991649313097614,1,1,-1.1552834925186746,1,2,1,0,0,0,0,0,2,0,1,2,0.7042133181514708,381.3,1,kaggle
1589-AGTLK,1,-0.43991649313097614,0,0,-1.1960038562387048,1,0,0,0,0,0,0,0,0,0,1,2,-0.6451658459834212,141.5,1,kaggle
5244-IRFIH,1,2.273158691738958,1,0,0.025607055362205634,1,2,1,0,0,0,0,2,2,0,1,2,0.9883806051798778,3105.55,1,kaggle
6549-YMFAW,1,2.273158691738958,1,0,-0.9516816739185228,1,0,2,1,1,1,1,1,1,0,1,3,-1.4461520000634926,204.55,0,kaggle
4950-HKQTE,0,-0.43991649313097614,0,0,-0.4223169455581282,1,2,2,1,1,1,1,1,1,2,0,3,-1.2799723000468803,605.9,0,kaggle
6786-OBWQR,0,-0.43991649313097614,1,1,-1.1145631287986442,1,0,1,0,0,0,0,2,0,0,1,2,0.534710024134526,356.1,0,kaggle
2684-EIWEO,0,2.273158691738958,0,0,-0.0965540357978854,1,2,1,2,2,2,0,0,0,0,0,1,0.895319973170575,2758.15,1,kaggle
2753-JMMCV,1,-0.43991649313097614,0,0,1.3286586944031769,1,2,0,0,2,2,2,0,2,2,1,1,0.31369102311243185,4805.65,0,kaggle
6439-GTPCA,0,-0.43991649313097614,0,0,0.5142514200025698,1,2,1,0,0,2,2,0,0,0,1,2,0.7474200401557899,3941.7,1,kaggle
6621-YOBKI,1,-0.43991649313097614,0,0,-1.1145631287986442,1,0,2,1,1,1,1,1,1,0,0,3,-1.4760643460664828,92.75,0,kaggle
1216-JWVUX,1,-0.43991649313097614,1,1,-0.30015585439803716,1,0,1,0,2,0,0,0,0,0,1,2,0.356897745116751,1901.05,0,kaggle
7564-GHCVB,0,-0.43991649313097614,1,1,1.6137012404433893,1,2,1,2,0,0,0,0,0,2,0,0,0.4748853321285456,5730.7,0,kaggle
1173-NOEYG,0,-0.43991649313097614,1,0,-0.21871512695797646,1,2,1,0,0,2,0,0,2,0,0,0,0.8438042661654253,2423.4,0,kaggle
7595-EHCDL,1,-0.43991649313097614,1,1,-0.015113308357824713,0,1,0,0,0,2,0,2,2,0,0,1,-0.47067716096597834,1653.45,0,kaggle
6647-ZEDXT,0,-0.43991649313097614,0,0,-0.0965540357978854,1,2,1,0,2,2,2,2,2,1,0,1,1.5184938482328711,3327.05,0,kaggle
2521-NPUZR,1,-0.43991649313097614,1,0,1.5322605130033284,1,0,1,2,2,2,2,0,2,2,0,1,1.2044142152014738,7085.5,0,kaggle
1307-TVUFB,1,2.273158691738958,0,0,0.3920903288424788,1,2,1,0,2,0,0,0,0,0,1,0,0.48485611412954227,3344.1,0,kaggle
7503-MIOGA,0,2.273158691738958,1,0,1.6137012404433893,1,2,0,2,2,2,2,2,2,2,1,0,0.8338334841644282,6697.35,0,kaggle
4381-MHQDC,0,-0.43991649313097614,0,0,0.5956921474426305,1,2,0,2,0,2,2,0,0,2,1,3,0.00792037508186511,2879.9,0,kaggle
6923-JHPMP,0,-0.43991649313097614,0,0,-1.2367242199587352,1,0,1,2,0,2,0,0,0,0,1,2,0.5214156481331973,137.1,0,kaggle
5138-WVKYJ,1,-0.43991649313097614,0,0,-0.9109613101984924,1,2,1,2,0,0,0,2,2,0,0,2,1.1229861621933337,1008.55,1,kaggle
4018-PPNDW,0,-0.43991649313097614,1,1,1.1657772395230555,1,2,2,1,1,1,1,1,1,2,1,3,-1.3514295710540236,1551.6,0,kaggle
1635-FJFCC,0,-0.43991649313097614,0,0,-1.1145631287986442,1,0,0,0,0,0,0,0,0,0,1,1,-0.6883725679877406,202.15,0,kaggle
2499-AJYUA,0,2.273158691738958,1,0,1.6137012404433893,1,2,1,0,2,2,2,2,2,2,1,1,1.5301264272340338,7882.25,0,kaggle
6919-ELBGL,1,2.273158691738958,1,1,1.6137012404433893,1,2,1,2,2,2,2,2,2,2,1,0,1.6680555782478224,8196.4,0,kaggle
3966-HRMZA,0,2.273158691738958,0,0,-1.1960038562387048,1,0,1,0,0,2,0,0,0,0,0,3,0.3419415721152558,202.9,0,kaggle
6425-JWTDV,1,-0.43991649313097614,1,0,0.6364125111626608,1,0,2,1,1,1,1,1,1,2,0,3,-1.5126238800701375,855.1,0,kaggle
8405-IGQFX,0,-0.43991649313097614,0,0,1.247217966963116,1,0,1,0,0,2,2,2,0,1,1,1,0.8404806721650927,5817.0,0,kaggle
8224-IVVPA,0,-0.43991649313097614,0,0,-0.21871512695797646,1,0,0,2,2,0,0,0,0,0,1,3,-0.2679379269457112,1652.95,0,kaggle
9477-LGWQI,1,-0.43991649313097614,1,1,1.5322605130033284,1,0,0,2,2,2,0,2,2,2,1,1,0.5114448661322006,5600.15,0,kaggle
1410-RSCMR,1,-0.43991649313097614,1,1,-1.0331224013585834,1,0,0,2,0,2,2,0,2,0,1,1,0.21896859410296257,515.75,0,kaggle
3115-CZMZD,1,-0.43991649313097614,0,1,-1.318164947398796,1,0,2,1,1,1,1,1,1,2,0,3,-1.479387940066815,1397.475,0,kaggle
0139-IVFJG,0,-0.43991649313097614,1,0,-1.2367242199587352,1,0,1,2,2,0,0,2,0,0,0,2,0.8504514541660894,190.5,0,kaggle
6683-VLCTZ,1,2.273158691738958,0,0,-0.5037576729981889,1,2,1,0,0,2,0,2,2,0,1,2,1.1229861621933337,1842.8,1,kaggle
5730-DBDSI,1,-0.43991649313097614,0,0,1.369379058123207,1,0,2,1,1,1,1,1,1,2,0,0,-1.4976677070686424,1253.8,0,kaggle
0030-FNXPP,0,-0.43991649313097614,0,0,-1.1960038562387048,1,0,2,1,1,1,1,1,1,0,0,3,-1.4926823160681442,57.2,0,kaggle
2189-WWOEW,0,-0.43991649313097614,0,1,-0.7073594915983407,1,0,1,0,2,0,0,0,2,0,1,0,0.7025515211513048,1269.55,1,kaggle
5684-FJVYR,0,-0.43991649313097614,1,1,1.6137012404433893,1,2,1,2,2,0,2,0,0,2,1,0,0.8504514541660894,6563.4,0,kaggle
4013-GUXND,1,-0.43991649313097614,0,0,-1.2774445836787656,1,0,2,1,1,1,1,1,1,0,0,3,-1.461108173064988,20.8,0,kaggle
1894-IGFSG,0,-0.43991649313097614,0,0,-0.4223169455581282,1,0,1,0,0,0,0,2,2,0,0,2,0.8138919201624348,1907.85,1,kaggle
7379-POKDZ,1,-0.43991649313097614,1,0,-1.1960038562387048,1,0,1,0,0,0,0,0,0,0,1,2,0.18407085709947407,208.85,1,kaggle
1266-NZYUI,0,-0.43991649313097614,1,1,1.6137012404433893,1,2,0,2,0,2,2,0,0,2,0,0,0.06940686408801149,4758.8,0,kaggle
7969-FFOWG,1,-0.43991649313097614,1,1,1.3286586944031769,1,0,2,1,1,1,1,1,1,2,0,3,-1.491020519067978,1292.6,0,kaggle
4718-DHSMV,0,-0.43991649313097614,0,0,-0.8702409464784621,0,1,0,0,0,0,0,2,0,0,1,3,-0.9625690730151509,363.15,0,kaggle
5175-WLYXL,1,-0.43991649313097614,0,0,-0.4223169455581282,1,2,1,0,2,0,0,0,0,0,1,3,0.46823814412788106,1600.25,0,kaggle
7817-OMJNA,1,-0.43991649313097614,0,0,-0.748079855318371,1,0,2,1,1,1,1,1,1,1,0,0,-1.4744025490663168,275.7,0,kaggle
8728-SKJLR,1,-0.43991649313097614,0,0,0.35136996512244845,1,0,1,0,0,0,2,0,0,0,1,2,0.3153528201125979,3089.1,0,kaggle
3137-NYQQI,1,-0.43991649313097614,1,0,-0.62591876415828,1,0,0,2,2,0,0,0,2,1,0,3,0.001273187081200524,1175.6,0,kaggle
7706-DZNKK,1,-0.43991649313097614,0,0,-0.8702409464784621,1,0,2,1,1,1,1,1,1,0,1,1,-1.4727407520661506,237.3,0,kaggle
0236-HFWSV,1,-0.43991649313097614,0,0,-0.7073594915983407,1,2,1,0,0,0,0,2,2,0,1,2,0.9501592741760567,1444.65,1,kaggle
3900-AQPHZ,0,-0.43991649313097614,0,0,-1.2774445836787656,1,0,2,1,1,1,1,1,1,0,0,3,-1.491020519067978,19.9,1,kaggle
5842-POCOP,0,-0.43991649313097614,1,0,-1.1145631287986442,1,0,1,2,0,2,0,0,2,0,1,3,0.8022593411612722,454.15,1,kaggle
2037-XJFUP,1,-0.43991649313097614,1,0,0.025607055362205634,1,0,1,0,0,2,0,2,2,1,1,2,1.0315873271841969,3036.75,1,kaggle
8823-RLPWL,0,-0.43991649313097614,1,0,1.6137012404433893,1,2,1,2,2,2,0,2,2,2,1,1,1.5251410362335358,8065.65,0,kaggle
9505-SQFSW,0,-0.43991649313097614,1,1,-1.1960038562387048,0,1,0,0,2,0,0,0,2,0,0,3,-0.8130073430001998,92.5,0,kaggle
7314-OXENN,1,-0.43991649313097614,0,0,-1.2367242199587352,1,2,1,0,2,0,0,0,0,0,1,2,0.572931355138347,184.65,1,kaggle
3758-CKOQL,0,-0.43991649313097614,1,0,1.0843365120829946,1,2,1,2,2,2,2,0,2,1,1,1,1.4038298552214086,6152.3,0,kaggle
0322-CHQRU,1,-0.43991649313097614,0,0,-1.2367242199587352,1,0,0,0,0,0,0,0,0,0,0,2,-0.6451658459834212,89.5,1,kaggle
5676-CFLYY,1,-0.43991649313097614,1,1,1.5729808767233588,1,0,0,0,2,0,2,2,2,2,1,1,0.2854404741096075,5154.5,0,kaggle
7521-AFHAB,0,-0.43991649313097614,1,1,-1.1145631287986442,1,0,0,0,0,0,0,0,0,0,0,3,-0.6634456129852487,220.45,0,kaggle
0285-INHLN,1,-0.43991649313097614,1,1,-0.21871512695797646,1,0,0,2,2,0,0,0,0,0,1,1,-0.3327480099521901,1510.3,0,kaggle
4678-DVQEO,0,-0.43991649313097614,0,0,-1.2774445836787656,1,0,0,0,0,0,2,0,0,0,1,2,-0.4174996569606623,52.2,1,kaggle
5125-CNDSP,1,-0.43991649313097614,0,1,1.247217966963116,0,1,0,2,2,0,2,0,0,1,1,0,-0.803036560999203,2588.95,0,kaggle
0691-IFBQW,0,2.273158691738958,0,0,0.5549717837226001,1,2,1,2,2,2,0,2,2,1,1,2,1.503537675231376,4874.8,1,kaggle
4992-LTJNE,1,-0.43991649313097614,1,1,1.6137012404433893,1,2,0,2,0,0,0,0,0,2,0,0,-0.31446824295036285,3983.6,0,kaggle
2202-OUTMO,0,-0.43991649313097614,1,0,0.06632741908223598,1,2,0,2,0,0,2,0,0,0,1,0,-0.13000877593192306,2003.6,0,kaggle
0810-BDHAW,0,-0.43991649313097614,1,1,-0.3408762181180675,1,2,0,2,2,0,0,2,2,1,0,2,0.4532819711263863,1832.4,0,kaggle
0229-LFJAF,1,-0.43991649313097614,0,0,1.6137012404433893,1,2,0,2,2,2,2,0,0,2,0,0,0.16246749609731476,4908.25,0,kaggle
7131-ZQZNK,0,-0.43991649313097614,1,1,1.125056875803025,0,1,0,2,0,2,2,2,2,2,0,1,-0.16324471593524553,3590.2,0,kaggle
3442-ZHHCC,1,-0.43991649313097614,0,0,1.4508197855632678,1,2,0,2,2,2,0,0,2,1,1,1,0.4034280611214026,5023.0,0,kaggle
5726-CVNYA,0,-0.43991649313097614,1,1,-0.9924020376385531,1,0,2,1,1,1,1,1,1,2,1,3,-1.4926823160681442,146.6,0,kaggle
9871-ELEYA,0,-0.43991649313097614,0,1,0.06632741908223598,1,0,0,2,0,2,2,2,0,2,0,1,0.09599561609066982,2339.3,0,kaggle
4257-GAESD,0,-0.43991649313097614,0,0,-1.0738427650786138,0,1,0,0,0,0,0,2,2,0,0,1,-0.6567984249845842,298.7,0,kaggle
5173-WXOQV,1,-0.43991649313097614,1,0,-1.2367242199587352,1,0,0,0,2,0,2,0,2,0,1,3,-0.018668376920792765,143.65,0,kaggle
2040-OBMLJ,1,-0.43991649313097614,0,0,-0.055833672077855064,1,2,1,0,0,0,2,0,0,1,0,1,0.5629605731373504,2548.65,0,kaggle
6286-ZHAOK,0,-0.43991649313097614,1,1,-0.5037576729981889,1,2,2,1,1,1,1,1,1,0,1,0,-1.303237458049206,507.4,0,kaggle
3807-XHCJH,0,-0.43991649313097614,1,1,-1.2774445836787656,1,0,2,1,1,1,1,1,1,0,0,2,-1.4876969250676457,20.0,0,kaggle
3009-JWMPU,1,-0.43991649313097614,0,0,1.2064976032430856,1,2,1,0,0,2,0,2,2,1,1,2,1.0631614701873533,6125.4,1,kaggle
5671-RQRLP,0,2.273158691738958,1,0,1.5322605130033284,1,2,1,0,0,0,0,0,0,2,1,1,0.36188313611724954,5411.4,0,kaggle
1450-GALXR,0,-0.43991649313097614,0,0,-0.9109613101984924,1,2,1,0,0,0,2,2,2,0,1,2,1.1213243651931677,1058.25,1,kaggle
8859-AXJZP,1,-0.43991649313097614,1,1,0.26992923768238775,1,2,2,1,1,1,1,1,1,2,1,3,-1.3614003530550205,903.8,0,kaggle
3174-AKMAS,0,-0.43991649313097614,1,0,0.5549717837226001,1,0,0,0,2,0,2,2,0,2,1,1,-0.018668376920792765,3009.5,0,kaggle
3138-BKYAV,1,-0.43991649313097614,0,0,-1.0738427650786138,1,0,1,0,2,0,0,2,0,0,1,2,0.684271754149477,489.45,1,kaggle
9926-PJHDQ,0,-0.43991649313097614,1,1,1.6137012404433893,1,2,0,0,0,2,0,2,2,2,1,0,0.40010446712107006,5468.45,0,kaggle
7382-DFJTU,1,-0.43991649313097614,0,0,-0.5851984004382496,1,0,0,0,0,2,2,0,0,0,0,1,-0.31779183695069496,1058.1,0,kaggle
2798-NYLMZ,1,-0.43991649313097614,1,0,1.5729808767233588,1,2,1,2,0,2,2,2,2,2,1,1,1.4553455622265583,7616.0,0,kaggle
4289-DTDKW,1,-0.43991649313097614,1,0,0.3106496014024181,1,2,1,0,2,0,0,2,2,0,1,2,1.2143849972024705,4113.1,1,kaggle
1820-TQVEV,1,-0.43991649313097614,0,0,-1.2774445836787656,1,0,1,0,0,0,0,0,0,0,1,2,0.15914390209698223,69.55,1,kaggle
2239-JALAW,1,-0.43991649313097614,0,0,1.0436161483629645,1,2,1,0,2,2,0,2,2,1,1,0,1.2791950802089493,6017.65,1,kaggle
4853-RULSV,1,-0.43991649313097614,0,0,1.5322605130033284,1,2,1,2,0,0,2,2,2,2,1,1,1.304122035211441,7250.15,1,kaggle
8098-TDCBU,0,-0.43991649313097614,1,0,0.3920903288424788,1,2,2,1,1,1,1,1,1,2,0,2,-1.3132082400502028,1108.2,0,kaggle
3551-GAEGL,1,-0.43991649313097614,1,1,0.06632741908223598,0,1,0,2,0,0,0,0,0,1,0,0,-1.1420431490330922,938.65,0,kaggle
4785-NKHCX,1,2.273158691738958,0,0,-1.1145631287986442,1,0,2,1,1,1,1,1,1,0,0,0,-1.4860351280674797,94.15,0,kaggle
3196-NVXLZ,0,-0.43991649313097614,0,0,-0.30015585439803716,1,2,1,0,0,0,0,2,0,0,1,3,0.6593447991469852,2088.05,0,kaggle
6275-YDUVO,0,-0.43991649313097614,0,0,-1.2367242199587352,1,0,1,0,0,2,0,0,2,0,1,3,0.7125223031523015,178.7,1,kaggle
0036-IHMOT,0,-0.43991649313097614,1,1,0.9214550572028734,1,0,1,0,2,2,2,2,2,1,1,0,1.2941512532104444,5656.75,0,kaggle
0115-TFERT,1,-0.43991649313097614,1,0,-0.46303730927815856,1,2,1,0,2,2,2,2,2,0,1,2,1.5434208032353631,2317.1,1,kaggle
4178-EGMON,1,-0.43991649313097614,1,0,1.5322605130033284,1,2,1,2,2,0,2,0,0,2,1,1,0.7723469951582818,5986.45,0,kaggle
4220-TINQT,0,-0.43991649313097614,1,0,1.1657772395230555,1,2,1,0,0,2,2,2,2,0,1,2,1.3822264942192488,6751.35,0,kaggle
5318-YKDPV,1,-0.43991649313097614,1,1,0.43281069256250915,1,0,0,2,0,2,2,2,2,2,1,1,0.47820892612887816,3566.6,0,kaggle
7975-TZMLR,1,-0.43991649313097614,0,0,0.5956921474426305,1,2,1,0,2,2,0,2,2,1,1,2,1.2742096892084507,4889.3,0,kaggle
0295-QVKPB,1,-0.43991649313097614,0,0,-1.1145631287986442,1,0,0,0,0,2,2,2,0,0,1,1,-0.02697736192162338,318.1,0,kaggle
4335-BSMJS,0,-0.43991649313097614,0,0,1.2064976032430856,1,2,2,1,1,1,1,1,1,2,1,1,-1.2949284730483754,1563.95,0,kaggle
2311-QYMUQ,0,-0.43991649313097614,1,1,-0.6666391278783103,1,0,1,0,2,2,0,2,0,0,1,1,0.8205391081630994,1430.25,1,kaggle
3643-AHCFP,1,2.273158691738958,1,0,-1.0331224013585834,1,2,1,0,0,0,0,2,2,0,1,0,1.0249401391835322,644.35,1,kaggle
9146-JRIOX,0,-0.43991649313097614,1,1,-0.748079855318371,1,2,2,1,1,1,1,1,1,0,0,3,-1.303237458049206,372.45,0,kaggle
3104-OWCGK,1,-0.43991649313097614,1,1,1.125056875803025,1,0,1,0,2,2,0,2,0,1,0,2,0.8703930181680831,5453.4,1,kaggle
5337-IIWKZ,1,-0.43991649313097614,1,1,0.06632741908223598,0,1,0,0,0,2,2,2,0,0,1,2,-0.6617838159850825,1442.6,0,kaggle
9101-BWFSS,0,-0.43991649313097614,1,0,0.7178532386027215,1,2,1,2,2,0,2,2,2,1,0,2,1.4553455622265583,5610.7,1,kaggle
9650-VBUOG,1,-0.43991649313097614,1,1,0.22920887396235737,1,2,2,1,1,1,1,1,1,2,0,1,-1.3198554280508674,963.95,0,kaggle
3487-EARAT,0,-0.43991649313097614,1,1,1.5322605130033284,1,0,0,2,2,2,2,0,2,1,0,1,0.31036742911209936,5222.3,0,kaggle
2672-TGEFF,0,-0.43991649313097614,1,1,0.18848851024232702,1,2,1,0,2,0,0,2,0,0,1,2,0.7989357471609396,3340.55,0,kaggle
9231-ZJYAM,0,2.273158691738958,0,0,-1.1552834925186746,1,0,1,0,0,0,0,2,0,0,1,2,0.46823814412788106,292.8,1,kaggle
4250-WAROZ,1,2.273158691738958,1,1,1.125056875803025,1,2,1,2,2,0,0,0,2,0,1,2,0.9468356801757247,5774.55,0,kaggle
8184-WMOFI,1,-0.43991649313097614,1,1,1.2064976032430856,1,0,0,2,0,2,2,0,2,1,0,1,0.22063039110312907,4487.3,0,kaggle
6982-SSHFK,1,-0.43991649313097614,0,0,-1.2774445836787656,1,0,0,0,0,0,0,0,0,0,0,3,-0.6767399889865777,44.4,1,kaggle
6092-QZVPP,1,-0.43991649313097614,0,0,0.14776814652229667,1,0,0,2,0,2,2,2,2,0,1,1,0.47987072312904416,2854.95,0,kaggle
4625-LAMOB,1,-0.43991649313097614,0,0,0.47353105628253944,1,0,2,1,1,1,1,1,1,2,0,1,-1.4744025490663168,905.55,0,kaggle
0727-BMPLR,0,2.273158691738958,0,0,0.9214550572028734,1,2,1,0,0,2,0,2,2,1,1,2,1.1711782751981514,5509.3,1,kaggle
0392-BZIUW,0,-0.43991649313097614,1,0,1.6137012404433893,1,2,1,2,0,2,0,2,2,2,1,1,1.3373579752147637,7589.8,0,kaggle
1038-ZAGBI,0,-0.43991649313097614,1,1,-0.8295205827584317,1,0,2,1,1,1,1,1,1,1,0,0,-1.4943441130683104,229.6,1,kaggle
6549-NNDYT,0,-0.43991649313097614,0,0,-0.7888002190384014,0,1,0,2,0,0,0,0,0,0,1,0,-1.127086976031597,394.1,0,kaggle
3027-ZTDHO,1,-0.43991649313097614,0,0,-1.2774445836787656,1,0,1,0,0,0,0,2,2,0,1,2,0.8354952811645946,89.9,1,kaggle
0422-OHQHQ,0,-0.43991649313097614,1,1,-0.7073594915983407,1,0,2,1,1,1,1,1,1,1,0,3,-1.4694171580658184,295.95,0,kaggle
6916-HIJSE,0,-0.43991649313097614,0,0,1.3286586944031769,1,0,0,2,2,2,2,2,2,2,1,0,0.6676537841478158,5459.2,0,kaggle
2316-ESMLS,0,-0.43991649313097614,1,1,-0.8295205827584317,0,1,0,2,0,0,2,0,0,1,0,1,-1.0506443140239554,444.75,0,kaggle
9778-OGKQZ,1,-0.43991649313097614,1,0,1.6137012404433893,1,2,0,2,2,2,2,2,2,2,1,1,0.9052907551715716,6782.15,0,kaggle
7408-OFWXJ,0,-0.43991649313097614,1,1,1.6137012404433893,1,2,0,2,2,2,2,2,2,2,0,1,0.8321716871642622,6510.45,0,kaggle
6007-TCTST,0,-0.43991649313097614,1,1,1.6137012404433893,1,2,1,2,2,2,2,2,2,2,1,0,1.6963061272506461,8476.5,0,kaggle
2252-NKNSI,1,-0.43991649313097614,0,1,0.7992939660427822,1,2,0,2,2,0,2,2,2,2,1,3,0.677624566148813,4461.85,0,kaggle
8713-IGZSO,1,-0.43991649313097614,0,0,-1.2367242199587352,1,2,2,1,1,1,1,1,1,0,0,3,-1.3265026160515319,62.0,0,kaggle
7905-TVXTA,0,-0.43991649313097614,0,0,-1.1145631287986442,1,0,0,2,0,0,2,2,0,0,1,2,-0.013682985920294679,352.65,0,kaggle
7695-PKLCZ,0,-0.43991649313097614,0,0,1.4508197855632678,1,0,2,1,1,1,1,1,1,2,0,1,-1.4710789550659844,1424.9,0,kaggle
2382-BCKQJ,0,-0.43991649313097614,0,1,1.2064976032430856,1,2,1,0,0,2,0,2,2,1,1,2,1.1761636661986499,6413.65,1,kaggle
8374-UULRV,1,-0.43991649313097614,0,0,1.6137012404433893,1,2,0,2,2,0,2,2,2,2,0,1,0.7075369121518029,6309.65,0,kaggle
2207-NHRJK,1,-0.43991649313097614,0,0,-1.2774445836787656,1,0,0,0,2,0,0,0,0,0,0,2,-0.46402997296531395,50.8,1,kaggle
3224-DFQNQ,0,-0.43991649313097614,1,0,1.369379058123207,1,2,1,2,2,0,2,0,0,1,0,2,0.8055829351616043,5898.6,0,kaggle
5275-PMFUT,1,-0.43991649313097614,1,1,1.6137012404433893,0,1,0,2,2,2,2,2,2,2,1,1,0.001273187081200524,4719.75,0,kaggle
4795-UXVCJ,1,-0.43991649313097614,0,0,-0.2594354906780068,1,0,2,1,1,1,1,1,1,1,0,1,-1.4943441130683104,457.3,0,kaggle
9777-IQHWP,1,-0.43991649313097614,1,1,1.2879383306831464,1,2,1,2,0,2,0,0,2,2,0,0,0.9518210711762233,5822.3,0,kaggle
0947-MUGVO,1,2.273158691738958,1,0,-0.5037576729981889,1,0,1,0,2,0,0,0,0,0,1,2,0.2954112561106046,1463.5,1,kaggle
9944-HKVVB,0,-0.43991649313097614,0,0,-1.1960038562387048,1,0,1,0,2,0,0,2,2,0,1,2,1.0083221691818711,307.4,1,kaggle
4124-MMETB,1,-0.43991649313097614,0,0,-0.4223169455581282,1,2,1,0,0,0,0,2,2,0,1,1,0.9933659961803764,2104.55,1,kaggle
3671-SHRSP,1,-0.43991649313097614,1,0,-1.1552834925186746,1,0,1,0,0,2,2,0,0,0,1,3,0.5264010391336954,319.15,1,kaggle
0979-MOZQI,1,-0.43991649313097614,1,0,1.2064976032430856,0,1,0,0,0,0,2,2,0,2,1,0,-0.8562140650045189,2337.45,0,kaggle
2732-ISEZX,0,-0.43991649313097614,0,0,-1.1145631287986442,1,0,2,1,1,1,1,1,1,0,1,3,-1.4710789550659844,104.3,0,kaggle
3313-QKNKB,1,-0.43991649313097614,1,0,1.0843365120829946,1,2,1,0,0,0,0,0,2,1,0,2,0.6909189421501416,5084.65,1,kaggle
0323-XWWTN,1,-0.43991649313097614,0,1,-1.1960038562387048,1,2,2,1,1,1,1,1,1,2,1,3,-1.2749869090463821,121.25,0,kaggle
1937-OTUKY,0,-0.43991649313097614,1,0,1.6137012404433893,1,2,1,2,0,2,2,2,0,2,1,0,1.111353583192171,7015.9,0,kaggle
1573-LGXBA,1,-0.43991649313097614,1,1,1.002895784642934,1,0,1,0,2,2,0,2,2,1,1,1,1.0897502221900113,5598.0,0,kaggle
1764-VUUMT,1,-0.43991649313097614,0,1,1.369379058123207,1,0,2,1,1,1,1,1,1,2,0,1,-1.4893587220678117,1269.1,0,kaggle
5073-WXOYN,0,-0.43991649313097614,0,0,1.125056875803025,0,1,0,0,2,0,0,2,2,0,1,2,-0.46402997296531395,3027.4,1,kaggle
4713-ZBURT,1,-0.43991649313097614,0,1,0.5142514200025698,1,2,1,0,0,2,0,2,2,2,0,0,1.1612074931971548,4634.35,0,kaggle
3050-GBUSH,0,-0.43991649313097614,0,0,-1.1960038562387048,0,1,0,0,0,0,0,2,0,0,1,1,-0.9958050130184734,113.95,0,kaggle
0207-MDKNV,0,-0.43991649313097614,0,0,-0.7073594915983407,1,0,1,2,0,2,2,2,2,0,0,2,1.3406815692150957,1582.75,1,kaggle
7876-AEHIG,0,-0.43991649313097614,0,1,0.758573602322752,0,1,0,2,0,2,2,2,2,1,0,0,-0.15327393393424887,3077.0,0,kaggle
7945-HLKEA,0,-0.43991649313097614,0,0,1.125056875803025,1,2,0,2,0,2,2,0,0,1,0,2,-0.00038860991896550476,4039.5,0,kaggle
9342-VNIMQ,1,-0.43991649313097614,0,0,0.025607055362205634,1,2,0,0,2,0,0,0,0,0,1,0,-0.33607160395252245,1665.2,0,kaggle
9851-KIELU,1,-0.43991649313097614,0,0,-0.9109613101984924,1,0,1,2,2,2,2,2,2,0,1,2,1.506861269231708,1043.3,1,kaggle
3523-BRGUW,1,2.273158691738958,0,0,-0.2594354906780068,1,0,2,1,1,1,1,1,1,1,0,1,-1.5109620830699715,504.2,0,kaggle
3908-BLSYF,0,-0.43991649313097614,0,0,-1.0738427650786138,1,0,1,0,0,2,0,0,2,0,0,2,0.6360796411446599,497.55,1,kaggle
3199-NPKCN,0,-0.43991649313097614,1,0,1.4100994218432374,1,2,1,2,0,2,2,2,2,1,1,2,1.5450826002355291,7511.65,0,kaggle
5170-PTRKA,0,-0.43991649313097614,1,1,0.6771328748826912,0,1,0,2,0,0,2,0,0,1,1,1,-0.9625690730151509,1782.0,0,kaggle
4661-NJEUX,1,-0.43991649313097614,0,0,-1.2774445836787656,1,0,2,1,1,1,1,1,1,0,1,3,-1.4860351280674797,20.05,0,kaggle
2123-AGEEN,0,2.273158691738958,0,0,-1.0331224013585834,1,0,1,0,0,2,0,2,0,0,1,2,0.6510358141461546,609.65,0,kaggle
1258-YMZNM,0,2.273158691738958,0,0,-0.21871512695797646,1,2,1,2,2,2,0,2,2,1,1,0,1.5201556452330371,2857.6,0,kaggle
0048-LUMLS,1,-0.43991649313097614,1,1,0.18848851024232702,1,0,1,0,0,0,0,2,2,1,0,1,0.8787020031689138,3247.55,0,kaggle
7549-MYGPK,0,-0.43991649313097614,1,1,1.247217966963116,1,2,1,2,2,2,0,2,0,0,1,2,1.1894580421999785,6215.35,1,kaggle
5898-IGSLP,1,-0.43991649313097614,1,1,-0.055833672077855064,1,2,1,2,0,2,2,0,0,0,0,2,0.8155537171626008,2823.0,0,kaggle
3804-RVTGV,1,-0.43991649313097614,1,1,0.7178532386027215,1,2,1,0,2,2,0,2,2,0,1,0,1.2991366442109427,5017.9,1,kaggle
6259-WJQLC,1,2.273158691738958,0,0,-0.015113308357824713,1,2,1,0,0,2,0,0,0,0,1,1,0.5430190091353566,2619.25,0,kaggle
9227-LUNBG,0,-0.43991649313097614,0,0,-1.2774445836787656,0,1,0,0,0,0,0,0,0,0,0,2,-1.3348116010523623,24.6,1,kaggle
7997-EASSD,0,-0.43991649313097614,1,0,1.247217966963116,1,2,1,0,0,0,2,0,0,1,1,1,0.5463426031356892,4965.1,0,kaggle
0730-KOAVE,1,-0.43991649313097614,0,0,-0.0965540357978854,1,2,1,2,2,0,0,0,2,0,1,1,0.9817334171792131,2679.7,0,kaggle
8975-SKGRX,1,-0.43991649313097614,1,0,1.5729808767233588,1,2,1,2,2,2,2,2,2,2,1,0,1.7062769092516428,8310.55,0,kaggle
0678-RLHVP,0,-0.43991649313097614,0,0,0.8400143297628127,1,2,1,0,2,2,0,2,2,2,0,2,1.3556377422165908,5682.25,0,kaggle
4315-MURBD,0,-0.43991649313097614,0,0,-0.8295205827584317,1,0,1,2,0,0,2,2,2,0,1,0,1.1346187411944968,1120.95,1,kaggle
2267-FPIMA,1,-0.43991649313097614,1,0,0.7178532386027215,1,2,1,2,2,0,0,0,2,0,1,1,0.9850570111795457,4914.9,0,kaggle
1051-GEJLJ,0,-0.43991649313097614,0,0,-1.2367242199587352,1,0,2,1,1,1,1,1,1,0,0,3,-1.504314895069307,27.55,0,kaggle
9734-YWGEX,0,-0.43991649313097614,0,0,-0.9516816739185228,1,2,1,0,0,2,0,2,2,0,0,1,1.114677177192503,923.5,1,kaggle
2719-BDAQO,1,-0.43991649313097614,0,0,-0.62591876415828,1,0,1,2,0,0,0,2,2,0,0,2,0.966777244177718,1625.65,1,kaggle
5285-MVEHD,0,-0.43991649313097614,1,0,0.9621754209229036,1,0,1,2,2,2,0,2,2,1,1,1,1.3572995392167568,6068.65,0,kaggle
0379-DJQHR,1,-0.43991649313097614,1,1,1.4100994218432374,1,0,0,2,2,2,0,2,2,2,0,1,0.5513279941361872,5398.6,0,kaggle
0781-LKXBR,1,2.273158691738958,0,0,-0.9516816739185228,1,2,1,0,0,2,0,2,2,0,1,2,1.1877962451998125,918.6,1,kaggle
5543-QDCRY,1,-0.43991649313097614,0,0,-1.1552834925186746,1,0,0,0,0,0,0,2,0,0,1,2,-0.2779087089467081,234.85,0,kaggle
0297-RBCSG,1,-0.43991649313097614,0,0,-0.5444780367182193,1,0,0,0,2,0,2,0,2,1,1,0,0.019552954083027783,1231.85,0,kaggle
4694-PHWFW,0,-0.43991649313097614,0,1,-0.9924020376385531,1,0,2,1,1,1,1,1,1,0,0,3,-1.4893587220678117,170.9,0,kaggle
0835-JKADZ,0,-0.43991649313097614,0,0,1.5729808767233588,1,2,1,0,2,2,2,2,2,2,1,2,1.5450826002355291,7984.15,0,kaggle
1907-UBQFC,1,2.273158691738958,0,0,-0.9109613101984924,1,0,1,0,2,0,0,0,0,0,1,2,0.2688225041079463,688.65,1,kaggle
7508-SMHXL,0,2.273158691738958,0,0,-0.7073594915983407,1,2,1,0,2,0,0,2,0,0,0,1,0.8055829351616043,1288.3,0,kaggle
3865-YIOTT,1,-0.43991649313097614,1,1,1.6137012404433893,1,2,1,2,0,2,0,2,2,1,1,0,1.3739175092184182,7848.5,0,kaggle
5993-BQHEA,1,-0.43991649313097614,0,0,-0.8295205827584317,1,0,2,1,1,1,1,1,1,1,0,1,-1.4860351280674797,267.0,0,kaggle
6024-RUGGH,1,-0.43991649313097614,1,1,1.6137012404433893,1,2,2,1,1,1,1,1,1,2,1,0,-1.3148700370503688,1798.9,0,kaggle
6513-EECDB,1,2.273158691738958,1,0,-1.2774445836787656,1,2,1,0,0,0,0,0,0,0,1,2,0.2920876621102721,73.55,1,kaggle
3956-CJUST,0,2.273158691738958,0,0,-0.38159658183809786,1,0,1,2,0,0,0,0,0,0,1,0,0.35357415111641893,1643.55,0,kaggle
4079-WWQQQ,1,-0.43991649313097614,0,0,1.6137012404433893,0,1,0,2,2,2,2,2,2,2,1,0,0.02620014208369237,4807.45,0,kaggle
6103-BOCOU,0,-0.43991649313097614,0,0,-0.2594354906780068,1,2,1,0,0,2,0,0,0,0,1,2,0.5297246331340278,2193.0,0,kaggle
5149-TGWDZ,0,-0.43991649313097614,0,0,-0.46303730927815856,1,0,1,0,2,2,2,2,2,1,1,3,1.3224018022132684,2239.4,0,kaggle
7471-WNSUF,1,-0.43991649313097614,1,0,1.125056875803025,1,2,2,1,1,1,1,1,1,1,0,0,-1.3497677740538576,1505.9,0,kaggle
8942-DBMHZ,1,-0.43991649313097614,0,0,-0.8295205827584317,1,0,2,1,1,1,1,1,1,0,0,3,-1.4727407520661506,255.35,0,kaggle
4301-VVZKA,1,-0.43991649313097614,1,0,-0.6666391278783103,1,2,1,0,0,0,0,0,0,0,1,2,0.35357415111641893,1189.4,0,kaggle
9199-PWQVC,0,-0.43991649313097614,1,0,1.247217966963116,1,2,0,2,2,0,0,2,2,1,1,1,0.4964886931307054,4786.15,0,kaggle
4824-GUCBY,0,2.273158691738958,0,0,-0.4223169455581282,1,0,1,2,2,0,0,0,0,0,0,2,0.5629605731373504,1820.9,0,kaggle
5393-HJZSM,0,-0.43991649313097614,1,1,-0.015113308357824713,1,0,0,2,2,2,2,0,2,0,0,0,0.38348649711940885,2404.15,0,kaggle
7074-IEVOJ,0,2.273158691738958,0,0,-1.1960038562387048,1,2,1,0,2,0,0,0,0,0,1,2,0.48651791112970877,205.05,1,kaggle
9625-QSTYE,0,-0.43991649313097614,0,0,-0.7888002190384014,1,0,1,0,2,2,0,0,0,0,1,2,0.544680806135523,952.3,1,kaggle
0862-PRCBS,0,-0.43991649313097614,1,1,1.4508197855632678,1,2,1,0,2,0,2,2,2,2,1,1,1.2958130502106107,7039.45,0,kaggle
8812-ZRHFP,0,-0.43991649313097614,1,1,-0.0965540357978854,1,0,1,0,0,2,0,0,2,1,0,2,0.720831288153132,2538.05,0,kaggle
5146-CBVOE,0,-0.43991649313097614,0,0,-0.6666391278783103,1,0,1,0,2,0,0,0,0,0,0,0,0.3436033691154218,1212.85,0,kaggle
0454-OKRCT,1,-0.43991649313097614,0,0,0.025607055362205634,1,0,1,0,2,0,2,0,0,2,0,0,0.5264010391336954,2651.1,0,kaggle
5787-KXGIY,1,-0.43991649313097614,1,0,1.6137012404433893,1,0,2,1,1,1,1,1,1,2,0,1,-1.5109620830699715,1304.8,0,kaggle
4750-ZRXIU,0,2.273158691738958,0,0,-1.1552834925186746,1,2,1,0,0,0,0,0,2,0,1,2,0.6593447991469852,360.1,1,kaggle
4198-VFOEA,0,-0.43991649313097614,0,0,-0.8295205827584317,0,1,0,2,0,0,2,0,0,1,1,3,-1.03568814102246,435.45,0,kaggle
6630-UJZMY,0,2.273158691738958,1,0,-1.1552834925186746,1,2,1,0,0,0,0,2,0,0,1,2,0.6144762801425001,308.05,0,kaggle
5709-LVOEQ,0,-0.43991649313097614,1,1,-1.318164947398796,1,0,0,2,2,2,0,2,2,2,0,3,0.534710024134526,1397.475,0,kaggle
6400-BWQKW,0,-0.43991649313097614,0,0,-1.0738427650786138,1,2,1,2,0,0,0,0,0,0,1,2,0.4748853321285456,434.5,1,kaggle
2692-AQCPF,0,-0.43991649313097614,1,0,1.3286586944031769,1,2,1,0,2,2,2,2,2,1,1,1,1.438727592224897,7118.9,0,kaggle
0347-UBKUZ,0,-0.43991649313097614,0,0,-0.7073594915983407,1,0,2,1,1,1,1,1,1,0,0,3,-1.491020519067978,320.45,0,kaggle
0835-DUUIQ,0,-0.43991649313097614,0,1,-0.3408762181180675,1,0,2,1,1,1,1,1,1,1,0,0,-1.4527991880641573,531.55,0,kaggle
0811-GSDTP,0,-0.43991649313097614,0,1,-0.7888002190384014,0,1,0,0,2,0,0,0,0,0,0,2,-1.150352134033923,382.2,0,kaggle
7567-ECMCM,1,-0.43991649313097614,0,0,-0.3408762181180675,1,0,1,0,0,0,0,0,2,0,1,1,0.5014740841312035,2001.0,0,kaggle
6115-ZTBFQ,0,-0.43991649313097614,1,0,1.6137012404433893,0,1,0,2,2,2,2,2,2,2,0,0,0.02453834508352634,4919.7,0,kaggle
6353-BRMMA,0,-0.43991649313097614,1,1,0.880734693482843,1,2,1,2,2,0,0,2,2,0,1,0,1.3074456292117733,5645.8,0,kaggle
6680-WKXRZ,0,-0.43991649313097614,0,0,-1.1960038562387048,1,2,1,0,0,0,0,0,0,0,0,0,0.32033821111309646,215.8,1,kaggle
6231-WFGFH,1,-0.43991649313097614,1,1,-1.1552834925186746,1,0,2,1,1,1,1,1,1,0,1,3,-1.4710789550659844,77.6,0,kaggle
9904-EHEVJ,0,2.273158691738958,1,1,-0.015113308357824713,1,2,1,0,0,2,0,2,0,0,1,3,0.8836873941694119,2896.55,0,kaggle
7028-DVOIQ,1,2.273158691738958,0,0,0.10704778280226633,1,2,1,0,0,2,0,2,2,0,1,2,1.1396041321949948,3395.8,1,kaggle
6169-PPETC,1,-0.43991649313097614,1,1,0.10704778280226633,1,0,2,1,1,1,1,1,1,2,0,0,-1.4710789550659844,759.35,0,kaggle
4208-UFFGW,1,2.273158691738958,0,0,-1.2367242199587352,1,0,0,0,0,0,0,0,0,0,0,3,-0.6584602219847502,85.15,1,kaggle
8584-KMVXD,0,-0.43991649313097614,0,0,-0.9924020376385531,1,0,1,0,2,0,0,0,0,0,0,2,0.36022133911708304,535.55,0,kaggle
8467-WYNSR,1,-0.43991649313097614,0,0,-0.4223169455581282,1,0,0,2,0,0,2,0,0,0,0,3,-0.32111543095102724,1253.15,0,kaggle
0851-DFJKB,0,-0.43991649313097614,0,0,-0.7073594915983407,1,0,0,2,0,2,2,0,0,0,0,2,-0.1931570619382357,955.15,0,kaggle
5382-SOYZL,1,-0.43991649313097614,0,0,-0.4223169455581282,1,2,1,0,0,0,0,2,2,0,1,2,1.0083221691818711,2162.6,0,kaggle
9448-REEVD,1,-0.43991649313097614,1,0,-1.2774445836787656,1,0,0,0,0,0,0,0,0,0,0,1,-0.6667692069855808,44.7,1,kaggle
3261-CQXOL,0,-0.43991649313097614,1,1,1.5729808767233588,1,2,2,1,1,1,1,1,1,2,0,0,-1.3065610520495383,1813.35,0,kaggle
8388-FYNPZ,1,-0.43991649313097614,0,0,-1.1552834925186746,1,0,0,2,0,2,0,0,0,0,0,2,-0.2662761299455452,245.15,0,kaggle
4002-BQWPQ,1,-0.43991649313097614,0,0,-0.30015585439803716,1,2,0,2,2,2,2,0,2,0,0,0,0.5646223701375164,2028.8,0,kaggle
5651-YLPRD,0,-0.43991649313097614,1,1,-0.015113308357824713,1,0,1,0,2,0,0,2,0,0,1,2,0.7091987091519689,2723.75,0,kaggle
2826-DXLQO,1,2.273158691738958,1,0,-1.0331224013585834,0,1,0,2,0,0,0,0,0,0,0,0,-1.1619847130350858,220.45,0,kaggle
4378-BZYFP,1,-0.43991649313097614,0,0,-0.62591876415828,1,0,2,1,1,1,1,1,1,1,1,3,-1.4710789550659844,365.8,0,kaggle
9489-UTFKA,1,2.273158691738958,1,0,-0.9924020376385531,1,0,0,2,0,0,0,2,0,0,0,0,-0.12834697893175703,551.95,0,kaggle
4849-PYRLQ,0,2.273158691738958,0,0,0.9621754209229036,1,2,0,2,0,2,2,0,2,2,0,0,0.28211688010927544,4054.2,0,kaggle
9117-SHLZX,1,-0.43991649313097614,0,0,-1.2774445836787656,1,0,0,0,0,0,0,0,0,0,1,3,-0.6335332669822583,45.7,1,kaggle
9889-TMAHG,1,2.273158691738958,0,0,-0.9924020376385531,1,0,1,2,0,0,2,2,2,0,0,1,1.1811490571991479,832.35,1,kaggle
4541-RMRLG,1,-0.43991649313097614,0,0,-1.0331224013585834,1,0,2,1,1,1,1,1,1,0,0,2,-1.5126238800701375,112.3,1,kaggle
7764-BDPEE,1,-0.43991649313097614,0,1,-1.1960038562387048,1,0,2,1,1,1,1,1,1,0,0,3,-1.4594463760648215,60.65,0,kaggle
3429-IFLEM,0,-0.43991649313097614,0,0,1.5729808767233588,1,0,0,2,2,2,2,2,0,2,0,1,0.4183842341228973,5550.1,0,kaggle
3158-MOERK,0,-0.43991649313097614,0,0,-1.2367242199587352,1,2,1,0,0,0,0,2,2,0,1,2,1.0382345151848615,174.8,1,kaggle
7294-TMAOP,0,-0.43991649313097614,0,0,-1.2774445836787656,1,0,1,0,0,0,0,2,2,0,0,2,0.8570986421667539,90.55,1,kaggle
5002-GCQFH,1,-0.43991649313097614,1,0,0.6771328748826912,1,2,1,2,2,0,0,2,0,0,1,0,0.966777244177718,4733.1,0,kaggle
0556-FJEGU,1,-0.43991649313097614,0,0,1.0436161483629645,1,0,0,0,2,2,2,2,0,2,0,0,0.1774236690988095,4048.95,0,kaggle
8919-FYFQZ,1,2.273158691738958,1,0,0.47353105628253944,0,1,0,0,2,0,0,0,0,0,1,2,-1.1437049460332582,1359.7,1,kaggle
0604-THJFP,0,-0.43991649313097614,1,1,1.0843365120829946,1,0,0,0,2,0,2,2,2,2,1,1,0.3718539181182462,4542.35,0,kaggle
2834-JRTUA,1,-0.43991649313097614,0,0,1.5729808767233588,1,2,1,2,0,2,2,2,2,2,1,2,1.438727592224897,7532.15,1,kaggle
5875-YPQFJ,1,-0.43991649313097614,0,0,-1.2774445836787656,1,0,1,0,0,0,0,0,0,0,1,2,0.17077648109814536,69.9,1,kaggle
5879-SESNB,0,-0.43991649313097614,0,0,-0.8702409464784621,1,2,1,0,0,0,0,0,0,0,0,2,0.3485887601159204,888.65,0,kaggle
6646-QVXLR,1,2.273158691738958,1,0,1.2064976032430856,1,2,1,0,2,2,0,2,2,1,1,2,1.2958130502106107,6383.35,1,kaggle
6461-PPAXN,0,-0.43991649313097614,1,1,0.10704778280226633,1,0,0,2,0,0,2,0,0,1,1,0,-0.32610082195152557,1916.0,0,kaggle
3318-ISQFQ,0,-0.43991649313097614,0,0,-0.5037576729981889,1,0,2,1,1,1,1,1,1,0,1,0,-1.504314895069307,413.0,0,kaggle
1106-HRLKZ,1,-0.43991649313097614,1,1,0.3106496014024181,1,0,2,1,1,1,1,1,1,2,0,3,-1.5009913010689746,808.95,0,kaggle
2483-XSSMZ,0,-0.43991649313097614,0,0,0.26992923768238775,1,0,0,2,0,0,0,0,0,1,1,2,-0.562075995975115,1886.4,0,kaggle
8603-IJWDN,1,-0.43991649313097614,0,0,-1.2774445836787656,1,2,1,0,0,0,0,0,2,0,1,2,0.7258166791536301,86.6,1,kaggle
8165-ZJRNM,0,-0.43991649313097614,1,1,1.6137012404433893,1,2,2,1,1,1,1,1,1,2,0,0,-1.3630621500551865,1679.25,0,kaggle
9369-XFEHK,0,2.273158691738958,1,0,0.025607055362205634,1,2,1,0,2,0,0,0,0,0,1,0,0.5264010391336954,2656.5,1,kaggle
2604-XVDAM,0,-0.43991649313097614,0,0,-0.8295205827584317,1,0,0,0,0,0,0,0,0,0,0,0,-0.6966815529885713,540.95,0,kaggle
3717-OFRTN,1,-0.43991649313097614,0,0,-1.2774445836787656,1,0,2,1,1,1,1,1,1,0,0,0,-1.4960059100684764,19.75,0,kaggle
9046-JBFWA,1,-0.43991649313097614,0,1,-0.21871512695797646,1,0,2,1,1,1,1,1,1,0,0,3,-1.51594747407047,537.35,0,kaggle
3280-NMUVX,1,-0.43991649313097614,1,1,0.06632741908223598,1,0,2,1,1,1,1,1,1,1,0,1,-1.5009913010689746,678.8,0,kaggle
1206-EHBDD,0,-0.43991649313097614,1,0,0.9621754209229036,1,0,1,2,0,2,0,0,0,2,0,0,0.5164302571326987,4513.65,0,kaggle
8361-LBRDI,0,-0.43991649313097614,0,0,1.0436161483629645,1,2,2,1,1,1,1,1,1,2,0,1,-1.343120586053193,1423.85,0,kaggle
4883-KCPZJ,0,-0.43991649313097614,1,1,-0.4223169455581282,1,2,2,1,1,1,1,1,1,2,0,1,-1.3132082400502028,555.4,0,kaggle
9108-EQPNQ,0,-0.43991649313097614,1,1,-0.9109613101984924,1,2,2,1,1,1,1,1,1,2,0,1,-1.2849576910473786,225.55,0,kaggle
7277-KAMWT,1,-0.43991649313097614,0,0,-0.7888002190384014,1,0,2,1,1,1,1,1,1,2,0,1,-1.4876969250676457,268.45,0,kaggle
3842-IYKUE,0,-0.43991649313097614,0,0,0.10704778280226633,1,2,1,0,2,0,2,0,0,0,0,1,0.682609957149311,2917.5,1,kaggle
6641-XRPSU,0,-0.43991649313097614,0,0,0.06632741908223598,1,0,1,0,0,0,0,0,0,0,1,1,0.17410007509847744,2416.1,1,kaggle
1374-DMZUI,0,2.273158691738958,0,0,-1.1552834925186746,1,2,1,0,0,0,0,2,2,0,1,2,0.9817334171792131,424.45,1,kaggle
2545-LXYVJ,1,-0.43991649313097614,1,0,1.6137012404433893,1,0,2,1,1,1,1,1,1,2,0,0,-1.46443176706532,1492.1,0,kaggle
3234-VKACU,1,-0.43991649313097614,0,0,-1.2367242199587352,1,0,0,0,0,0,2,2,2,0,0,2,0.18407085709947407,132.4,0,kaggle
8357-EQXFO,0,-0.43991649313097614,0,0,-1.0331224013585834,1,0,1,0,0,2,0,2,2,0,1,2,1.0166311541827018,660.9,1,kaggle
1989-PRJHP,1,2.273158691738958,1,0,-0.21871512695797646,1,2,1,0,0,0,0,0,0,0,1,2,0.356897745116751,1893.95,1,kaggle
8120-JDCAM,1,-0.43991649313097614,1,1,-1.1552834925186746,1,0,1,0,0,0,0,0,0,0,1,3,0.15914390209698223,284.9,0,kaggle
8917-FAEMR,0,-0.43991649313097614,0,0,0.18848851024232702,1,0,2,1,1,1,1,1,1,2,0,3,-1.4926823160681442,784.25,0,kaggle
7047-YXDMZ,1,-0.43991649313097614,0,0,-0.46303730927815856,1,0,2,1,1,1,1,1,1,0,0,3,-1.4876969250676457,417.7,0,kaggle
2858-EIMXH,0,2.273158691738958,1,0,0.8400143297628127,1,2,1,0,0,0,0,2,2,1,1,1,1.0332491241843629,5016.25,0,kaggle
9524-EGPJC,0,-0.43991649313097614,0,0,-0.5851984004382496,1,2,1,0,0,0,2,0,2,0,1,2,0.8421424691652587,1612.75,1,kaggle
6993-OHLXR,0,-0.43991649313097614,0,0,-1.2367242199587352,1,0,1,0,0,0,0,0,0,0,0,2,0.13920233809498894,119.75,1,kaggle
8818-XYFCQ,1,-0.43991649313097614,1,1,-0.015113308357824713,1,2,1,2,0,0,0,2,2,0,1,1,1.156222102196656,3204.65,1,kaggle
6419-ZTTLE,1,2.273158691738958,1,0,-0.38159658183809786,1,0,2,1,1,1,1,1,1,1,1,2,-1.462769970065154,485.2,0,kaggle
0929-HYQEW,1,-0.43991649313097614,0,0,-1.1960038562387048,1,0,0,2,0,0,0,0,0,0,1,3,-0.4856333339674735,160.85,0,kaggle
6614-YOLAC,0,-0.43991649313097614,1,1,1.5729808767233588,0,1,0,2,2,0,2,2,2,2,0,3,-0.20312784393923258,4145.25,0,kaggle
7426-RHZGU,1,-0.43991649313097614,0,0,-0.9516816739185228,1,0,1,0,0,0,2,2,2,0,1,0,1.0349109211845293,827.45,0,kaggle
4065-JJAVA,0,-0.43991649313097614,0,0,-1.2774445836787656,1,0,0,0,2,0,0,0,0,0,0,2,-0.5072366949696331,49.5,0,kaggle
4695-VADHF,1,-0.43991649313097614,1,1,-0.5851984004382496,1,0,0,0,0,2,0,0,2,0,0,2,-0.24301097194321938,990.85,1,kaggle
3863-IUBJR,1,-0.43991649313097614,1,1,-0.8295205827584317,1,0,0,0,0,0,0,0,2,1,0,1,-0.3693075439558449,696.35,1,kaggle
7649-SIJJF,1,-0.43991649313097614,1,0,1.5729808767233588,1,2,0,2,2,2,2,0,2,2,1,3,0.5097830691320341,5585.4,0,kaggle
9361-YNQWJ,0,-0.43991649313097614,0,0,1.2879383306831464,1,2,2,1,1,1,1,1,1,1,1,0,-1.341458789053027,1601.2,0,kaggle
3748-FVMZZ,1,-0.43991649313097614,0,0,-1.1552834925186746,0,1,0,0,0,0,2,0,2,0,1,2,-0.8213163280010305,162.45,0,kaggle
9391-TTOYH,0,-0.43991649313097614,0,0,-0.38159658183809786,1,0,2,1,1,1,1,1,1,0,1,3,-1.504314895069307,470.2,0,kaggle
1452-XRSJV,0,-0.43991649313097614,1,1,0.26992923768238775,1,0,0,2,0,0,0,0,0,0,0,1,-0.45572098796448335,2066.0,0,kaggle
3422-WJOYD,1,-0.43991649313097614,1,0,-0.1779947632379461,1,0,0,2,0,0,2,0,0,1,0,3,-0.34604238595351905,1426.45,0,kaggle
8242-SOQUO,0,2.273158691738958,0,0,-1.1145631287986442,1,0,1,0,2,0,0,2,0,0,1,2,0.6626683931473177,392.5,0,kaggle
7460-ITWWP,0,2.273158691738958,1,0,0.5142514200025698,1,0,1,0,0,2,0,0,2,0,1,2,0.7091987091519689,3861.45,0,kaggle
7147-AYBAA,1,-0.43991649313097614,0,0,0.18848851024232702,1,0,1,0,0,0,0,0,0,0,1,3,0.1857326540996401,2552.9,0,kaggle
7868-TMWMZ,0,2.273158691738958,1,0,1.125056875803025,1,0,1,2,2,2,2,2,2,2,1,0,1.503537675231376,6668.35,0,kaggle
4822-RVYBB,1,2.273158691738958,0,0,-0.9924020376385531,1,2,1,0,0,2,0,2,2,0,1,2,1.1911198392001445,819.4,1,kaggle
6732-FZUGP,0,-0.43991649313097614,0,0,0.5956921474426305,1,2,1,2,0,2,0,2,0,1,0,1,1.001674981181207,4615.25,0,kaggle
8436-BJUMM,1,-0.43991649313097614,1,1,-0.2594354906780068,1,2,1,0,0,0,0,2,0,0,1,2,0.6310942501441613,2070.6,1,kaggle
4184-TJFAN,0,2.273158691738958,1,1,-1.1960038562387048,1,0,1,2,0,0,2,2,0,0,1,3,0.7823177771592784,273.75,1,kaggle
8329-GWVPJ,0,-0.43991649313097614,1,1,0.7178532386027215,1,0,1,0,0,0,0,0,0,0,1,0,0.1657910900976468,3557.7,0,kaggle
1352-VHKAJ,1,-0.43991649313097614,1,1,-0.21871512695797646,1,2,0,0,0,0,2,2,2,0,0,0,0.22727757910379318,1957.1,0,kaggle
4145-UQXUQ,0,2.273158691738958,0,0,-0.9924020376385531,1,0,1,0,0,2,0,2,2,0,1,2,0.9086143491719036,729.95,1,kaggle
2632-TACXW,0,-0.43991649313097614,1,0,1.2064976032430856,1,2,2,1,1,1,1,1,1,2,0,0,-1.3663857440555187,1416.75,0,kaggle
8146-QQKZH,0,-0.43991649313097614,1,0,1.5729808767233588,1,0,0,2,0,2,2,2,2,2,0,0,0.5679459641378485,5924.4,0,kaggle
1767-CJKBA,1,-0.43991649313097614,0,0,1.369379058123207,1,2,2,1,1,1,1,1,1,2,0,3,-1.3181936310507012,1697.7,0,kaggle
6445-TNRXS,1,-0.43991649313097614,1,1,1.4508197855632678,1,2,1,2,2,2,2,2,2,2,1,0,1.6597465932469917,7849.85,0,kaggle
4581-LNWUM,0,-0.43991649313097614,0,0,-0.7888002190384014,0,1,0,0,0,2,0,2,2,0,0,2,-0.518869273970796,649.4,0,kaggle
4869-EPIUS,1,-0.43991649313097614,1,0,0.9621754209229036,1,0,1,0,0,0,0,0,2,1,1,2,0.5363718211346925,4557.5,0,kaggle
9948-YPTDG,1,-0.43991649313097614,1,0,0.22920887396235737,1,0,1,2,2,0,0,0,0,0,1,2,0.4881797081298748,3013.05,1,kaggle
1236-WFCDV,1,2.273158691738958,0,0,-0.748079855318371,1,0,1,0,0,0,0,2,2,0,0,1,0.8537750481664219,1266.1,1,kaggle
1915-OAKWD,0,-0.43991649313097614,0,1,-0.6666391278783103,1,0,2,1,1,1,1,1,1,1,1,0,-1.5109620830699715,360.35,0,kaggle
7296-PIXQY,0,-0.43991649313097614,1,1,-0.748079855318371,1,0,1,0,0,0,0,0,0,0,0,2,0.18074726309914202,1046.5,0,kaggle
4883-QICIH,1,-0.43991649313097614,1,1,-0.015113308357824713,1,0,1,0,0,0,0,0,0,0,1,0,0.1657910900976468,2347.9,1,kaggle
3354-OADJP,0,-0.43991649313097614,0,0,-0.9924020376385531,1,0,0,2,0,0,2,0,0,1,0,0,-0.3493659799538514,447.75,0,kaggle
3524-WQDSG,0,-0.43991649313097614,1,1,0.43281069256250915,1,2,1,0,0,2,0,2,2,0,1,0,1.1479131171958254,4209.95,0,kaggle
0810-DHDBD,0,-0.43991649313097614,0,0,0.7992939660427822,1,2,0,2,0,2,2,2,0,1,0,1,0.3070438351117673,3877.65,0,kaggle
4026-SKKHW,1,-0.43991649313097614,0,0,-1.1960038562387048,1,0,0,0,0,0,2,0,0,0,1,3,-0.4823097399671412,152.3,0,kaggle
2829-HYVZP,1,-0.43991649313097614,0,0,-0.13727439951791576,1,0,2,1,1,1,1,1,1,1,1,3,-1.4943441130683104,572.2,0,kaggle
8329-IBCTI,0,-0.43991649313097614,0,0,-1.2774445836787656,1,0,2,1,1,1,1,1,1,0,0,3,-1.4993295040688086,19.65,1,kaggle
1271-SJBGZ,1,2.273158691738958,0,0,-0.8295205827584317,0,1,0,0,0,2,2,0,2,0,1,2,-0.7016669439890695,526.95,1,kaggle
3845-JHAMY,0,-0.43991649313097614,1,1,-0.6666391278783103,0,1,0,0,0,0,0,0,2,0,1,1,-0.9725398550161476,552.7,0,kaggle
7013-PSXHK,0,-0.43991649313097614,0,0,0.3106496014024181,1,2,0,0,0,2,2,2,2,1,1,3,0.531386430134194,3208.65,0,kaggle
5669-SRAIP,0,-0.43991649313097614,0,0,-1.1145631287986442,0,1,0,0,0,2,0,0,2,0,0,2,-0.8395960950028577,210.75,1,kaggle
5981-ITEMU,1,-0.43991649313097614,1,0,0.3106496014024181,1,2,1,0,0,0,0,2,2,0,1,0,1.074794049188516,3706.95,1,kaggle
3486-NPGST,0,-0.43991649313097614,0,0,0.14776814652229667,1,0,2,1,1,1,1,1,1,1,0,3,-1.502653098069141,620.75,0,kaggle
6941-PMGEP,0,-0.43991649313097614,0,0,-1.1145631287986442,1,0,1,0,0,0,0,0,2,0,1,2,0.5064594751317021,412.5,1,kaggle
1624-WOIWJ,0,-0.43991649313097614,0,0,-0.9109613101984924,1,0,1,2,0,0,0,2,0,0,1,3,0.6626683931473177,832.05,1,kaggle
2074-GKOWZ,1,-0.43991649313097614,1,1,-1.2367242199587352,1,0,1,0,0,0,0,2,2,0,1,0,0.8238627021634315,185.55,1,kaggle
0376-YMCJC,1,-0.43991649313097614,0,0,-0.38159658183809786,1,2,1,0,0,0,2,2,0,0,1,2,0.85876043916692,1943.2,1,kaggle
6100-FJZDG,1,-0.43991649313097614,1,1,-0.2594354906780068,1,0,2,1,1,1,1,1,1,1,1,0,-1.4860351280674797,505.9,0,kaggle
4829-ZLJTK,0,2.273158691738958,1,0,1.6137012404433893,1,2,1,2,2,2,0,2,2,2,1,2,1.58330393123935,8046.85,0,kaggle
1730-VFMWO,0,-0.43991649313097614,1,0,0.06632741908223598,1,0,0,0,0,0,2,0,0,0,0,0,-0.48397153696730727,1815.3,0,kaggle
7143-BQIBA,1,-0.43991649313097614,0,0,-0.9109613101984924,1,0,0,2,0,0,2,2,0,0,0,0,-0.08347845992727167,612.95,0,kaggle
3800-LYTRK,0,-0.43991649313097614,0,0,-0.748079855318371,1,0,0,2,0,0,2,0,0,1,0,3,-0.3011738669490337,795.15,0,kaggle
0634-SZPQA,0,-0.43991649313097614,0,0,-0.38159658183809786,1,2,1,2,0,0,0,2,0,0,1,0,0.8404806721650927,2169.8,1,kaggle
9646-NMHXE,1,-0.43991649313097614,1,0,0.5956921474426305,1,0,2,1,1,1,1,1,1,2,0,3,-1.4993295040688086,973.1,0,kaggle
7030-NJVDP,1,-0.43991649313097614,1,0,-0.3408762181180675,1,0,1,2,0,0,2,0,2,0,1,2,0.8138919201624348,2210.2,0,kaggle
5536-RTPWK,1,-0.43991649313097614,1,0,0.6771328748826912,1,2,1,0,2,0,0,2,2,0,1,0,1.1396041321949948,4853.75,1,kaggle
8883-GRDWQ,1,2.273158691738958,0,0,-0.5037576729981889,1,0,0,2,0,0,2,0,0,1,0,3,-0.357674964954682,1055.9,0,kaggle
6166-ILMNY,0,-0.43991649313097614,0,0,-1.2367242199587352,1,0,1,0,0,0,0,0,0,0,0,0,0.1657910900976468,144.55,1,kaggle
3097-NNSPB,0,-0.43991649313097614,0,0,-1.2367242199587352,1,0,0,0,2,0,0,0,0,0,1,1,-0.5221928679711283,91.1,1,kaggle
7771-ZONAT,1,-0.43991649313097614,0,0,-0.4223169455581282,0,1,0,0,0,2,2,2,2,2,0,0,-0.2662761299455452,1304.85,0,kaggle
0655-RBDUG,1,-0.43991649313097614,0,0,-1.0331224013585834,1,2,1,0,0,2,0,2,2,0,1,0,1.1063681921916724,713.0,1,kaggle
2111-DWYHN,1,-0.43991649313097614,0,0,-1.2774445836787656,1,0,2,1,1,1,1,1,1,0,0,3,-1.451137391063991,21.1,0,kaggle
4194-WHFCB,0,-0.43991649313097614,1,1,1.0843365120829946,1,2,1,0,2,0,2,0,2,0,1,0,1.0598378761870213,5580.8,0,kaggle
4121-AGSIN,0,-0.43991649313097614,1,1,1.0436161483629645,1,2,2,1,1,1,1,1,1,1,1,1,-1.3381351950526947,1497.9,0,kaggle
4361-BKAXE,0,-0.43991649313097614,0,0,0.35136996512244845,1,2,1,2,2,2,2,2,2,0,1,0,1.653099405246327,4527.45,1,kaggle
9845-PEEKO,0,2.273158691738958,0,0,1.0843365120829946,1,2,1,0,2,0,0,0,0,2,1,1,0.47987072312904416,4590.35,0,kaggle
0455-XFASS,0,-0.43991649313097614,1,1,-1.1960038562387048,1,0,1,0,0,0,0,0,0,0,1,2,0.15914390209698223,200.2,0,kaggle
0301-KOBTQ,1,-0.43991649313097614,0,0,-0.015113308357824713,1,0,2,1,1,1,1,1,1,2,1,0,-1.4860351280674797,614.45,0,kaggle
1751-NCDLI,1,2.273158691738958,1,0,0.5549717837226001,1,2,1,0,0,2,0,2,2,0,1,2,1.1329569441943304,4564.9,0,kaggle
4367-NUYAO,1,-0.43991649313097614,1,1,-1.318164947398796,1,2,2,1,1,1,1,1,1,2,0,3,-1.2965902700485417,1397.475,0,kaggle
9878-TNQGW,1,-0.43991649313097614,0,0,-1.2367242199587352,1,0,1,0,0,0,0,0,2,0,1,2,0.5380336181348585,171.15,1,kaggle
9170-ARBTB,0,-0.43991649313097614,1,1,0.7992939660427822,1,0,2,1,1,1,1,1,1,1,0,1,-1.5009913010689746,1012.4,0,kaggle
4441-NIHPT,0,2.273158691738958,0,0,-0.7888002190384014,1,0,1,0,0,2,0,0,0,0,1,2,0.3170146171127639,940.35,1,kaggle
8999-BOHSE,0,2.273158691738958,0,0,-0.8702409464784621,1,0,1,0,0,0,0,2,2,0,0,0,0.82884809316393,1047.7,1,kaggle
7241-AJHFS,1,-0.43991649313097614,0,0,-0.015113308357824713,1,2,1,2,0,0,2,0,0,0,0,0,0.7607144161571191,2766.4,0,kaggle
7029-RPUAV,1,2.273158691738958,1,0,-0.62591876415828,1,2,1,0,0,2,0,2,2,0,1,1,1.1861344481996465,1622.45,1,kaggle
4546-FOKWR,0,-0.43991649313097614,0,0,-0.6666391278783103,1,2,1,0,0,0,0,0,0,0,1,1,0.3319707901142591,1129.35,0,kaggle
9036-CSKBW,0,-0.43991649313097614,0,0,0.758573602322752,1,2,1,2,2,2,0,2,2,1,0,0,1.4187860282229037,5680.9,0,kaggle
5832-TRLPB,1,-0.43991649313097614,0,0,-0.13727439951791576,1,0,0,0,0,2,2,2,2,1,1,0,0.35191235411625243,2243.9,0,kaggle
8590-YFFQO,1,-0.43991649313097614,1,0,1.5322605130033284,1,0,0,2,2,2,2,0,0,2,0,1,0.006258578081699082,4523.25,0,kaggle
8659-IOOPU,0,-0.43991649313097614,1,1,1.5729808767233588,1,2,1,2,0,2,2,0,2,2,0,2,1.1861344481996465,7159.7,0,kaggle
1338-CECEE,1,-0.43991649313097614,1,1,0.35136996512244845,1,2,0,0,2,2,0,2,0,1,0,0,0.12424616509349373,2839.95,0,kaggle
7439-DKZTW,1,-0.43991649313097614,0,0,-1.2774445836787656,1,0,1,0,0,0,0,2,0,0,1,2,0.5247392421335293,80.55,0,kaggle
4646-QZXTF,0,-0.43991649313097614,1,0,-1.0331224013585834,1,0,0,2,0,2,2,2,2,0,0,0,0.5480044001358552,580.1,0,kaggle
4607-CHPCA,1,-0.43991649313097614,1,1,-0.30015585439803716,1,0,1,0,0,0,0,2,2,1,1,2,0.8521132511662559,2178.6,1,kaggle
9742-XOKTS,1,-0.43991649313097614,1,1,1.4100994218432374,1,2,1,2,2,0,2,0,0,1,0,2,0.8238627021634315,6038.55,0,kaggle
6921-OZMFH,1,-0.43991649313097614,1,1,-1.1145631287986442,1,2,0,0,0,0,2,0,0,0,1,3,-0.3011738669490337,259.4,0,kaggle
9578-FOMUK,1,-0.43991649313097614,0,1,-0.7073594915983407,1,2,2,1,1,1,1,1,1,0,1,2,-1.328164413051698,324.15,0,kaggle
4712-UYOOI,0,-0.43991649313097614,1,1,-0.5037576729981889,1,0,2,1,1,1,1,1,1,0,0,2,-1.4876969250676457,417.65,0,kaggle
8824-RWFXJ,1,-0.43991649313097614,1,1,-1.1960038562387048,1,0,0,0,2,2,0,0,0,0,1,3,-0.28621769394753876,168.15,1,kaggle
7722-CVFXN,1,-0.43991649313097614,1,1,0.880734693482843,1,2,1,0,2,0,2,2,2,1,1,2,1.3440051632154282,5637.85,0,kaggle
8717-VCTXJ,1,-0.43991649313097614,0,0,0.3920903288424788,1,0,2,1,1,1,1,1,1,1,1,3,-1.502653098069141,839.4,0,kaggle
7363-QTBIW,0,-0.43991649313097614,1,0,-0.9516816739185228,1,0,1,0,0,0,0,0,2,0,1,2,0.4981504901308714,769.1,0,kaggle
4159-NAAIX,0,-0.43991649313097614,0,0,1.247217966963116,1,2,1,0,2,0,0,2,2,2,0,0,1.086426628189679,6253.0,0,kaggle
0971-QIFJK,0,-0.43991649313097614,1,0,1.4915401492832983,1,2,2,1,1,1,1,1,1,2,0,0,-1.3464441800535252,1641.8,0,kaggle
9397-TZSHA,0,-0.43991649313097614,0,0,1.4915401492832983,1,2,2,1,1,1,1,1,1,2,0,1,-1.3348116010523623,1678.05,0,kaggle
3391-JSQEW,1,-0.43991649313097614,1,0,0.3106496014024181,1,0,0,0,2,0,0,0,0,0,1,3,-0.4856333339674735,2058.5,0,kaggle
0343-QLUZP,1,-0.43991649313097614,0,0,1.125056875803025,0,1,0,2,2,2,0,0,0,2,0,0,-0.8362725010025254,2424.5,0,kaggle
9763-PDTKK,0,-0.43991649313097614,0,0,-1.1552834925186746,1,0,1,2,0,2,2,0,2,0,1,0,0.9850570111795457,387.2,1,kaggle
2176-LVPNX,0,2.273158691738958,0,0,1.5729808767233588,1,2,0,2,2,2,2,2,2,2,0,3,0.8338334841644282,6293.45,0,kaggle
7627-JKIAZ,0,-0.43991649313097614,1,0,0.18848851024232702,1,2,1,0,0,2,0,0,0,0,1,1,0.47156173812821356,2839.65,1,kaggle
3312-UUMZW,1,-0.43991649313097614,1,0,-0.015113308357824713,1,2,1,0,2,0,0,2,2,0,1,1,1.1329569441943304,3145.9,0,kaggle
1271-UODNO,1,-0.43991649313097614,0,0,0.26992923768238775,1,2,0,0,0,0,2,0,0,2,1,1,-0.3626603559551803,2200.7,0,kaggle
8461-EFQYM,0,-0.43991649313097614,0,0,0.22920887396235737,1,2,2,1,1,1,1,1,1,1,1,2,-1.3464441800535252,914.4,0,kaggle
6900-RBKER,1,-0.43991649313097614,0,0,0.7992939660427822,1,2,1,0,0,2,0,0,2,2,1,1,0.8205391081630994,4577.75,0,kaggle
6891-JPYFF,0,-0.43991649313097614,1,1,0.6364125111626608,1,2,1,2,2,0,0,2,2,0,1,1,1.3456669602155942,4997.5,0,kaggle
1459-QNFQT,1,-0.43991649313097614,1,1,1.5322605130033284,0,1,0,2,0,2,2,2,2,2,0,0,-0.17487729493640844,4144.8,0,kaggle
1047-NNCBF,1,-0.43991649313097614,0,0,-0.5037576729981889,1,0,1,0,0,0,0,0,0,0,0,1,0.19237984210030468,1493.55,0,kaggle
3696-XRIEN,0,-0.43991649313097614,0,0,0.7178532386027215,1,2,0,2,0,2,2,2,2,1,1,1,0.5895493251400082,4179.1,0,kaggle
4081-DYXAV,0,-0.43991649313097614,0,0,-0.5444780367182193,0,1,0,0,0,0,0,2,2,1,1,1,-0.6617838159850825,893.55,1,kaggle
0074-HDKDG,1,-0.43991649313097614,1,1,-0.30015585439803716,1,0,0,2,2,2,0,0,0,1,1,0,-0.10508182092943122,1611.0,0,kaggle
8791-GFXLZ,1,-0.43991649313097614,0,0,-0.8295205827584317,1,0,0,0,2,0,0,0,0,0,1,0,-0.5221928679711283,593.05,0,kaggle
8111-SLLHI,1,2.273158691738958,1,0,0.26992923768238775,1,2,1,0,2,2,0,2,2,0,1,2,1.3589613362169235,4284.8,1,kaggle
0927-LCSMG,1,-0.43991649313097614,0,0,-1.0331224013585834,1,0,1,0,0,2,0,0,0,0,0,3,0.32864719611392706,544.55,1,kaggle
9330-DHBFL,0,-0.43991649313097614,1,1,-0.38159658183809786,1,0,0,2,2,2,2,0,0,1,1,3,0.04946530008601819,1533.8,0,kaggle
0098-BOWSO,1,-0.43991649313097614,0,0,-0.21871512695797646,1,0,2,1,1,1,1,1,1,0,1,2,-1.5076384890696393,529.8,0,kaggle
3452-ABWRL,1,2.273158691738958,0,0,0.5956921474426305,1,2,1,0,0,0,0,2,0,0,1,1,0.7075369121518029,3865.6,0,kaggle
5859-HZYLF,1,-0.43991649313097614,1,1,-0.2594354906780068,1,0,2,1,1,1,1,1,1,2,1,1,-1.51594747407047,515.75,0,kaggle
8257-RZAHR,0,-0.43991649313097614,1,0,-0.748079855318371,1,2,0,2,0,0,0,2,0,0,1,0,-0.0020504069191315333,941.0,1,kaggle
5293-WXJAK,0,2.273158691738958,1,0,-0.8702409464784621,1,2,1,0,0,2,2,2,2,0,1,0,1.3057838322116073,1133.65,1,kaggle
3156-QLHBO,1,-0.43991649313097614,0,1,-1.2367242199587352,1,0,2,1,1,1,1,1,1,0,0,3,-1.5126238800701375,48.35,0,kaggle
2208-NQBCT,0,-0.43991649313097614,1,1,-0.2594354906780068,1,0,1,2,2,0,0,0,0,0,0,2,0.5712695581381809,2070.05,0,kaggle
1779-PWPMG,0,2.273158691738958,1,0,1.6137012404433893,1,2,1,2,2,2,2,2,2,2,1,0,1.6580847962468257,8333.95,0,kaggle
6621-NRZAK,0,-0.43991649313097614,1,1,1.247217966963116,1,0,2,1,1,1,1,1,1,2,0,1,-1.4876969250676457,1209.25,0,kaggle
0831-JNISG,1,-0.43991649313097614,1,1,1.5729808767233588,1,0,2,1,1,1,1,1,1,2,0,3,-1.4943441130683104,1396.25,0,kaggle
0774-IFUVM,1,-0.43991649313097614,1,1,-0.8702409464784621,1,2,0,2,0,0,0,2,0,0,1,0,0.012905766082363669,723.35,0,kaggle
3082-WQRVY,1,2.273158691738958,1,0,-0.748079855318371,1,0,2,1,1,1,1,1,1,1,0,3,-1.4993295040688086,228.65,0,kaggle
9553-DLCLU,0,-0.43991649313097614,0,1,-0.7888002190384014,1,2,0,2,2,2,2,2,2,2,0,1,0.8039211381614382,1161.75,0,kaggle
1641-BYBTK,1,-0.43991649313097614,0,1,-1.0738427650786138,1,0,2,1,1,1,1,1,1,0,1,3,-1.481049737066981,98.35,0,kaggle
2460-NGXBJ,1,2.273158691738958,1,1,-0.8702409464784621,1,2,1,0,0,0,0,0,0,0,1,1,0.3469269631157543,775.3,0,kaggle
2446-ZKVAF,1,-0.43991649313097614,1,0,-0.5851984004382496,1,2,0,0,2,0,0,0,0,0,0,1,-0.26461433294537917,1074.65,0,kaggle
0841-NULXI,1,-0.43991649313097614,0,0,-1.2774445836787656,0,1,0,0,0,0,0,0,2,0,1,2,-0.9708780580159815,35.55,1,kaggle
3522-CDKHF,0,-0.43991649313097614,1,0,-0.015113308357824713,1,0,1,2,0,0,0,0,0,0,1,0,0.356897745116751,2324.7,0,kaggle
1430-SFQSA,1,-0.43991649313097614,0,0,-0.13727439951791576,0,1,0,2,0,0,2,0,0,1,0,3,-0.9692162610158153,1072.6,0,kaggle
0411-EZJZE,0,-0.43991649313097614,0,0,-1.1960038562387048,1,2,0,0,0,0,0,2,0,0,1,2,-0.1499503399339166,170.5,0,kaggle
7851-WZEKY,0,-0.43991649313097614,0,0,-1.2367242199587352,1,2,1,0,0,0,0,2,2,0,1,2,1.0099839661820376,196.9,1,kaggle
8844-TONUD,1,-0.43991649313097614,1,1,-0.7888002190384014,1,0,1,0,0,2,0,2,2,0,1,3,1.0598378761870213,1162.85,1,kaggle
8807-ARQET,0,-0.43991649313097614,0,0,0.35136996512244845,0,1,0,0,2,0,0,0,2,0,1,2,-0.8113455460000336,1677.85,0,kaggle
8992-CEUEN,0,-0.43991649313097614,0,0,-1.2774445836787656,1,0,2,1,1,1,1,1,1,0,0,2,-1.5259182560714666,18.85,0,kaggle
4320-QMLLA,1,-0.43991649313097614,0,0,-1.0331224013585834,1,0,0,0,0,0,0,2,0,0,0,3,-0.32942441595185784,370.4,0,kaggle
8777-PVYGU,0,-0.43991649313097614,1,0,0.7992939660427822,1,0,0,2,0,2,0,2,0,1,1,3,-0.015344782920460707,3410.6,0,kaggle
8292-ITGYJ,0,-0.43991649313097614,1,1,0.5142514200025698,1,2,2,1,1,1,1,1,1,2,1,0,-1.3331498040521963,1138.8,0,kaggle
6870-ZWMNX,1,-0.43991649313097614,1,0,1.5322605130033284,1,2,0,0,2,2,2,2,0,2,0,1,0.37683930911874425,5264.25,0,kaggle
0621-CXBKL,0,-0.43991649313097614,0,0,0.8400143297628127,1,0,2,1,1,1,1,1,1,2,0,3,-1.5309036470719648,1005.7,0,kaggle
5268-DSMNQ,0,2.273158691738958,1,0,1.2064976032430856,1,2,1,0,2,2,0,2,0,1,1,1,1.1030445981913404,5936.55,0,kaggle
5334-JLAXU,0,-0.43991649313097614,1,0,1.125056875803025,1,2,1,2,2,0,0,0,2,0,1,1,0.9750862291785486,5475.9,0,kaggle
4086-YQSNZ,0,2.273158691738958,1,0,-1.1960038562387048,1,0,1,0,0,0,0,2,0,0,1,2,0.5197538511330312,224.05,1,kaggle
6242-MBHPK,0,2.273158691738958,1,0,-0.38159658183809786,1,0,1,2,0,0,0,2,2,0,1,2,1.0083221691818711,2326.05,0,kaggle
5868-CZJDR,1,-0.43991649313097614,0,1,-1.2774445836787656,0,1,0,0,2,0,0,0,0,0,1,3,-1.1104690060299358,31.35,1,kaggle
9359-UGBTK,0,-0.43991649313097614,0,0,1.4100994218432374,1,0,0,2,0,2,2,0,2,1,1,0,0.252204534106285,4991.5,0,kaggle
0135-NMXAP,0,-0.43991649313097614,0,0,-0.8295205827584317,1,2,1,0,2,0,0,2,0,0,1,0,0.830509890164096,1052.4,1,kaggle
4782-OSFXZ,0,2.273158691738958,1,0,1.5729808767233588,1,2,0,2,2,2,2,0,2,2,1,0,0.5961965131406728,5831.2,0,kaggle
6479-OAUSD,1,-0.43991649313097614,0,0,-0.30015585439803716,1,0,2,1,1,1,1,1,1,1,0,1,-1.491020519067978,510.8,0,kaggle
7129-ACFOG,0,-0.43991649313097614,0,0,-1.1145631287986442,1,2,0,2,0,0,0,0,0,0,1,2,-0.3643221529553466,283.95,0,kaggle
4189-NAKJS,1,-0.43991649313097614,0,0,-0.2594354906780068,1,2,0,0,0,0,0,0,0,1,1,1,-0.43910301796282214,1295.4,0,kaggle
5562-BETPV,1,-0.43991649313097614,1,1,-1.2774445836787656,1,0,2,1,1,1,1,1,1,1,0,3,-1.4993295040688086,19.65,0,kaggle
1282-IHQAC,1,2.273158691738958,0,0,1.5322605130033284,0,1,0,0,2,2,0,2,0,1,1,1,-0.6883725679877406,3011.65,0,kaggle
9127-FHJBZ,1,-0.43991649313097614,1,1,1.6137012404433893,1,2,1,2,2,2,2,2,2,2,1,2,1.6364814352446657,8093.15,0,kaggle
6270-OMFIW,1,-0.43991649313097614,1,0,1.125056875803025,1,0,1,0,2,0,0,2,2,1,1,2,0.9850570111795457,5610.25,1,kaggle
1641-RQDAY,0,2.273158691738958,1,1,-0.015113308357824713,1,2,1,0,2,0,0,2,2,0,1,2,1.1844726511994805,3217.65,0,kaggle
0107-WESLM,1,-0.43991649313097614,0,0,-1.2774445836787656,1,0,2,1,1,1,1,1,1,0,1,2,-1.4926823160681442,19.85,1,kaggle
6994-ORCWG,0,-0.43991649313097614,0,0,-0.748079855318371,1,2,0,0,2,0,0,0,0,1,1,3,-0.3493659799538514,773.2,0,kaggle
1346-UFHAX,0,-0.43991649313097614,0,0,-0.7888002190384014,1,2,1,2,0,0,0,0,0,0,1,1,0.5064594751317021,1029.35,0,kaggle
3992-YWPKO,0,-0.43991649313097614,0,0,-1.0738427650786138,1,2,1,0,2,2,2,2,2,0,1,1,1.5002140812310438,669.45,1,kaggle
2933-XEUJM,0,-0.43991649313097614,0,0,0.5549717837226001,1,2,0,2,0,2,0,2,2,2,0,3,0.47987072312904416,3593.8,0,kaggle
0125-LZQXK,1,-0.43991649313097614,0,0,-0.7073594915983407,1,0,1,0,0,2,2,2,2,0,1,2,1.2160467942026365,1553.95,1,kaggle
5461-QKNTN,1,2.273158691738958,1,0,0.43281069256250915,1,2,1,0,2,0,2,2,0,0,1,2,0.9817334171792131,3953.15,0,kaggle
4835-YSJMR,1,-0.43991649313097614,0,0,0.26992923768238775,1,0,0,0,0,0,2,0,0,2,1,0,-0.4972659129686364,1971.15,0,kaggle
8399-YNDCH,1,2.273158691738958,0,0,-0.46303730927815856,1,0,0,0,0,2,0,2,0,0,1,0,-0.15659752793458118,1236.15,1,kaggle
3164-YAXFY,1,-0.43991649313097614,0,0,1.002895784642934,0,1,0,2,0,2,0,2,2,0,1,2,-0.3659839499555126,3196.0,0,kaggle
0887-WBJVH,0,-0.43991649313097614,1,0,0.8400143297628127,1,0,1,0,0,0,2,2,2,1,1,2,0.9534828681763893,4872.2,0,kaggle
4660-IRIBM,1,-0.43991649313097614,1,1,-0.5851984004382496,1,0,1,2,0,2,0,2,0,0,1,3,0.7690234011579498,1500.5,0,kaggle
5673-FSSMF,0,-0.43991649313097614,0,0,-1.2774445836787656,1,2,0,0,0,0,0,0,2,0,1,2,-0.15327393393424887,60.15,1,kaggle
7670-ZBPOQ,0,-0.43991649313097614,1,0,1.0436161483629645,1,2,0,2,0,0,2,0,0,1,1,0,-0.12336158793125872,3478.75,0,kaggle
8089-UZWLX,0,2.273158691738958,0,0,1.5729808767233588,1,2,1,0,0,2,0,2,2,2,0,0,1.3057838322116073,7413.55,0,kaggle
0080-OROZO,0,-0.43991649313097614,0,0,0.10704778280226633,1,0,1,0,0,2,2,2,2,1,1,2,1.1462513201956595,3532.0,0,kaggle
3916-NRPAP,1,-0.43991649313097614,0,0,-1.1960038562387048,1,0,1,0,0,2,0,0,2,0,0,1,0.6959043331506402,256.75,0,kaggle
6807-SIWJI,1,-0.43991649313097614,0,0,0.22920887396235737,1,2,1,2,2,0,0,2,2,1,1,2,1.332372584214265,3887.25,0,kaggle
8221-HVAYI,1,-0.43991649313097614,1,1,0.10704778280226633,1,2,0,2,2,2,2,0,0,2,1,1,0.14584952609565352,2490.15,0,kaggle
1579-KLYDT,1,-0.43991649313097614,0,0,-1.0331224013585834,1,2,1,0,0,2,0,2,0,0,1,2,0.8537750481664219,593.45,1,kaggle
5232-NXPAY,0,-0.43991649313097614,0,0,0.5956921474426305,1,0,0,0,0,2,2,2,2,2,0,3,0.32200000811326246,3510.3,0,kaggle
8967-SZQAS,0,-0.43991649313097614,0,0,-0.748079855318371,1,0,0,0,2,0,0,0,0,0,0,2,-0.4756625519664766,765.45,0,kaggle
4468-KAZHE,0,2.273158691738958,1,0,-0.5037576729981889,1,0,0,0,2,0,0,0,2,0,1,2,-0.1582593249347472,1259.35,0,kaggle
0455-ENTCR,1,-0.43991649313097614,1,0,1.369379058123207,1,2,0,2,2,0,2,2,2,2,0,2,0.6809481601491449,5538.35,0,kaggle
8944-AILEF,1,-0.43991649313097614,1,0,-0.7073594915983407,1,0,2,1,1,1,1,1,1,0,1,1,-1.505976692069473,340.85,0,kaggle
5542-NKVRU,0,-0.43991649313097614,0,0,0.3920903288424788,1,0,2,1,1,1,1,1,1,2,1,0,-1.462769970065154,844.45,0,kaggle
7126-RBHSD,0,-0.43991649313097614,1,0,-0.62591876415828,1,2,1,2,0,0,0,0,0,0,0,2,0.46989994112804756,1348.95,0,kaggle
5370-IIVVL,1,-0.43991649313097614,0,0,0.18848851024232702,1,2,1,0,2,0,2,2,2,1,1,1,1.3207400052131024,3778.0,0,kaggle
6789-HJBWG,0,-0.43991649313097614,0,0,-0.8295205827584317,1,0,0,0,2,0,0,0,0,0,1,2,-0.5105602889699654,611.65,0,kaggle
3927-NLNRY,1,-0.43991649313097614,1,0,0.8400143297628127,1,0,1,0,2,0,0,2,2,1,1,0,0.9800716201790471,4867.95,1,kaggle
9087-EYCPR,0,-0.43991649313097614,0,0,1.125056875803025,1,2,2,1,1,1,1,1,1,2,0,3,-1.3215172250510334,1505.05,0,kaggle
6791-YBNAK,1,-0.43991649313097614,1,1,-0.5851984004382496,0,1,0,0,0,0,0,0,0,0,0,1,-1.303237458049206,467.85,0,kaggle
6358-LYNGM,1,-0.43991649313097614,0,0,-1.2774445836787656,1,2,1,0,0,0,0,0,0,0,1,2,0.33695618111475767,74.9,1,kaggle
6077-BDPXA,0,-0.43991649313097614,0,0,-1.1960038562387048,1,0,1,0,0,0,0,0,0,0,1,2,0.179085466098976,194.2,0,kaggle
0013-MHZWF,0,-0.43991649313097614,0,1,-0.9516816739185228,1,0,0,0,0,0,2,2,2,0,1,1,0.15415851109648415,571.45,0,kaggle
5494-HECPR,0,-0.43991649313097614,0,0,-1.2774445836787656,1,0,1,0,0,0,0,2,0,0,1,2,0.5147684601325326,80.25,1,kaggle
8268-YDIXR,1,-0.43991649313097614,1,0,0.9621754209229036,1,2,1,2,2,2,0,0,0,1,1,2,0.9435120861753926,5253.95,0,kaggle
9824-BEMCV,1,-0.43991649313097614,1,1,-0.62591876415828,1,0,1,0,0,0,0,0,0,0,1,2,0.14086413509515497,1149.65,1,kaggle
1373-ORVIZ,0,-0.43991649313097614,1,1,-0.8702409464784621,1,2,0,0,0,0,2,0,2,0,1,2,0.05278889408635025,740.8,1,kaggle
4291-SHSBH,1,-0.43991649313097614,0,0,-1.0331224013585834,1,0,1,0,0,0,0,0,0,0,1,2,0.15914390209698223,521.35,0,kaggle
6980-IMXXE,0,-0.43991649313097614,1,1,1.4915401492832983,1,0,2,1,1,1,1,1,1,2,0,0,-1.481049737066981,1412.65,0,kaggle
9866-QEVEE,1,-0.43991649313097614,0,0,-0.5444780367182193,1,2,1,0,0,0,0,0,2,0,1,0,0.7058751151516368,1532.45,1,kaggle
9897-KXHCM,0,-0.43991649313097614,1,1,-1.1960038562387048,1,0,1,0,0,0,0,0,2,0,1,2,0.5164302571326987,250.05,1,kaggle
0040-HALCW,1,-0.43991649313097614,1,1,0.880734693482843,1,0,2,1,1,1,1,1,1,2,0,1,-1.4744025490663168,1090.6,0,kaggle
0784-GTUUK,1,-0.43991649313097614,1,0,1.2064976032430856,1,2,2,1,1,1,1,1,1,1,1,1,-1.3630621500551865,1446.8,0,kaggle
7979-CORPM,1,-0.43991649313097614,0,0,-0.3408762181180675,1,2,1,0,2,0,0,2,0,0,1,1,0.8570986421667539,2282.55,1,kaggle
2294-DMMUS,0,-0.43991649313097614,1,1,1.2064976032430856,1,2,0,0,0,0,0,2,2,0,1,1,0.18905624809997262,4300.45,0,kaggle
0872-JCPIB,1,-0.43991649313097614,0,0,-0.62591876415828,1,2,0,2,0,0,0,0,2,0,0,0,0.03284733008435696,1111.2,0,kaggle
3055-MJDSB,1,-0.43991649313097614,0,0,-0.9516816739185228,0,1,0,0,0,0,0,0,0,0,1,3,-1.3348116010523623,190.1,0,kaggle
9091-WTUUY,1,-0.43991649313097614,1,1,1.2879383306831464,1,0,0,2,0,2,2,2,0,2,0,3,0.14917312009598557,4447.75,0,kaggle
1618-CFHME,0,-0.43991649313097614,0,0,-1.2367242199587352,1,2,1,0,0,0,0,0,0,0,1,2,0.37019212111808014,143.35,1,kaggle
3165-HDOEW,1,-0.43991649313097614,1,1,-1.2774445836787656,1,0,0,0,0,0,0,0,0,0,1,3,-0.62854787598176,45.85,1,kaggle
6581-NQCBA,0,-0.43991649313097614,1,0,-0.6666391278783103,0,1,0,0,0,0,2,2,2,0,1,2,-0.4922805219681379,810.2,1,kaggle
7115-IRDHS,0,-0.43991649313097614,1,0,1.6137012404433893,1,2,2,1,1,1,1,1,1,2,0,0,-1.3331498040521963,1830.05,0,kaggle
8496-DMZUK,1,-0.43991649313097614,0,0,-0.0965540357978854,1,2,1,2,2,2,0,0,0,1,0,0,0.8521132511662559,2820.65,0,kaggle
2040-VZIKE,0,-0.43991649313097614,1,0,0.6771328748826912,1,2,1,2,0,0,0,2,2,0,1,3,1.1994288242009752,4847.35,0,kaggle
9068-VPWQQ,1,-0.43991649313097614,1,0,1.1657772395230555,1,2,0,2,0,2,2,0,2,2,0,1,0.35191235411625243,4729.3,0,kaggle
0178-SZBHO,1,-0.43991649313097614,1,1,0.5956921474426305,1,2,1,0,2,0,0,2,0,0,0,2,0.7457582431556239,4017.45,0,kaggle
0384-RVBPI,1,-0.43991649313097614,0,0,-0.5037576729981889,1,0,0,2,0,2,0,0,2,0,0,1,-0.012021188920128179,1398.6,0,kaggle
1689-MRZQR,1,-0.43991649313097614,1,1,0.06632741908223598,1,0,1,0,0,0,0,2,0,0,0,2,0.4499583771260538,2564.3,1,kaggle
1299-AURJA,0,-0.43991649313097614,1,1,1.5322605130033284,1,2,2,1,1,1,1,1,1,2,0,0,-1.33148800705203,1685.9,0,kaggle
4525-VZCZG,1,-0.43991649313097614,0,1,0.880734693482843,1,0,1,2,2,0,2,2,2,1,1,2,1.3656085242175875,5826.65,0,kaggle
1543-LLLFT,1,2.273158691738958,1,0,1.1657772395230555,1,2,1,0,2,2,2,2,0,1,1,3,1.114677177192503,6066.55,0,kaggle
5835-BEQEU,1,-0.43991649313097614,0,0,-1.1960038562387048,1,2,1,0,0,0,0,0,0,0,1,2,0.40508985812156867,228.4,1,kaggle
2788-CJQAQ,1,-0.43991649313097614,0,0,-0.7888002190384014,1,0,2,1,1,1,1,1,1,1,0,3,-1.505976692069473,270.2,0,kaggle
5565-FILXA,0,2.273158691738958,0,0,-0.6666391278783103,1,2,1,0,0,0,0,2,2,0,1,2,1.04321990618536,1529.2,1,kaggle
0319-QZTCO,0,-0.43991649313097614,1,1,-1.1960038562387048,1,0,0,0,2,0,0,2,0,0,1,1,-0.2014660469390663,168.6,0,kaggle
2120-SMPEX,1,-0.43991649313097614,0,0,-0.30015585439803716,1,0,2,1,1,1,1,1,1,0,1,3,-1.4827115340671475,536.35,0,kaggle
0096-FCPUF,1,-0.43991649313097614,0,0,-0.0965540357978854,1,2,0,2,0,0,0,0,2,0,1,3,-0.00869759491979612,1888.45,0,kaggle
0668-OGMHD,0,-0.43991649313097614,1,0,-0.46303730927815856,0,1,0,2,0,0,0,0,0,0,0,2,-1.2051914350394048,629.35,0,kaggle
5552-ZNFSJ,1,-0.43991649313097614,0,0,-1.2774445836787656,1,0,0,0,0,0,0,0,0,0,0,2,-0.6468276429835875,45.3,1,kaggle
2223-KAGMX,0,-0.43991649313097614,0,0,-0.7073594915983407,1,0,2,1,1,1,1,1,1,0,0,0,-1.5076384890696393,289.3,1,kaggle
6507-ZJSUR,1,2.273158691738958,1,0,-0.38159658183809786,1,0,1,0,0,0,0,2,2,0,1,2,0.8537750481664219,2117.25,0,kaggle
9408-HRXRK,0,-0.43991649313097614,1,1,0.5142514200025698,1,2,1,2,2,0,0,2,2,0,1,2,1.3423433662152622,4730.9,0,kaggle
5593-SUAOO,0,-0.43991649313097614,1,1,-0.3408762181180675,1,2,1,0,2,2,0,0,0,1,0,0,0.611152686142168,2033.05,0,kaggle
7321-PKUYW,0,-0.43991649313097614,0,0,-0.8702409464784621,1,2,1,0,0,0,2,2,0,0,0,2,0.8438042661654253,987.95,1,kaggle
2833-SLKDQ,1,-0.43991649313097614,0,0,-1.2774445836787656,1,0,0,0,0,0,0,0,0,0,0,3,-0.6551366279844181,45.05,1,kaggle
6766-HFKLA,0,-0.43991649313097614,1,0,0.9621754209229036,1,2,1,0,0,2,2,2,2,2,0,0,1.2775332832087833,5744.35,0,kaggle
7595-EUIVN,0,-0.43991649313097614,0,0,-1.2774445836787656,1,0,1,0,2,0,0,0,0,0,0,2,0.36686852711774764,75.8,1,kaggle
7617-EYGLW,1,-0.43991649313097614,0,0,-1.2774445836787656,1,0,2,1,1,1,1,1,1,0,0,2,-1.505976692069473,19.45,0,kaggle
2026-TGDHM,0,-0.43991649313097614,0,0,-1.0331224013585834,1,0,1,0,0,0,0,0,2,0,1,2,0.4831943171293762,523.15,1,kaggle
9220-ZNKJI,0,2.273158691738958,1,0,0.9214550572028734,1,0,1,0,0,2,2,2,0,2,0,1,0.7989357471609396,4805.3,0,kaggle
4030-VPZBD,0,-0.43991649313097614,0,0,-1.2367242199587352,0,1,0,0,0,0,2,0,0,0,1,2,-1.125425179031431,59.05,1,kaggle
2226-ICFDO,0,-0.43991649313097614,1,1,1.6137012404433893,1,2,0,2,0,2,2,2,2,2,1,1,0.7025515211513048,6110.75,0,kaggle
0723-VSOBE,0,2.273158691738958,0,0,0.5142514200025698,0,1,0,0,0,0,0,0,2,1,0,2,-1.0157465770204666,1596.6,0,kaggle
5529-GIBVH,0,-0.43991649313097614,0,0,0.5956921474426305,1,0,2,1,1,1,1,1,1,2,0,3,-1.4827115340671475,1046.2,0,kaggle
4187-CINZD,0,2.273158691738958,0,0,0.5549717837226001,1,0,1,0,2,0,0,2,2,1,0,1,1.0133075601823696,4424.2,1,kaggle
9992-UJOEL,1,-0.43991649313097614,0,0,-1.2367242199587352,1,0,0,0,2,0,0,0,0,0,1,3,-0.4806479429669752,92.75,0,kaggle
4741-WWJQZ,0,-0.43991649313097614,1,0,-1.2367242199587352,1,0,1,2,0,0,2,0,0,0,1,2,0.5114448661322006,194.55,0,kaggle
6625-UTXEW,0,-0.43991649313097614,1,0,-0.8295205827584317,1,0,0,0,2,0,0,0,0,0,1,2,-0.44907379996381874,612.1,0,kaggle
6818-WOBHJ,0,2.273158691738958,1,0,1.4508197855632678,1,2,1,0,2,0,0,0,2,0,1,0,0.8255244991635975,6127.6,1,kaggle
6244-BESBM,1,-0.43991649313097614,1,1,1.4915401492832983,1,0,1,0,0,0,2,2,2,2,1,1,1.0116457631822036,6671.7,0,kaggle
1004-NOZNR,1,2.273158691738958,0,1,0.9621754209229036,1,0,1,2,0,0,0,2,2,1,0,1,0.9983513871808745,5264.3,0,kaggle
1251-STYSZ,0,2.273158691738958,0,0,-1.1552834925186746,1,2,1,2,0,0,0,0,0,0,1,2,0.5147684601325326,303.7,0,kaggle
2612-PHGOX,1,-0.43991649313097614,1,0,1.2879383306831464,1,2,0,0,2,2,2,2,0,2,1,0,0.37683930911874425,4818.8,0,kaggle
2408-TZMJL,1,-0.43991649313097614,1,0,1.0843365120829946,1,2,1,2,2,2,0,2,2,1,1,2,1.5085230662318745,6448.05,1,kaggle
8480-PPONV,1,-0.43991649313097614,1,1,1.2064976032430856,1,2,1,2,2,2,2,2,2,2,0,0,1.6879971422498155,7159.05,0,kaggle
8780-IHCRN,1,-0.43991649313097614,1,1,1.247217966963116,1,2,2,1,1,1,1,1,1,2,0,1,-1.3331498040521963,1574.5,0,kaggle
4598-ZADCK,0,-0.43991649313097614,0,0,0.8400143297628127,0,1,0,2,2,2,2,2,0,1,1,2,-0.3709693409560109,2879.2,0,kaggle
1257-SXUXQ,1,-0.43991649313097614,1,1,-1.1145631287986442,1,0,2,1,1,1,1,1,1,0,0,3,-1.505976692069473,86.05,0,kaggle
9681-KYGYB,1,2.273158691738958,1,0,0.6771328748826912,1,2,1,2,2,2,0,0,0,0,1,2,0.7789941831589463,4159.45,0,kaggle
7182-OVLBJ,0,-0.43991649313097614,1,1,1.2064976032430856,1,2,1,2,0,0,0,2,2,2,1,0,1.2093996062019723,6638.35,0,kaggle
5095-ETBRJ,0,-0.43991649313097614,1,0,0.9214550572028734,1,0,0,2,2,0,2,0,0,2,0,3,-0.26461433294537917,3112.05,0,kaggle
7005-CYUIL,0,2.273158691738958,1,0,1.5729808767233588,1,0,1,2,2,2,2,2,0,2,1,2,1.1512367111961581,7168.25,0,kaggle
4821-WQOYN,0,-0.43991649313097614,1,1,1.6137012404433893,1,0,2,1,1,1,1,1,1,2,1,1,-1.4843733310673135,1326.25,0,kaggle
4730-AWNAU,1,-0.43991649313097614,1,1,0.14776814652229667,0,1,0,2,0,2,2,2,2,1,0,1,-0.1349941669324214,2234.55,0,kaggle
3452-FLHYD,1,-0.43991649313097614,1,0,-0.30015585439803716,1,0,2,1,1,1,1,1,1,1,1,0,-1.4561227820644893,495.15,0,kaggle
2388-LAESQ,0,2.273158691738958,1,0,1.6137012404433893,1,2,1,2,2,2,2,2,2,2,1,0,1.6647319842474897,8317.95,0,kaggle
9531-NSBMR,0,-0.43991649313097614,0,0,0.14776814652229667,1,0,2,1,1,1,1,1,1,1,1,0,-1.5126238800701375,679.8,0,kaggle
6260-ONULR,1,-0.43991649313097614,0,0,-1.2774445836787656,1,0,0,0,0,0,0,2,2,0,1,3,-0.0651986929254444,62.8,0,kaggle
4389-UEFCZ,0,-0.43991649313097614,1,0,1.6137012404433893,1,2,1,2,0,2,0,2,2,2,1,2,1.3539759452164248,7544.0,0,kaggle
8711-LOBKY,1,-0.43991649313097614,1,1,1.0843365120829946,1,0,2,1,1,1,1,1,1,2,0,3,-1.4926823160681442,1188.25,0,kaggle
9134-CEQMF,1,2.273158691738958,1,0,-1.0331224013585834,1,0,1,0,0,0,0,2,2,0,1,2,0.8222009051632655,676.7,1,kaggle
8985-OOPOS,0,-0.43991649313097614,0,0,-1.2774445836787656,1,0,0,0,0,2,2,2,2,1,0,1,0.31036742911209936,74.1,0,kaggle
8800-ZKRFW,0,-0.43991649313097614,1,1,-0.0965540357978854,1,2,1,0,2,2,2,2,2,0,1,2,1.42044782522307,3242.5,0,kaggle
2616-FLVQC,1,-0.43991649313097614,0,0,1.2879383306831464,1,0,2,1,1,1,1,1,1,2,0,3,-1.502653098069141,1240.15,0,kaggle
9968-FFVVH,1,-0.43991649313097614,0,0,1.247217966963116,1,2,0,2,2,2,2,0,0,1,0,0,0.1342169470944904,4111.35,0,kaggle
3108-PCCGG,1,2.273158691738958,1,0,1.6137012404433893,1,2,0,2,2,2,0,2,2,2,0,1,0.6543594081464871,5899.85,0,kaggle
7993-PYKOF,1,-0.43991649313097614,1,0,-0.9924020376385531,1,0,1,2,0,0,0,0,0,0,0,2,0.3402797751150897,632.95,1,kaggle
8390-FESFV,0,-0.43991649313097614,0,0,1.2064976032430856,1,2,0,0,2,2,2,2,2,2,0,0,0.6560212051466532,5193.2,0,kaggle
3022-BEXHZ,1,-0.43991649313097614,1,1,1.4100994218432374,1,2,1,0,2,2,2,2,2,2,1,0,1.5434208032353631,7530.8,0,kaggle
5027-XWQHA,1,-0.43991649313097614,0,0,-1.0738427650786138,1,0,0,0,0,0,0,0,0,0,0,2,-0.6651074099854147,270.95,1,kaggle
6248-TKCQV,0,-0.43991649313097614,1,1,1.5322605130033284,1,2,0,2,0,0,2,2,2,2,1,0,0.5264010391336954,5460.2,0,kaggle
6729-GDNGC,0,2.273158691738958,0,0,-0.5037576729981889,1,0,1,0,0,0,0,2,0,0,0,0,0.5297246331340278,1614.2,0,kaggle
6198-ZFIOJ,0,-0.43991649313097614,0,0,-1.1145631287986442,1,2,1,0,0,0,0,0,0,0,0,2,0.36022133911708304,402.5,0,kaggle
5989-OMNJE,0,-0.43991649313097614,1,1,-0.3408762181180675,0,1,0,2,2,2,0,2,2,1,0,2,-0.23802558094272108,1367.75,0,kaggle
4566-QVRRW,0,-0.43991649313097614,1,0,-0.8702409464784621,1,0,0,0,0,0,0,0,0,0,1,2,-0.6883725679877406,483.7,1,kaggle
1291-CUOCY,1,-0.43991649313097614,1,0,1.6137012404433893,1,2,1,0,2,2,2,2,2,2,1,1,1.5234792392333694,7962.2,0,kaggle
9795-SHUHB,0,-0.43991649313097614,1,1,1.369379058123207,1,0,0,2,2,0,2,0,0,2,1,1,-0.21808401694072754,3810.8,0,kaggle
3230-IUALN,0,-0.43991649313097614,1,1,0.5142514200025698,1,0,0,2,0,2,2,2,2,2,1,3,0.5396954151350245,3533.6,0,kaggle
0042-RLHYP,0,-0.43991649313097614,1,1,1.4915401492832983,1,0,2,1,1,1,1,1,1,2,0,0,-1.4976677070686424,1396.9,0,kaggle
8519-IMDHU,1,2.273158691738958,1,0,-0.7073594915983407,1,2,1,0,0,0,0,0,2,0,1,0,0.6925807391503077,1345.55,1,kaggle
4945-RVMTE,0,-0.43991649313097614,0,0,-0.1779947632379461,1,0,0,0,0,2,0,2,0,0,1,0,-0.1732154979362424,1646.45,0,kaggle
0201-OAMXR,0,-0.43991649313097614,0,0,1.5322605130033284,1,2,1,2,2,2,2,2,2,1,0,1,1.6879971422498155,8127.6,1,kaggle
1866-NXPSP,0,-0.43991649313097614,0,0,0.14776814652229667,1,0,0,2,2,2,2,0,2,1,1,3,0.358559542116917,2680.15,0,kaggle
3372-KWFBM,1,2.273158691738958,0,0,-0.6666391278783103,1,2,1,0,0,0,0,2,0,0,1,2,0.7258166791536301,1281.0,1,kaggle
7831-QGOXH,0,-0.43991649313097614,0,0,-0.5851984004382496,1,2,1,0,0,0,0,2,0,0,1,2,0.6792863631489789,1553.9,1,kaggle
6393-WRYZE,0,-0.43991649313097614,1,0,0.06632741908223598,1,2,1,0,0,0,0,2,2,0,1,2,1.0930738161903437,3207.55,1,kaggle
3941-XTSKM,1,-0.43991649313097614,1,1,0.3920903288424788,0,1,0,0,2,2,0,0,2,1,1,1,-0.6534748309842519,2049.05,0,kaggle
1661-CZBAU,1,-0.43991649313097614,0,0,0.6364125111626608,1,2,0,2,0,0,2,0,2,1,1,0,0.20567421810163386,3629.2,0,kaggle
6599-RCLCJ,1,-0.43991649313097614,1,0,0.5956921474426305,1,2,1,0,2,2,2,2,2,0,1,2,1.4885815022298807,5124.55,1,kaggle
9831-BPFRI,0,-0.43991649313097614,1,1,0.26992923768238775,1,2,1,0,2,2,2,0,0,1,1,2,0.8238627021634315,3474.45,1,kaggle
5158-RIVOP,0,-0.43991649313097614,1,1,-0.8702409464784621,1,0,2,1,1,1,1,1,1,2,0,1,-1.4577845790646555,202.3,0,kaggle
9788-YTFGE,1,-0.43991649313097614,0,0,-1.0331224013585834,1,0,2,1,1,1,1,1,1,0,1,3,-1.4893587220678117,147.5,0,kaggle
9277-JOOMO,0,-0.43991649313097614,0,0,-1.1960038562387048,1,2,2,1,1,1,1,1,1,0,0,3,-1.3348116010523623,86.35,0,kaggle
1907-YLNYW,1,-0.43991649313097614,0,0,-0.9924020376385531,1,0,0,2,0,2,0,0,2,0,1,2,0.06442147308751339,579.0,0,kaggle
1725-MIMXW,1,-0.43991649313097614,0,1,-1.2774445836787656,1,0,2,1,1,1,1,1,1,0,1,3,-1.505976692069473,19.45,1,kaggle
8947-YRTDV,1,-0.43991649313097614,1,1,-0.015113308357824713,1,0,1,2,2,2,0,0,2,1,0,3,0.9983513871808745,3131.55,0,kaggle
3161-ONRWK,1,-0.43991649313097614,1,1,1.125056875803025,1,0,0,2,2,2,2,0,0,1,1,0,0.03617092408468901,3928.3,0,kaggle
0114-RSRRW,0,-0.43991649313097614,1,0,-0.9109613101984924,1,0,2,1,1,1,1,1,1,0,1,0,-1.4893587220678117,187.75,0,kaggle
4565-NLZBV,0,-0.43991649313097614,1,0,1.5729808767233588,1,2,2,1,1,1,1,1,1,2,1,0,-1.3331498040521963,1710.15,0,kaggle
0031-PVLZI,0,-0.43991649313097614,1,1,-1.1552834925186746,1,0,2,1,1,1,1,1,1,0,0,3,-1.4760643460664828,76.35,1,kaggle
7206-GZCDC,0,2.273158691738958,0,0,-1.2774445836787656,1,0,1,0,0,0,0,0,0,0,1,2,0.14917312009598557,69.25,1,kaggle
6682-VCIXC,0,-0.43991649313097614,1,1,0.43281069256250915,0,1,0,2,2,0,2,2,0,1,1,0,-0.44907379996381874,2151.6,0,kaggle
4791-QRGMF,1,-0.43991649313097614,1,0,1.0843365120829946,1,2,1,0,0,2,0,2,2,1,1,0,1.15456030519649,5961.1,1,kaggle
6475-VHUIZ,0,-0.43991649313097614,1,0,-0.38159658183809786,1,0,0,0,0,2,2,0,0,0,0,2,-0.3493659799538514,1221.55,0,kaggle
3910-MRQOY,0,-0.43991649313097614,1,0,1.6137012404433893,1,0,2,1,1,1,1,1,1,2,0,0,-1.5076384890696393,1496.45,0,kaggle
0661-WCQNQ,1,-0.43991649313097614,1,0,-0.4223169455581282,1,0,0,2,0,0,2,0,0,1,1,1,-0.28289409994720643,1292.2,0,kaggle
7537-RBWEA,0,-0.43991649313097614,0,0,-1.2774445836787656,0,1,0,0,0,0,0,0,0,0,1,3,-1.3165318340505352,25.15,0,kaggle
4656-CAURT,1,-0.43991649313097614,0,0,1.4915401492832983,1,2,2,1,1,1,1,1,1,2,0,0,-1.3564149620545218,1713.1,0,kaggle
0121-SNYRK,1,-0.43991649313097614,0,0,0.7178532386027215,0,1,0,2,0,0,2,0,0,1,1,3,-0.9758634490164798,1748.9,0,kaggle
1768-ZAIFU,0,2.273158691738958,0,0,-1.2774445836787656,0,1,0,0,0,0,0,0,0,0,1,2,-1.3148700370503688,25.2,1,kaggle
4671-LXRDQ,1,-0.43991649313097614,0,0,-1.2367242199587352,1,0,0,0,0,0,0,0,0,0,1,3,-0.6567984249845842,96.45,1,kaggle
3733-LSYCE,0,-0.43991649313097614,1,0,-0.7073594915983407,1,0,1,0,2,0,0,0,0,0,0,0,0.35191235411625243,1114.55,0,kaggle
6265-FRMTQ,1,-0.43991649313097614,0,0,-0.055833672077855064,1,0,2,1,1,1,1,1,1,2,0,0,-1.4744025490663168,609.1,0,kaggle
1934-SJVJK,1,-0.43991649313097614,0,0,-1.2774445836787656,1,0,2,1,1,1,1,1,1,0,0,3,-1.4827115340671475,20.15,1,kaggle
3838-OZURD,1,-0.43991649313097614,1,0,1.369379058123207,1,2,1,0,2,2,0,2,2,0,1,1,1.3373579752147637,7133.25,1,kaggle
1371-DWPAZ,0,-0.43991649313097614,1,1,-1.318164947398796,0,1,0,2,2,2,2,2,0,2,0,1,-0.28954128794787104,1397.475,0,kaggle
9269-CQOOL,1,-0.43991649313097614,0,1,-1.1960038562387048,1,0,0,0,0,0,0,2,0,0,1,1,-0.33440980695235617,169.45,1,kaggle
2017-CCBLH,0,-0.43991649313097614,0,0,-0.9924020376385531,1,0,2,1,1,1,1,1,1,2,0,3,-1.4876969250676457,141.6,0,kaggle
7690-KPNCU,1,-0.43991649313097614,1,1,1.2879383306831464,1,0,0,2,0,2,0,2,2,1,1,1,0.27546969210861083,4688.65,0,kaggle
0536-BGFMZ,0,-0.43991649313097614,1,0,-0.1779947632379461,1,0,2,1,1,1,1,1,1,0,0,3,-1.4710789550659844,563.05,0,kaggle
2293-IJWPS,0,-0.43991649313097614,1,0,1.002895784642934,1,2,1,0,0,2,0,2,2,1,1,1,1.1961052302006432,5985.0,0,kaggle
2845-HSJCY,0,-0.43991649313097614,1,1,-0.748079855318371,1,2,1,0,0,2,0,0,2,0,1,2,0.7474200401557899,1258.6,1,kaggle
5469-NUJUR,1,-0.43991649313097614,0,0,-0.5444780367182193,1,0,2,1,1,1,1,1,1,2,1,3,-1.4893587220678117,373.5,0,kaggle
1184-PJVDB,1,-0.43991649313097614,1,0,-0.9109613101984924,1,0,1,0,0,0,0,2,0,0,1,2,0.5047976781315361,857.2,1,kaggle
2625-TRCZQ,0,-0.43991649313097614,1,0,0.758573602322752,0,1,0,0,2,0,0,2,2,0,1,2,-0.5022513039691348,2553.35,0,kaggle
4102-HLENU,0,-0.43991649313097614,1,0,1.4100994218432374,1,2,0,2,2,2,0,0,0,2,0,3,0.0295237360840249,4322.85,0,kaggle
7266-GSSJX,1,-0.43991649313097614,1,1,-0.8702409464784621,1,0,2,1,1,1,1,1,1,0,1,2,-1.4727407520661506,250.8,0,kaggle
7722-VJRQD,1,-0.43991649313097614,1,1,1.6137012404433893,0,1,0,2,0,2,2,2,2,2,0,0,-0.12668518193159078,4549.05,0,kaggle
7073-QETQY,1,-0.43991649313097614,1,1,1.369379058123207,1,0,2,1,1,1,1,1,1,1,1,2,-1.4760643460664828,1359.5,0,kaggle
9415-DPEWS,0,-0.43991649313097614,0,0,-0.5851984004382496,1,2,1,0,0,0,2,2,0,0,1,2,0.7839795741594444,1639.3,1,kaggle
5624-RYAMH,0,-0.43991649313097614,0,0,-0.9516816739185228,1,0,2,1,1,1,1,1,1,0,1,2,-1.504314895069307,178.85,0,kaggle
0196-JTUQI,0,-0.43991649313097614,0,0,-0.9516816739185228,1,2,1,0,0,0,0,0,0,0,1,1,0.3469269631157543,633.85,0,kaggle
7130-YXBRO,1,-0.43991649313097614,1,0,0.6364125111626608,1,2,1,2,2,2,0,2,2,0,1,0,1.5517297882361936,5315.1,0,kaggle
9272-LSVYH,1,-0.43991649313097614,0,0,-0.9109613101984924,1,0,1,0,0,0,0,0,0,0,0,3,0.179085466098976,735.5,0,kaggle
7943-RQCHR,0,-0.43991649313097614,0,0,-0.9516816739185228,1,2,1,0,0,0,0,2,2,0,1,2,0.9966895901807084,889.9,1,kaggle
3793-MMFUH,0,2.273158691738958,0,0,-0.7888002190384014,1,2,1,0,0,0,0,2,2,0,1,2,1.0066603721817051,1290.0,1,kaggle
3249-ZPQRG,1,-0.43991649313097614,0,0,-1.1552834925186746,1,2,1,0,2,0,0,0,0,0,0,2,0.45494376812655235,330.05,1,kaggle
2568-BRGYX,1,-0.43991649313097614,0,0,-1.1552834925186746,1,0,1,0,0,0,0,0,0,0,1,2,0.18074726309914202,237.95,1,kaggle
3084-DOWLE,0,-0.43991649313097614,1,0,1.6137012404433893,1,2,0,2,2,2,2,2,2,2,0,0,0.9052907551715716,6474.4,0,kaggle
1084-MNSMJ,0,-0.43991649313097614,1,1,0.758573602322752,1,0,0,2,2,2,2,2,2,2,0,1,0.6892571451499756,4421.95,0,kaggle
7721-JXEAW,1,-0.43991649313097614,1,0,1.0843365120829946,0,1,0,0,2,0,0,0,2,0,1,0,-0.788080387997708,2452.7,1,kaggle
7249-WBIYX,1,-0.43991649313097614,1,0,-0.9109613101984924,1,2,1,0,0,0,0,2,0,0,1,2,0.6925807391503077,813.85,1,kaggle
4238-HFHSN,1,2.273158691738958,1,0,1.1657772395230555,1,2,1,0,2,0,0,0,0,0,1,2,0.5779167461388456,4904.85,0,kaggle
6250-CGGUN,1,-0.43991649313097614,0,0,0.880734693482843,1,0,1,2,0,2,2,0,0,1,0,2,0.6526976111463211,4484.05,0,kaggle
5478-JJVZK,0,-0.43991649313097614,0,0,0.025607055362205634,1,2,0,2,2,0,0,0,0,0,1,3,-0.12834697893175703,2033.85,0,kaggle
7596-IIWYC,0,-0.43991649313097614,0,0,-0.21871512695797646,1,0,2,1,1,1,1,1,1,2,1,0,-1.479387940066815,538.2,0,kaggle
6567-HOOPW,0,2.273158691738958,0,0,-1.2774445836787656,1,0,1,0,0,0,0,2,0,0,1,2,0.47987072312904416,79.2,1,kaggle
9793-WECQC,1,-0.43991649313097614,0,0,-0.38159658183809786,1,0,1,0,2,0,0,2,2,0,0,3,1.0149693571825356,2192.9,0,kaggle
4291-HPAXL,1,-0.43991649313097614,0,1,-1.2774445836787656,1,0,2,1,1,1,1,1,1,0,0,3,-1.4926823160681442,19.85,0,kaggle
8999-YPYBV,1,-0.43991649313097614,1,1,0.5142514200025698,1,0,0,2,2,2,2,2,2,2,1,3,0.6510358141461546,3858.05,0,kaggle
1839-FBNFR,0,-0.43991649313097614,1,1,0.26992923768238775,1,0,2,1,1,1,1,1,1,2,1,0,-1.4926823160681442,854.8,0,kaggle
3164-AALRN,1,-0.43991649313097614,0,0,-1.1145631287986442,1,0,0,0,0,2,0,2,2,1,1,3,0.17410007509847744,347.4,1,kaggle
3071-MVJCD,1,-0.43991649313097614,1,1,1.6137012404433893,1,2,0,2,2,2,2,2,0,2,0,0,0.5829021371393436,5815.15,0,kaggle
1697-BCSHV,0,-0.43991649313097614,1,1,1.0436161483629645,1,2,0,0,2,0,0,2,0,0,1,0,0.06774506708784545,3970.4,0,kaggle
0562-KBDVM,0,-0.43991649313097614,0,0,1.5322605130033284,0,1,0,2,2,2,2,0,0,2,1,0,-0.6700928009859131,3058.15,0,kaggle
1131-SUEKT,1,-0.43991649313097614,1,1,1.1657772395230555,1,0,1,0,2,0,2,2,2,1,1,0,1.1196625681930017,6145.2,0,kaggle
3717-OEAUQ,1,-0.43991649313097614,0,0,-1.2367242199587352,1,0,1,0,0,0,0,0,0,0,0,3,0.19736523310080326,129.2,0,kaggle
4538-WNTMJ,0,-0.43991649313097614,1,1,0.5549717837226001,1,2,2,1,1,1,1,1,1,1,0,3,-1.3231790220511994,1165.9,0,kaggle
3334-CTHOL,0,-0.43991649313097614,0,0,-1.2774445836787656,1,2,0,0,0,0,0,0,0,0,1,0,-0.4922805219681379,49.95,1,kaggle
4704-ERYFC,0,-0.43991649313097614,1,0,-0.4223169455581282,1,0,1,0,0,0,0,0,0,0,1,2,0.14917312009598557,1554.0,1,kaggle
9432-RUVSL,0,-0.43991649313097614,0,0,0.6364125111626608,1,0,1,2,0,2,2,2,2,2,1,1,1.2542681252064576,4904.25,0,kaggle
8060-HIWJJ,1,-0.43991649313097614,0,0,1.2879383306831464,1,2,0,0,2,2,2,2,2,2,0,1,0.7241548821534641,5632.55,0,kaggle
7684-XSZIY,1,-0.43991649313097614,1,1,1.6137012404433893,1,2,2,1,1,1,1,1,1,2,0,0,-1.3447823830533592,1643.25,0,kaggle
9089-UOWJG,0,-0.43991649313097614,1,1,-0.8295205827584317,1,0,0,0,0,2,0,2,0,0,1,1,-0.2130986259402292,740.55,0,kaggle
8621-MNIHH,0,2.273158691738958,1,0,0.06632741908223598,1,2,1,0,2,2,0,0,2,0,1,2,0.9800716201790471,3217.55,1,kaggle
8039-ACLPL,0,-0.43991649313097614,1,1,1.6137012404433893,1,0,0,2,2,2,0,0,2,2,0,1,0.13255515009432434,4888.2,0,kaggle
9885-AIBVB,1,-0.43991649313097614,1,0,-0.13727439951791576,1,2,1,0,2,2,0,0,0,0,1,2,0.6992279271509723,2440.25,0,kaggle
1934-MKPXS,1,-0.43991649313097614,1,1,0.025607055362205634,1,0,2,1,1,1,1,1,1,1,0,1,-1.4843733310673135,620.55,0,kaggle
2592-YKDIF,0,-0.43991649313097614,0,0,-1.2774445836787656,1,0,2,1,1,1,1,1,1,0,0,3,-1.4760643460664828,20.35,0,kaggle
2272-JKMSI,0,-0.43991649313097614,1,1,1.2064976032430856,1,2,1,0,2,2,2,2,2,1,1,2,1.5301264272340338,6840.95,0,kaggle
0471-LVHGK,1,-0.43991649313097614,1,0,0.35136996512244845,1,2,0,0,0,2,0,2,2,1,1,2,0.27380789510844483,3001.2,1,kaggle
9518-RWHZL,0,-0.43991649313097614,0,0,1.2879383306831464,1,2,1,0,0,2,0,2,2,1,1,1,1.1728400721983174,6254.2,1,kaggle
8714-CTZJW,0,-0.43991649313097614,0,0,-1.1552834925186746,1,0,1,0,0,2,0,0,2,0,1,1,0.6011819041411709,319.6,0,kaggle
3569-EDBPQ,0,-0.43991649313097614,0,0,-0.3408762181180675,1,2,1,2,0,0,2,0,0,0,1,2,0.6510358141461546,1938.05,0,kaggle
3131-NWVFJ,0,-0.43991649313097614,1,1,-0.748079855318371,1,0,2,1,1,1,1,1,1,1,0,3,-1.502653098069141,294.5,0,kaggle
7521-YXVZY,1,-0.43991649313097614,0,1,-1.1960038562387048,1,0,2,1,1,1,1,1,1,0,0,3,-1.4893587220678117,58.3,0,kaggle
5419-CONWX,0,2.273158691738958,0,0,-1.1552834925186746,1,0,1,0,2,2,0,2,2,0,1,1,1.1645310871974868,442.85,1,kaggle
6240-EURKS,0,-0.43991649313097614,0,1,-0.5851984004382496,0,1,0,0,0,0,0,0,2,0,1,2,-0.9891578250178088,553.0,1,kaggle
2373-NTKOD,1,-0.43991649313097614,0,0,-0.9924020376385531,1,0,0,0,0,0,0,2,2,0,1,2,0.04946530008601819,546.45,0,kaggle
1970-KKFWL,0,-0.43991649313097614,0,0,0.10704778280226633,1,2,2,1,1,1,1,1,1,2,0,0,-1.3780183230566818,797.1,0,kaggle
6960-HVYXR,0,-0.43991649313097614,0,0,-1.2774445836787656,1,2,1,0,0,0,0,0,0,0,0,2,0.3735157151184122,76.0,1,kaggle
9337-SRRNI,1,-0.43991649313097614,0,1,1.369379058123207,1,2,2,1,1,1,1,1,1,2,1,1,-1.3115464430500368,1673.8,0,kaggle
0895-UADGO,1,-0.43991649313097614,0,1,-0.9924020376385531,0,1,0,2,0,0,2,0,2,2,1,3,-0.6717545979860794,343.45,0,kaggle
5678-VFNEQ,0,-0.43991649313097614,1,0,1.5729808767233588,1,2,1,2,0,2,0,2,2,1,1,1,1.3074456292117733,7412.25,0,kaggle
5977-CKHON,0,-0.43991649313097614,1,1,0.43281069256250915,1,2,1,0,0,2,0,0,2,0,1,0,0.9235705221733989,4039.0,0,kaggle
7024-OHCCK,0,2.273158691738958,0,0,-1.2367242199587352,1,2,1,0,0,0,0,2,2,0,1,2,0.966777244177718,170.85,1,kaggle
2692-BUCFV,1,2.273158691738958,0,0,-0.13727439951791576,1,0,1,0,2,2,0,2,2,0,1,0,1.219370388202969,2948.6,0,kaggle
7861-UVUFT,0,-0.43991649313097614,1,0,-0.7073594915983407,1,0,1,0,0,2,0,2,0,0,1,2,0.6493740171459885,1308.4,1,kaggle
1830-GGFNM,1,-0.43991649313097614,1,1,1.3286586944031769,1,2,1,2,2,2,2,0,0,2,0,1,0.9900424021800438,6078.75,0,kaggle
5302-BDJNT,1,-0.43991649313097614,0,0,0.10704778280226633,1,2,1,0,0,2,2,2,0,0,0,2,1.0216165451832002,3418.2,0,kaggle
5223-UZAVK,1,-0.43991649313097614,0,0,1.2879383306831464,1,0,1,2,2,0,0,2,2,1,1,1,1.1811490571991479,6603.8,0,kaggle
4859-ZSRDZ,0,-0.43991649313097614,1,1,1.0436161483629645,0,1,0,0,0,2,2,2,2,2,1,1,-0.3078210549496983,3166.9,0,kaggle
5651-WYIPH,0,2.273158691738958,0,0,-0.5851984004382496,1,0,0,0,2,0,0,0,0,0,1,1,-0.49560411596847015,865.75,0,kaggle
9350-VLHMB,1,-0.43991649313097614,1,1,1.4100994218432374,1,2,1,0,2,0,0,0,2,0,1,0,0.8238627021634315,6373.1,0,kaggle
3498-LZGQZ,1,-0.43991649313097614,1,1,1.247217966963116,1,0,2,1,1,1,1,1,1,2,1,3,-1.51594747407047,1177.05,0,kaggle
8785-CJSHH,0,-0.43991649313097614,1,0,1.125056875803025,1,2,1,0,2,0,0,2,2,0,1,2,1.1645310871974868,5985.75,0,kaggle
5357-TZHPP,1,2.273158691738958,0,0,-0.9516816739185228,1,2,1,0,0,0,0,0,2,0,1,1,0.6526976111463211,732.5,1,kaggle
3870-SPZSI,0,-0.43991649313097614,1,1,1.5322605130033284,1,2,1,2,2,2,2,2,2,2,1,1,1.6049072922415093,7869.05,0,kaggle
0680-DFNNY,1,-0.43991649313097614,1,0,-0.7073594915983407,1,2,1,0,0,2,0,2,2,0,1,2,1.2077378092018058,1504.05,1,kaggle
7560-QRBXH,0,-0.43991649313097614,0,1,0.6364125111626608,1,0,2,1,1,1,1,1,1,1,0,3,-1.4893587220678117,936.7,0,kaggle
7077-XJMET,1,-0.43991649313097614,1,0,-0.8295205827584317,1,0,0,0,0,2,2,2,2,0,1,2,0.31202922611226586,741.4,0,kaggle
8752-GHJFU,1,2.273158691738958,1,0,1.5729808767233588,1,2,1,2,2,2,2,0,0,1,1,2,0.9052907551715716,6585.2,0,kaggle
6896-SRVYQ,1,2.273158691738958,0,0,0.47353105628253944,1,0,1,0,0,2,0,0,0,0,0,2,0.3020584441112687,3122.4,0,kaggle
7767-UXAGJ,1,-0.43991649313097614,0,0,-1.2774445836787656,1,2,0,0,0,0,0,0,0,0,1,2,-0.4756625519664766,50.45,1,kaggle
4652-ODEVH,1,-0.43991649313097614,1,1,0.5142514200025698,1,2,2,1,1,1,1,1,1,2,0,3,-1.3397969920528607,1088.25,0,kaggle
6510-UPNKS,0,-0.43991649313097614,0,0,-0.38159658183809786,1,2,2,1,1,1,1,1,1,1,0,1,-1.328164413051698,615.35,0,kaggle
6718-BDGHG,0,-0.43991649313097614,1,0,0.43281069256250915,1,2,0,0,0,0,2,2,0,1,1,0,0.0029349840813665527,2908.2,0,kaggle
9046-DQMTP,1,-0.43991649313097614,0,0,0.10704778280226633,1,0,2,1,1,1,1,1,1,0,0,0,-1.462769970065154,739.9,0,kaggle
6439-LAJXL,1,-0.43991649313097614,1,0,-0.9516816739185228,1,0,0,2,2,0,2,2,0,0,1,3,0.13920233809498894,593.85,0,kaggle
1571-SAVHK,1,-0.43991649313097614,0,0,-0.8295205827584317,1,2,1,0,0,0,2,2,2,0,1,3,1.1695164781979852,1132.75,1,kaggle
9052-VKDUW,0,2.273158691738958,1,0,1.3286586944031769,1,2,1,2,2,2,0,2,2,0,1,1,1.4835961112293827,7227.45,0,kaggle
9546-CQJSU,0,-0.43991649313097614,0,0,-1.2367242199587352,1,2,1,0,0,2,0,2,0,0,1,2,0.8853491911695783,193.6,1,kaggle
1666-JZPZT,1,-0.43991649313097614,0,0,-0.21871512695797646,1,2,0,0,0,0,0,0,0,0,0,3,-0.5238546649712943,1291.35,0,kaggle
5777-KJIRB,0,-0.43991649313097614,0,0,0.3106496014024181,1,0,0,0,0,2,0,0,0,1,1,3,-0.4823097399671412,2023.55,0,kaggle
0506-LVNGN,0,2.273158691738958,0,0,-1.1145631287986442,1,0,1,0,0,2,0,0,0,0,1,1,0.358559542116917,349.65,1,kaggle
7677-SJJJK,1,-0.43991649313097614,1,1,-0.9924020376385531,1,0,2,1,1,1,1,1,1,1,0,1,-1.491020519067978,153.95,0,kaggle
2480-EJWYP,0,2.273158691738958,1,0,1.0436161483629645,1,2,1,0,2,0,0,2,2,1,1,0,1.0980592071908417,5458.8,0,kaggle
3253-HKOKL,0,-0.43991649313097614,1,1,0.7992939660427822,1,0,1,2,0,2,0,2,2,1,0,2,1.1811490571991479,5244.45,0,kaggle
7055-HNEOJ,1,-0.43991649313097614,1,0,-1.1960038562387048,1,0,0,0,0,2,2,0,0,0,1,3,-0.29785027294870164,154.55,0,kaggle
5514-YQENT,1,-0.43991649313097614,0,1,0.35136996512244845,1,0,1,2,2,2,2,2,2,2,1,2,1.541759006235197,4507.15,0,kaggle
3211-AAPKX,1,-0.43991649313097614,0,0,-0.5037576729981889,1,2,1,0,0,0,2,2,2,0,1,3,1.1229861621933337,2031.95,0,kaggle
8445-DNBAE,1,-0.43991649313097614,0,1,-1.2774445836787656,1,2,0,0,0,0,0,0,0,0,1,2,-0.4889569279678058,50.05,0,kaggle
2951-QOQTK,1,-0.43991649313097614,0,1,-1.1552834925186746,1,2,1,0,0,0,2,0,0,0,0,1,0.53304822713436,332.45,1,kaggle
2958-NHPPS,1,-0.43991649313097614,0,0,-0.38159658183809786,1,0,2,1,1,1,1,1,1,0,0,2,-1.4594463760648215,473.9,0,kaggle
6806-YDEUL,0,2.273158691738958,0,0,-1.0738427650786138,1,0,2,1,1,1,1,1,1,0,0,0,-1.504314895069307,106.8,0,kaggle
1735-XMJVH,1,-0.43991649313097614,1,1,-0.9924020376385531,1,0,2,1,1,1,1,1,1,0,1,3,-1.5093002860698053,152.6,0,kaggle
6890-PFRQX,1,-0.43991649313097614,0,0,-0.5851984004382496,1,2,0,2,0,2,0,2,0,0,0,3,0.1574821050968162,1199.4,0,kaggle
0222-CNVPT,1,2.273158691738958,0,0,0.7992939660427822,0,1,0,2,0,0,0,2,2,0,1,1,-0.5305018529719588,2555.05,0,kaggle
5899-OUVKV,1,-0.43991649313097614,0,0,-0.055833672077855064,1,0,1,0,2,0,0,2,2,0,1,2,0.9883806051798778,2979.2,0,kaggle
8681-ICONS,1,-0.43991649313097614,1,1,-0.13727439951791576,1,0,2,1,1,1,1,1,1,0,1,3,-1.4660935640654862,654.85,0,kaggle
1621-YNCJH,0,-0.43991649313097614,1,0,0.14776814652229667,1,2,1,2,2,2,2,0,2,2,1,1,1.3722557122182522,3834.4,0,kaggle
3473-XIIIT,0,-0.43991649313097614,1,0,-0.6666391278783103,1,2,1,0,2,0,0,2,2,0,1,2,1.1711782751981514,1534.75,1,kaggle
6362-QHAFM,1,-0.43991649313097614,1,0,0.3920903288424788,1,2,1,0,0,2,2,2,2,1,1,2,1.4470365772257276,4586.15,0,kaggle
7893-IXHRQ,1,-0.43991649313097614,0,0,-1.2774445836787656,1,0,2,1,1,1,1,1,1,0,0,2,-1.4694171580658184,20.55,1,kaggle
3070-BDOQC,0,-0.43991649313097614,0,0,1.125056875803025,1,0,1,0,2,2,0,2,2,2,1,2,1.1595456961969886,5941.05,0,kaggle
2952-QAYZF,1,-0.43991649313097614,0,0,-1.1145631287986442,1,2,1,0,2,2,0,0,0,0,1,2,0.682609957149311,424.15,1,kaggle
6234-PFPXL,1,-0.43991649313097614,1,0,-0.4223169455581282,1,2,1,2,0,0,2,2,0,0,0,1,1.0349109211845293,2234.95,0,kaggle
9824-QCJPK,1,-0.43991649313097614,1,0,0.14776814652229667,1,0,2,1,1,1,1,1,1,1,0,3,-1.4876969250676457,666.75,0,kaggle
4763-PGDPO,0,-0.43991649313097614,0,0,-1.1552834925186746,1,0,1,0,0,0,0,0,0,0,0,2,0.1873944510998066,281.0,1,kaggle
4283-IVYCI,1,-0.43991649313097614,0,0,-0.9516816739185228,1,0,0,2,0,0,2,0,2,0,0,3,0.006258578081699082,547.8,0,kaggle
1866-OBPNR,1,-0.43991649313097614,1,1,-1.2774445836787656,1,0,1,0,2,0,0,0,0,0,0,1,0.32698539911376057,74.6,0,kaggle
8205-MQUGY,1,-0.43991649313097614,1,1,-0.8295205827584317,1,0,0,2,0,0,0,0,0,0,1,2,-0.5172074769706297,571.15,0,kaggle
8970-ANWXO,0,-0.43991649313097614,0,0,-0.38159658183809786,1,2,0,0,0,0,2,2,2,1,1,3,0.29873485011093664,1756.6,0,kaggle
9480-BQJEI,1,-0.43991649313097614,0,0,1.2064976032430856,1,2,1,2,2,0,0,0,2,1,1,0,0.9152615371725683,5731.45,0,kaggle
5394-SVGJV,1,-0.43991649313097614,0,0,0.18848851024232702,1,2,1,0,0,0,2,2,2,0,0,0,1.1312951471941644,3475.55,1,kaggle
6979-TNDEU,0,-0.43991649313097614,0,0,-0.9924020376385531,1,0,2,1,1,1,1,1,1,0,0,3,-1.5142856770703037,156.85,0,kaggle
9777-WJJPR,1,-0.43991649313097614,1,0,-0.055833672077855064,1,2,1,0,0,2,0,2,0,0,0,1,0.7939503561604415,2683.2,0,kaggle
9283-LZQOH,1,-0.43991649313097614,1,1,-0.7888002190384014,1,2,1,0,0,0,0,0,0,0,1,1,0.32033821111309646,896.75,1,kaggle
7079-QRCBC,0,-0.43991649313097614,0,0,-0.3408762181180675,1,2,1,0,0,2,0,2,2,0,1,2,1.1296333501939984,2407.3,1,kaggle
9495-SKLKD,1,-0.43991649313097614,1,1,0.5142514200025698,1,2,1,0,2,2,0,0,2,0,1,0,1.0365727181846955,4456.65,0,kaggle
6048-UWKAL,0,2.273158691738958,1,0,1.4915401492832983,1,2,1,0,2,0,2,2,2,2,0,1,1.3506523512160928,6998.95,0,kaggle
5067-DGXLL,1,-0.43991649313097614,0,0,-1.2367242199587352,1,0,2,1,1,1,1,1,1,0,0,3,-1.479387940066815,36.8,0,kaggle
5469-CTCWN,1,-0.43991649313097614,1,1,1.1657772395230555,1,2,1,2,2,0,0,2,2,1,1,2,1.3705939152180862,6547.7,1,kaggle
9851-QXEEQ,1,-0.43991649313097614,0,0,0.35136996512244845,1,2,1,0,2,2,0,2,2,0,1,2,1.327387193213767,4346.4,1,kaggle
6281-FKEWS,0,-0.43991649313097614,0,0,0.47353105628253944,0,1,0,0,0,2,0,2,2,1,1,2,-0.5221928679711283,2265.0,0,kaggle
8898-KASCD,1,-0.43991649313097614,0,0,0.26992923768238775,0,1,0,0,0,2,2,0,0,1,0,3,-0.9708780580159815,1309.15,0,kaggle
9242-TKFSV,1,-0.43991649313097614,1,1,1.6137012404433893,0,1,0,2,2,2,2,2,2,2,1,1,0.011243969082197169,4754.3,0,kaggle
9290-SHCMB,0,2.273158691738958,0,0,-0.7888002190384014,1,0,1,0,0,2,0,2,2,0,1,2,1.0664850641876853,1235.55,0,kaggle
0743-HNPFG,0,-0.43991649313097614,1,1,0.758573602322752,1,0,0,2,2,0,2,0,2,1,1,1,0.1657910900976468,3562.5,0,kaggle
2277-BKJKN,0,2.273158691738958,1,0,1.5729808767233588,1,0,1,0,2,2,0,2,2,2,1,2,1.1445895231954935,7213.75,0,kaggle
9809-IMGCQ,1,2.273158691738958,0,0,-0.4223169455581282,1,2,1,0,0,0,0,2,2,0,1,2,1.0614996731871873,2082.95,1,kaggle
5208-HFSBT,0,-0.43991649313097614,0,0,-1.2367242199587352,1,0,0,0,2,0,2,0,0,0,1,1,-0.3227772279511935,102.75,1,kaggle
5035-PGZXH,0,-0.43991649313097614,0,0,0.9621754209229036,1,2,1,0,2,2,0,2,2,1,1,2,1.397182667220744,5914.4,0,kaggle
8695-WDYEA,1,-0.43991649313097614,0,0,-1.2774445836787656,1,0,0,2,0,0,0,0,0,0,0,3,-0.44907379996381874,51.25,0,kaggle
6543-JXSOO,0,-0.43991649313097614,1,1,-0.38159658183809786,1,0,0,2,2,0,2,0,0,1,1,3,-0.23304018994222275,1282.85,0,kaggle
8016-ZMGMO,0,2.273158691738958,1,0,1.369379058123207,1,2,0,0,2,2,0,2,0,1,1,0,0.20235062410130134,4738.85,0,kaggle
8605-ITULD,0,-0.43991649313097614,0,0,-1.2774445836787656,1,0,2,1,1,1,1,1,1,0,0,3,-1.502653098069141,19.55,0,kaggle
3254-YRILK,1,2.273158691738958,0,0,-0.5444780367182193,1,2,1,0,2,0,0,2,0,0,1,2,0.7789941831589463,1775.8,1,kaggle
6416-YJTTB,1,-0.43991649313097614,0,0,-0.8702409464784621,1,0,1,2,0,2,0,0,0,0,1,0,0.4898415051300408,795.65,0,kaggle
2667-WYLWJ,0,-0.43991649313097614,1,1,-0.9924020376385531,1,0,2,1,1,1,1,1,1,1,1,3,-1.4960059100684764,145.0,1,kaggle
4472-VESGY,0,-0.43991649313097614,1,1,0.7992939660427822,1,2,1,2,2,2,0,0,2,0,0,0,1.109691786192005,4993.4,0,kaggle
3195-TQDZX,1,-0.43991649313097614,0,0,-1.1960038562387048,1,0,2,1,1,1,1,1,1,0,1,2,-1.479387940066815,61.45,0,kaggle
3128-YOVTD,0,-0.43991649313097614,1,1,0.758573602322752,1,0,1,2,2,0,0,0,0,0,1,0,0.47820892612887816,4018.55,0,kaggle
0529-ONKER,1,2.273158691738958,0,0,-0.7073594915983407,1,2,1,0,0,0,0,0,0,0,0,2,0.36188313611724954,1146.65,1,kaggle
1728-CXQBE,1,2.273158691738958,1,0,1.2879383306831464,1,2,1,0,2,2,0,0,2,0,1,2,0.9800716201790471,6081.4,0,kaggle
7041-TXQJH,0,-0.43991649313097614,0,0,0.18848851024232702,0,1,0,0,0,2,0,0,2,0,1,1,-0.8163309370005319,1478.85,0,kaggle
5014-GSOUQ,1,-0.43991649313097614,0,0,-0.7888002190384014,1,0,2,1,1,1,1,1,1,2,0,3,-1.4893587220678117,243.65,0,kaggle
5724-BIDBU,1,-0.43991649313097614,1,0,0.6771328748826912,1,2,0,2,0,0,0,0,0,1,1,2,-0.31280644595019663,2633.95,0,kaggle
0481-SUMCB,0,2.273158691738958,0,0,0.5142514200025698,1,2,1,0,0,2,0,2,2,1,1,0,1.2426355462052947,4735.35,0,kaggle
1769-GRUIK,0,-0.43991649313097614,0,0,-0.5851984004382496,1,0,1,0,0,0,0,0,0,0,1,2,0.21065960910213194,1247.75,0,kaggle
5240-IJOQT,1,2.273158691738958,0,0,-1.2774445836787656,1,2,1,0,0,0,0,0,0,0,1,2,0.3303089931140931,74.7,1,kaggle
8819-WFGGJ,1,-0.43991649313097614,1,0,1.4508197855632678,0,1,0,2,0,2,0,2,2,2,1,0,-0.3543513709543497,3794.5,0,kaggle
7427-AUFPY,1,-0.43991649313097614,0,0,0.880734693482843,1,0,2,1,1,1,1,1,1,2,0,1,-1.4993295040688086,1008.7,0,kaggle
2811-POVEX,0,2.273158691738958,1,1,-0.38159658183809786,1,0,1,0,2,2,0,0,2,0,1,0,0.787303168159777,2130.55,0,kaggle
1092-GANHU,1,-0.43991649313097614,0,0,-0.62591876415828,1,0,1,0,0,2,0,0,0,0,1,2,0.395119076120572,1313.55,1,kaggle
7898-PDWQE,1,-0.43991649313097614,1,0,1.5729808767233588,1,2,0,2,2,2,2,0,2,2,0,1,0.5197538511330312,5727.15,0,kaggle
9972-EWRJS,0,-0.43991649313097614,1,1,1.4100994218432374,1,0,2,1,1,1,1,1,1,2,1,0,-1.5126238800701375,1372.9,0,kaggle
9314-IJWSQ,0,-0.43991649313097614,1,1,-0.748079855318371,1,2,1,0,0,0,0,2,0,0,1,2,0.6659919871476498,1203.9,0,kaggle
0661-XEYAN,0,2.273158691738958,0,0,-1.2774445836787656,0,1,0,0,0,0,0,0,0,0,1,3,-1.2949284730483754,25.8,1,kaggle
5799-JRCZO,0,-0.43991649313097614,0,1,1.247217966963116,1,0,2,1,1,1,1,1,1,2,0,1,-1.504314895069307,1215.1,0,kaggle
1921-KYSAY,0,-0.43991649313097614,0,0,0.35136996512244845,1,2,0,0,0,2,2,0,2,1,1,2,0.12756975909382579,2877.05,0,kaggle
6198-RTPMF,0,-0.43991649313097614,1,0,-0.62591876415828,1,2,1,0,0,0,0,2,2,0,0,2,0.925232319173565,1579.7,0,kaggle
2924-KHUVI,1,-0.43991649313097614,1,0,0.9621754209229036,1,2,1,2,0,0,0,2,2,1,1,2,1.1894580421999785,5514.95,0,kaggle
1925-GMVBW,0,-0.43991649313097614,0,0,-1.1145631287986442,1,0,2,1,1,1,1,1,1,0,0,1,-1.4694171580658184,96.1,0,kaggle
7881-EVUAD,0,-0.43991649313097614,0,0,-1.2367242199587352,0,1,0,2,2,0,0,0,2,0,1,2,-0.736564680992558,72.4,1,kaggle
6184-DYUOB,0,-0.43991649313097614,1,0,-1.1960038562387048,1,0,2,1,1,1,1,1,1,0,1,3,-1.5009913010689746,55.25,0,kaggle
9207-ZPANB,1,-0.43991649313097614,0,0,0.18848851024232702,1,2,0,2,2,2,2,0,0,1,0,2,0.08934842809000525,2443.3,0,kaggle
5766-XQXMQ,0,-0.43991649313097614,0,0,-0.13727439951791576,1,0,0,2,2,2,0,0,2,0,1,0,0.13587874409465642,1970.5,1,kaggle
9327-QSDED,1,-0.43991649313097614,0,0,-0.9924020376385531,1,0,0,0,0,0,0,0,0,0,0,3,-0.7049905379894018,335.4,0,kaggle
1656-DRSMG,0,-0.43991649313097614,0,0,1.247217966963116,1,2,1,0,2,2,2,2,2,0,1,1,1.4985522842308774,7002.95,0,kaggle
3012-VFFMN,0,-0.43991649313097614,1,1,-1.0331224013585834,1,0,2,1,1,1,1,1,1,0,0,3,-1.4660935640654862,158.95,0,kaggle
2984-AFWNC,0,-0.43991649313097614,0,0,-1.1960038562387048,1,0,1,0,2,0,0,2,2,0,0,2,1.0182929511828682,293.15,0,kaggle
0640-YJTPY,1,-0.43991649313097614,1,1,1.6137012404433893,1,0,2,1,1,1,1,1,1,2,0,0,-1.4544609850643233,1493.75,0,kaggle
8096-LOIST,0,-0.43991649313097614,0,0,-0.5444780367182193,1,0,0,0,0,0,0,0,2,0,1,2,-0.2845558969473725,1093.4,0,kaggle
9764-REAFF,0,-0.43991649313097614,1,0,1.0843365120829946,1,0,2,1,1,1,1,1,1,2,0,0,-1.5408744290729617,1057.85,0,kaggle
3703-VAVCL,1,-0.43991649313097614,1,1,-1.2367242199587352,1,0,1,0,0,2,2,0,2,0,0,1,0.8388188751649267,190.05,1,kaggle
7107-UBYKY,0,-0.43991649313097614,1,1,0.10704778280226633,1,2,2,1,1,1,1,1,1,0,1,2,-1.2965902700485417,882.55,0,kaggle
4881-GQJTW,1,-0.43991649313097614,0,0,-0.748079855318371,1,0,2,1,1,1,1,1,1,0,0,1,-1.5009913010689746,300.4,0,kaggle
8519-QJGJD,0,-0.43991649313097614,0,0,-0.748079855318371,1,0,1,0,0,2,0,0,0,0,0,2,0.35191235411625243,1025.95,1,kaggle
7876-DNYAP,0,-0.43991649313097614,1,1,1.4915401492832983,1,0,2,1,1,1,1,1,1,2,0,1,-1.4943441130683104,1436.95,0,kaggle
7905-NJMXS,1,2.273158691738958,1,0,-1.0331224013585834,1,2,0,2,2,0,2,0,0,0,0,2,-0.018668376920792765,475.0,0,kaggle
2882-WDTBA,1,-0.43991649313097614,1,1,1.4915401492832983,1,0,0,2,2,2,2,2,0,2,1,0,0.3652067301175816,5388.15,0,kaggle
2091-GPPIQ,0,-0.43991649313097614,1,1,1.6137012404433893,1,2,0,0,2,0,2,2,2,2,1,2,0.47156173812821356,5730.15,0,kaggle
6326-MTTXK,1,-0.43991649313097614,0,0,-0.9924020376385531,1,2,1,0,2,0,0,2,2,0,0,2,1.1994288242009752,819.55,1,kaggle
5071-FBJFS,0,-0.43991649313097614,1,1,-1.1552834925186746,1,0,0,2,0,0,0,0,0,0,0,2,-0.4806479429669752,217.1,0,kaggle
2796-UUZZO,1,-0.43991649313097614,1,1,1.247217966963116,1,0,1,0,2,2,0,0,0,0,1,1,0.5164302571326987,4896.35,0,kaggle
2429-AYKKO,1,-0.43991649313097614,0,0,1.6137012404433893,1,0,2,1,1,1,1,1,1,2,0,0,-1.4926823160681442,1434.1,0,kaggle
9798-OPFEM,0,-0.43991649313097614,0,0,0.5549717837226001,1,0,2,1,1,1,1,1,1,2,1,2,-1.451137391063991,937.1,0,kaggle
0330-IVZHA,0,-0.43991649313097614,1,0,-1.1145631287986442,1,0,1,0,0,0,0,0,0,0,0,2,0.1724382780983114,330.15,1,kaggle
3794-NFNCH,1,-0.43991649313097614,1,0,-0.0965540357978854,1,0,0,0,0,2,0,0,0,0,1,3,-0.4906187249679718,1474.9,0,kaggle
5193-QLVZB,1,-0.43991649313097614,0,0,1.247217966963116,1,2,1,0,2,2,0,2,2,2,1,0,1.329048990213933,6536.5,0,kaggle
7114-AEOZE,0,-0.43991649313097614,0,0,1.125056875803025,1,0,2,1,1,1,1,1,1,2,0,0,-1.4926823160681442,1128.1,0,kaggle
2886-KEFUM,0,-0.43991649313097614,1,0,1.247217966963116,1,2,1,0,2,2,0,2,2,1,1,2,1.42044782522307,6873.75,1,kaggle
5522-NYKPB,1,-0.43991649313097614,1,1,-0.30015585439803716,1,0,1,0,0,0,2,2,0,0,0,2,0.7025515211513048,2199.05,0,kaggle
4237-RLAQD,1,-0.43991649313097614,0,0,-1.2774445836787656,1,0,0,0,0,0,0,0,0,0,1,3,-0.62854787598176,45.85,1,kaggle
9957-YODKZ,1,2.273158691738958,1,0,-1.0738427650786138,1,2,1,0,0,2,0,0,0,0,1,2,0.53304822713436,457.1,0,kaggle
6518-KZXCB,1,-0.43991649313097614,0,0,-0.4223169455581282,1,2,2,1,1,1,1,1,1,2,0,3,-1.3132082400502028,566.5,0,kaggle
2245-ADZFJ,0,-0.43991649313097614,1,1,-0.055833672077855064,1,2,0,0,2,0,2,2,2,2,0,0,0.5247392421335293,2471.6,0,kaggle
7776-QGYJC,0,-0.43991649313097614,1,1,0.26992923768238775,1,0,1,0,0,2,2,0,0,0,1,0,0.5563133851366857,3107.3,0,kaggle
9313-QOLTZ,1,-0.43991649313097614,0,0,-0.2594354906780068,1,0,2,1,1,1,1,1,1,0,0,3,-1.4577845790646555,518.3,0,kaggle
9651-GTSAQ,0,-0.43991649313097614,1,0,0.8400143297628127,1,0,1,2,2,2,0,2,2,1,1,0,1.3739175092184182,5769.75,1,kaggle
3186-BAXNB,0,-0.43991649313097614,0,0,-1.2774445836787656,1,0,1,0,2,0,2,2,0,0,0,2,0.895319973170575,91.7,1,kaggle
4672-FOTSD,1,-0.43991649313097614,0,0,-0.8295205827584317,1,2,0,2,2,0,2,0,0,0,1,2,0.08270124008934066,832.3,0,kaggle
0637-YLETY,0,-0.43991649313097614,0,0,-0.6666391278783103,1,2,1,0,2,2,0,0,2,0,1,1,1.0249401391835322,1555.65,1,kaggle
9818-XQCUV,0,-0.43991649313097614,0,0,-1.2367242199587352,1,0,2,1,1,1,1,1,1,0,0,3,-1.4760643460664828,45.3,0,kaggle
7338-ERIVA,1,-0.43991649313097614,0,1,0.26992923768238775,0,1,0,2,0,0,2,2,0,1,0,0,-0.6551366279844181,1790.6,0,kaggle
1157-BQCUW,1,-0.43991649313097614,0,0,-1.2774445836787656,1,2,1,0,0,0,0,0,0,0,1,2,0.3386179781149237,74.95,1,kaggle
8259-NFJTV,0,-0.43991649313097614,1,1,-1.0331224013585834,0,1,0,2,0,0,2,0,0,0,0,3,-1.0007904040189717,246.6,0,kaggle
3223-DWFIO,1,2.273158691738958,0,0,-1.1552834925186746,1,0,1,0,0,0,0,0,0,0,0,2,0.15249671409631763,261.65,0,kaggle
2660-EMUBI,1,2.273158691738958,0,0,-0.9109613101984924,1,2,1,0,0,0,0,2,2,0,1,2,1.0166311541827018,898.35,1,kaggle
6968-GMKPR,0,-0.43991649313097614,0,0,0.9214550572028734,1,0,1,0,2,2,0,0,0,0,1,2,0.5579751821368518,4509.5,0,kaggle
4751-ERMAN,1,-0.43991649313097614,1,1,1.6137012404433893,1,0,0,0,2,2,0,2,2,2,1,0,0.35357415111641893,5480.25,0,kaggle
1436-ZMJAN,0,-0.43991649313097614,1,0,-0.9109613101984924,1,0,0,0,0,2,0,2,2,0,1,1,0.10098100709116792,653.15,0,kaggle
3292-PBZEJ,1,2.273158691738958,0,0,-0.8702409464784621,1,2,1,0,2,2,2,2,2,0,1,2,1.5500679912360276,1183.05,0,kaggle
0799-DDIHE,0,-0.43991649313097614,1,1,-0.7073594915983407,1,0,0,0,0,0,0,0,0,0,0,2,-0.613591702980265,639.45,0,kaggle
3070-FNFZQ,0,-0.43991649313097614,1,1,-0.38159658183809786,1,0,2,1,1,1,1,1,1,2,0,0,-1.4744025490663168,478.75,0,kaggle
2812-SFXMJ,1,-0.43991649313097614,0,1,-1.2774445836787656,1,0,2,1,1,1,1,1,1,0,0,3,-1.4860351280674797,20.05,0,kaggle
7675-OZCZG,0,2.273158691738958,0,0,-1.1960038562387048,1,0,0,0,0,0,0,0,0,0,0,2,-0.6567984249845842,127.1,1,kaggle
5014-WUQMG,1,-0.43991649313097614,1,1,0.5956921474426305,1,0,1,2,2,2,0,0,2,1,1,2,1.0415581091851935,4391.45,0,kaggle
5312-TSZVC,0,-0.43991649313097614,0,1,-0.7073594915983407,1,0,2,1,1,1,1,1,1,1,0,3,-1.4993295040688086,270.6,0,kaggle
2003-CKLOR,1,-0.43991649313097614,0,0,1.369379058123207,1,0,1,0,2,2,0,2,2,0,0,2,1.15456030519649,6710.5,1,kaggle
0993-OSGPT,0,2.273158691738958,1,0,1.4508197855632678,1,0,0,0,2,2,2,0,0,1,1,0,-0.13665596393258767,3975.9,0,kaggle
9254-RBFON,0,-0.43991649313097614,1,1,-0.62591876415828,1,0,1,0,0,2,2,2,2,1,0,0,1.1246479591934997,1704.95,1,kaggle
1205-WNWPJ,0,-0.43991649313097614,0,0,-1.0331224013585834,1,0,0,0,0,0,2,2,0,0,1,3,-0.17487729493640844,415.95,1,kaggle
9391-EOYLI,1,2.273158691738958,1,0,-0.8295205827584317,1,0,1,0,0,0,0,0,2,0,1,2,0.5214156481331973,950.2,1,kaggle
7108-DGVUU,0,2.273158691738958,1,0,-0.46303730927815856,1,2,0,0,2,2,0,0,2,1,0,0,0.2306011731041257,1497.05,0,kaggle
2782-JEEBU,1,-0.43991649313097614,0,0,-0.46303730927815856,0,1,0,0,2,0,2,0,0,0,1,3,-0.9559218850144864,780.15,0,kaggle
5127-BZENZ,0,-0.43991649313097614,1,1,0.9621754209229036,1,2,0,2,0,0,0,2,0,1,0,0,0.014567563082529699,3512.15,0,kaggle
2720-FVBQP,0,-0.43991649313097614,1,1,-1.0738427650786138,1,2,0,0,0,0,0,0,0,0,1,1,-0.5255164619714603,273.25,0,kaggle
9906-NHHVC,0,2.273158691738958,0,0,1.3286586944031769,0,1,0,0,2,2,0,2,2,2,1,0,-0.3742929349563432,3517.9,0,kaggle
4522-XRWWI,1,-0.43991649313097614,1,0,0.3920903288424788,1,2,0,2,0,0,2,2,2,1,0,1,0.5214156481331973,3375.9,0,kaggle
3766-EJLFL,0,-0.43991649313097614,1,1,1.4508197855632678,1,2,1,2,0,2,2,2,2,2,1,0,1.4719635322282196,7508.55,0,kaggle
5939-SXWHM,1,-0.43991649313097614,1,1,0.6364125111626608,1,2,2,1,1,1,1,1,1,2,0,0,-1.2783105030467143,1245.05,0,kaggle
8152-UOBNY,0,2.273158691738958,0,0,0.7178532386027215,1,2,1,0,2,0,2,2,2,1,1,2,1.397182667220744,5347.95,0,kaggle
7351-KYHQH,0,2.273158691738958,0,0,-1.0331224013585834,1,0,0,0,2,2,0,2,0,0,1,2,0.006258578081699082,493.65,0,kaggle
7643-RCHXS,0,-0.43991649313097614,1,1,1.247217966963116,1,0,2,1,1,1,1,1,1,2,0,2,-1.5093002860698053,1263.85,0,kaggle
8246-SHFGA,1,-0.43991649313097614,0,0,-0.62591876415828,1,0,2,1,1,1,1,1,1,0,0,1,-1.451137391063991,385.55,0,kaggle
8387-MOJJT,0,-0.43991649313097614,1,1,0.3920903288424788,1,0,1,0,0,0,0,2,0,0,1,1,0.4383257981248911,3384.0,1,kaggle
0620-XEFWH,1,-0.43991649313097614,1,1,-1.1552834925186746,1,0,2,1,1,1,1,1,1,0,0,3,-1.5259182560714666,84.2,0,kaggle
6485-QXWWE,0,-0.43991649313097614,0,1,1.2064976032430856,1,2,2,1,1,1,1,1,1,2,0,0,-1.288281285047711,1638.7,0,kaggle
2761-OCIAX,1,2.273158691738958,0,0,-1.2367242199587352,1,0,1,0,2,0,0,0,0,0,1,2,0.3303089931140931,165.4,1,kaggle
7321-VGNKU,0,-0.43991649313097614,1,0,-1.2367242199587352,1,0,1,0,0,0,0,0,0,0,1,2,0.1857326540996401,120.25,0,kaggle
5327-CNLUQ,1,-0.43991649313097614,1,0,0.6364125111626608,1,2,1,2,2,2,0,2,0,2,1,0,1.068146861187852,4473.45,0,kaggle
7552-KEYGT,1,-0.43991649313097614,1,0,-0.21871512695797646,1,0,2,1,1,1,1,1,1,2,0,0,-1.502653098069141,520.55,0,kaggle
5816-JMLGY,0,-0.43991649313097614,1,1,1.5322605130033284,1,0,0,0,2,2,2,2,2,2,1,0,0.5197538511330312,5717.85,0,kaggle
3068-OMWZA,1,2.273158691738958,0,0,-1.2774445836787656,1,2,1,0,0,2,0,2,0,0,1,2,0.7989357471609396,88.8,1,kaggle
2927-QRRQV,1,-0.43991649313097614,1,0,0.5549717837226001,1,2,1,0,2,2,0,2,0,1,1,2,0.9933659961803764,4312.5,0,kaggle
6032-KRXXO,1,-0.43991649313097614,0,0,-0.0965540357978854,1,0,1,0,0,0,0,2,2,0,1,2,0.8471278601657574,2755.35,1,kaggle
7459-RRWQZ,0,-0.43991649313097614,0,0,-0.7073594915983407,1,2,0,2,0,0,0,0,2,0,1,0,-0.003712203919297562,994.55,1,kaggle
6265-SXWBU,1,-0.43991649313097614,1,1,1.4915401492832983,1,2,1,0,2,2,0,2,0,1,0,1,1.0299255301840309,6511.25,0,kaggle
7941-RCJOW,1,-0.43991649313097614,0,0,1.3286586944031769,1,0,2,1,1,1,1,1,1,2,1,1,-1.502653098069141,1218.65,0,kaggle
6374-NTQLP,1,2.273158691738958,1,1,1.6137012404433893,1,0,1,2,0,2,2,2,2,2,1,1,1.3074456292117733,7447.7,0,kaggle
4154-AQUGT,1,2.273158691738958,1,0,-0.7888002190384014,1,0,1,0,2,0,2,0,2,0,1,0,0.8072447321617703,1169.35,1,kaggle
2387-KDZQY,1,-0.43991649313097614,0,0,-0.62591876415828,1,0,2,1,1,1,1,1,1,1,1,3,-1.4843733310673135,279.5,0,kaggle
3584-WKTTW,1,-0.43991649313097614,1,0,0.758573602322752,1,2,1,2,0,2,2,2,2,1,1,2,1.5550533822365258,5720.35,0,kaggle
3399-BMLVW,1,-0.43991649313097614,1,1,0.758573602322752,1,0,0,2,2,0,2,0,0,2,0,1,-0.14164135493308597,3121.45,0,kaggle
1971-DTCZB,0,-0.43991649313097614,1,0,1.6137012404433893,1,2,0,2,2,2,2,2,2,2,1,0,0.8703930181680831,6468.6,0,kaggle
3092-IGHWF,1,-0.43991649313097614,1,1,1.4100994218432374,1,2,1,0,2,2,0,0,0,1,0,2,0.7524054311562884,5918.8,1,kaggle
3374-PZLXD,1,-0.43991649313097614,0,0,0.06632741908223598,1,0,2,1,1,1,1,1,1,0,0,3,-1.4976677070686424,675.6,0,kaggle
3813-DHBBB,1,-0.43991649313097614,1,0,1.4100994218432374,0,1,0,2,2,0,2,0,2,2,1,0,-0.4590445819648154,3521.7,0,kaggle
2812-REYAT,0,-0.43991649313097614,1,0,0.6771328748826912,1,0,2,1,1,1,1,1,1,1,1,0,-1.4860351280674797,923.1,0,kaggle
6518-PPLMZ,1,-0.43991649313097614,1,1,0.8400143297628127,1,0,2,1,1,1,1,1,1,2,1,3,-1.5076384890696393,1110.35,0,kaggle
4939-KYYPY,1,-0.43991649313097614,0,0,-0.21871512695797646,1,2,0,0,0,2,2,0,0,0,0,2,-0.17653909193657447,1611.65,0,kaggle
8017-LXHFA,0,2.273158691738958,0,0,-0.38159658183809786,1,0,1,0,2,0,0,2,2,0,1,2,0.9966895901807084,2293.6,1,kaggle
5930-GBIWP,1,-0.43991649313097614,0,0,1.4915401492832983,1,2,0,2,2,2,2,0,2,2,1,1,0.5563133851366857,5553.25,0,kaggle
6022-KOUQO,0,-0.43991649313097614,1,1,-1.2367242199587352,0,1,0,0,0,0,2,0,0,0,0,0,-1.1869116680375775,44.75,0,kaggle
6352-TWCAU,0,-0.43991649313097614,0,0,0.10704778280226633,1,2,1,0,0,0,0,2,0,0,1,2,0.720831288153132,3029.1,1,kaggle
2361-UPSND,0,-0.43991649313097614,1,0,0.5549717837226001,1,0,0,2,2,0,2,0,2,1,0,3,0.19404163910047073,3231.05,0,kaggle
6035-RIIOM,0,-0.43991649313097614,0,0,0.880734693482843,1,2,1,0,2,0,0,2,2,2,1,0,1.0781176431888486,5129.45,0,kaggle
2929-QNSRW,0,-0.43991649313097614,1,0,0.9621754209229036,1,2,1,0,2,0,0,2,2,1,1,2,1.113015380192337,5508.35,1,kaggle
1262-OPMFY,0,-0.43991649313097614,1,0,-0.9516816739185228,1,0,1,0,0,2,0,0,0,0,1,0,0.3652067301175816,655.9,1,kaggle
9504-DSHWM,1,-0.43991649313097614,0,0,-0.5037576729981889,1,2,0,2,0,0,2,0,0,0,0,0,-0.18484807693740507,1191.2,0,kaggle
5035-BVCXS,1,-0.43991649313097614,0,0,-0.8702409464784621,1,0,1,0,2,0,0,0,0,0,1,3,0.37019212111808014,866.4,0,kaggle
6267-DCFFZ,0,2.273158691738958,1,0,-0.0965540357978854,1,2,1,0,2,0,0,2,0,0,1,2,0.8404806721650927,2627.2,0,kaggle
3533-UVMOM,1,-0.43991649313097614,1,0,1.4508197855632678,1,0,0,2,2,2,0,0,2,2,0,0,0.20567421810163386,4741.45,0,kaggle
2439-LYPMQ,1,2.273158691738958,1,0,0.22920887396235737,1,2,1,0,2,2,0,2,2,0,1,2,1.2575917192067896,4009.2,0,kaggle
4248-QPAVC,0,2.273158691738958,1,0,-0.62591876415828,1,2,1,2,0,2,0,0,0,0,1,0,0.684271754149477,1463.45,1,kaggle
1899-VXWXM,1,-0.43991649313097614,0,0,0.6364125111626608,1,2,1,0,2,2,0,2,2,1,1,1,1.3739175092184182,5082.8,1,kaggle
1478-VPOAD,0,-0.43991649313097614,0,0,-1.2774445836787656,1,0,0,0,0,0,0,0,0,0,0,2,-0.6966815529885713,43.8,0,kaggle
9995-HOTOH,1,-0.43991649313097614,1,1,1.247217966963116,0,1,0,2,2,2,0,2,2,2,0,2,-0.19149526493806968,3707.6,0,kaggle
2988-PLAHS,0,-0.43991649313097614,0,0,-1.1960038562387048,1,0,0,0,0,2,0,2,2,1,1,2,0.1724382780983114,220.45,0,kaggle
1371-OJCEK,0,-0.43991649313097614,0,0,0.6364125111626608,1,2,2,1,1,1,1,1,1,1,0,0,-1.343120586053193,1133.7,0,kaggle
4999-IEZLT,1,-0.43991649313097614,0,0,1.369379058123207,0,1,0,0,0,0,2,0,0,1,0,1,-1.1736172920362484,1983.15,0,kaggle
8883-ANODQ,0,-0.43991649313097614,1,1,1.4508197855632678,1,2,1,0,2,2,0,0,0,2,1,1,0.6526976111463211,5746.75,0,kaggle
4690-LLKUA,1,2.273158691738958,0,0,-0.62591876415828,1,0,0,0,0,0,0,0,0,0,1,2,-0.6551366279844181,770.6,1,kaggle
2351-RRBUE,0,-0.43991649313097614,1,1,-1.0331224013585834,1,0,2,1,1,1,1,1,1,1,0,3,-1.4660935640654862,134.05,0,kaggle
5980-BDHPY,1,-0.43991649313097614,1,0,1.6137012404433893,1,2,0,2,2,2,2,2,2,2,1,0,0.7424346491552913,6230.1,0,kaggle
1498-DQNRX,0,-0.43991649313097614,1,0,-0.13727439951791576,1,0,2,1,1,1,1,1,1,0,0,3,-1.4926823160681442,573.05,0,kaggle
9469-WEJBT,1,-0.43991649313097614,1,0,0.18848851024232702,1,0,1,0,0,2,2,0,2,0,1,2,0.8504514541660894,3419.3,0,kaggle
3331-HQDTW,0,-0.43991649313097614,0,0,0.06632741908223598,1,2,1,2,2,2,0,2,2,0,1,3,1.4968904872307114,3587.25,1,kaggle
9490-DFPMD,0,2.273158691738958,0,0,0.3920903288424788,1,2,1,0,0,0,0,2,0,0,1,2,0.6610065961471517,3541.35,1,kaggle
2581-VKIRT,0,-0.43991649313097614,1,1,1.0843365120829946,1,2,0,2,2,0,2,0,0,1,0,3,0.02453834508352634,3801.3,0,kaggle
5442-XSDCW,1,-0.43991649313097614,1,1,-0.8702409464784621,1,0,1,0,0,0,0,2,0,0,1,0,0.4898415051300408,868.5,1,kaggle
7426-WEIJX,1,2.273158691738958,1,1,1.125056875803025,1,2,1,2,0,0,0,0,0,0,1,2,0.5380336181348585,4859.1,0,kaggle
2851-MMUTZ,0,-0.43991649313097614,0,0,-0.21871512695797646,1,0,0,0,2,0,2,0,0,0,1,3,-0.28621769394753876,1439.35,0,kaggle
3049-NDXFL,0,-0.43991649313097614,0,0,-1.2774445836787656,1,2,1,0,0,0,0,0,2,0,0,3,0.6992279271509723,85.8,1,kaggle
8580-AECUZ,1,2.273158691738958,0,0,-1.2774445836787656,1,0,1,0,0,0,0,2,0,0,1,2,0.47654712912871167,79.1,1,kaggle
3307-TLCUD,1,-0.43991649313097614,1,0,-0.62591876415828,0,1,0,2,0,2,0,0,0,0,0,3,-1.0090993890198023,592.75,0,kaggle
6625-FLENO,1,-0.43991649313097614,1,0,1.0436161483629645,1,0,2,1,1,1,1,1,1,2,0,3,-1.462769970065154,1185.95,0,kaggle
2967-MXRAV,1,-0.43991649313097614,1,1,-1.2774445836787656,1,0,2,1,1,1,1,1,1,1,0,3,-1.5275800530716328,18.8,0,kaggle
7963-GQRMY,0,-0.43991649313097614,1,1,-1.1960038562387048,1,0,0,0,0,0,0,0,0,0,0,3,-0.6800635829869099,134.5,1,kaggle
8189-HBVRW,0,-0.43991649313097614,0,0,0.8400143297628127,1,2,1,2,2,2,0,0,0,0,0,2,0.8654076271675846,4921.2,0,kaggle
4163-KIUHY,1,-0.43991649313097614,0,0,0.10704778280226633,1,2,2,1,1,1,1,1,1,0,1,2,-1.3015756610490399,901.25,0,kaggle
1228-FZFRV,1,-0.43991649313097614,1,1,0.7178532386027215,1,2,1,2,0,2,0,2,2,0,0,1,1.3689321182179202,5341.8,1,kaggle
3500-NSDOA,1,-0.43991649313097614,1,1,1.4508197855632678,1,2,0,0,2,0,2,0,2,2,0,1,0.2006888271011353,4859.95,0,kaggle
1171-TYKUR,1,-0.43991649313097614,1,0,0.5956921474426305,1,2,2,1,1,1,1,1,1,0,0,2,-1.3082228490497045,1139.2,0,kaggle
3761-FLYZI,0,2.273158691738958,1,0,1.3286586944031769,1,2,1,0,2,2,0,2,2,0,1,0,1.463654547227389,7082.45,0,kaggle
2058-DCJBE,1,-0.43991649313097614,0,0,-1.1145631287986442,1,0,1,0,0,0,0,0,0,0,1,2,0.1657910900976468,324.6,1,kaggle
5364-XYIRR,1,-0.43991649313097614,1,0,0.758573602322752,1,2,1,0,0,0,0,2,2,0,1,2,0.9933659961803764,4812.75,1,kaggle
4829-AUOAX,0,-0.43991649313097614,0,0,0.5549717837226001,1,2,1,0,0,0,0,2,2,0,0,0,1.0398963121850275,4399.5,1,kaggle
1219-NNDDO,0,-0.43991649313097614,0,0,-0.9516816739185228,1,2,1,0,0,0,0,0,0,0,1,2,0.4017662641212361,663.55,0,kaggle
8388-DMKAE,0,-0.43991649313097614,0,0,-0.9924020376385531,1,0,2,1,1,1,1,1,1,2,0,3,-1.479387940066815,174.65,0,kaggle
4403-BWPAY,1,-0.43991649313097614,0,0,-0.748079855318371,1,2,2,1,1,1,1,1,1,1,1,1,-1.328164413051698,321.7,0,kaggle
9659-QEQSY,0,-0.43991649313097614,0,0,0.5142514200025698,1,2,1,2,2,2,2,2,2,0,1,2,1.6913207362501481,5125.5,0,kaggle
5405-ZMYXQ,0,-0.43991649313097614,0,0,-0.9924020376385531,1,2,1,0,0,0,0,0,0,0,1,1,0.32698539911376057,548.9,0,kaggle
5047-LHVLY,1,2.273158691738958,0,1,-1.2774445836787656,1,0,0,0,0,2,0,0,0,0,1,3,-0.4856333339674735,50.15,1,kaggle
1442-OKRJE,1,-0.43991649313097614,1,1,1.369379058123207,1,0,1,2,2,2,0,2,2,1,1,0,1.2758714862086173,7031.3,0,kaggle
4737-AQCPU,1,-0.43991649313097614,1,1,1.6137012404433893,1,2,0,2,2,2,2,0,0,2,0,1,0.2438955491054544,5016.65,0,kaggle
9158-VCTQB,0,-0.43991649313097614,1,0,0.35136996512244845,1,2,1,2,2,2,2,2,2,0,1,0,1.6231870592433366,4594.95,1,kaggle
2808-CHTDM,0,-0.43991649313097614,1,1,-0.38159658183809786,1,2,2,1,1,1,1,1,1,2,0,3,-1.3181936310507012,611.45,0,kaggle
6311-UEUME,0,-0.43991649313097614,0,0,-0.13727439951791576,1,0,1,0,0,0,0,2,0,0,1,2,0.46989994112804756,2384.15,1,kaggle
0793-TWELN,0,-0.43991649313097614,0,0,-1.1552834925186746,1,2,1,2,0,0,0,0,0,0,1,2,0.5114448661322006,319.85,0,kaggle
3283-WCWXT,1,-0.43991649313097614,1,1,-1.0738427650786138,1,2,2,1,1,1,1,1,1,2,0,3,-1.3082228490497045,153.3,0,kaggle
1060-ENTOF,0,2.273158691738958,1,0,1.4100994218432374,1,2,1,2,2,2,2,0,2,1,1,1,1.3506523512160928,7035.6,0,kaggle
0999-QXNSA,1,2.273158691738958,0,1,-1.0331224013585834,1,0,0,0,0,0,0,0,0,0,1,3,-0.6318714699820923,344.2,0,kaggle
5451-MHQOF,1,-0.43991649313097614,1,1,0.9621754209229036,1,2,2,1,1,1,1,1,1,1,1,3,-1.3397969920528607,1431.65,0,kaggle
4836-WNFNO,0,-0.43991649313097614,1,0,1.6137012404433893,1,2,2,1,1,1,1,1,1,2,0,1,-1.3215172250510334,1849.2,0,kaggle
9225-BZLNZ,1,-0.43991649313097614,1,0,1.6137012404433893,1,2,0,2,2,2,0,2,2,2,1,2,0.6809481601491449,6083.1,0,kaggle
0354-VXMJC,1,-0.43991649313097614,1,1,-0.38159658183809786,1,0,2,1,1,1,1,1,1,2,0,1,-1.5009913010689746,426.65,0,kaggle
4422-QVIJA,0,-0.43991649313097614,0,1,0.10704778280226633,1,2,0,0,0,0,0,0,0,0,0,3,-0.4856333339674735,1655.35,0,kaggle
9365-SRSZE,1,2.273158691738958,1,0,-0.21871512695797646,1,0,1,0,0,0,0,0,0,0,1,2,0.19237984210030468,1943.9,0,kaggle
6839-ITVZJ,0,-0.43991649313097614,1,1,-0.2594354906780068,1,2,0,0,2,0,2,0,0,0,1,2,-0.15659752793458118,1616.15,1,kaggle
8332-OSJDW,1,-0.43991649313097614,1,1,-0.8295205827584317,1,2,2,1,1,1,1,1,1,1,0,3,-1.2749869090463821,314.95,0,kaggle
4735-BJKOU,0,-0.43991649313097614,0,0,0.3106496014024181,1,0,2,1,1,1,1,1,1,2,0,3,-1.4827115340671475,804.85,0,kaggle
0274-JKUJR,1,-0.43991649313097614,1,1,-1.0331224013585834,0,1,0,2,2,2,0,2,2,0,0,3,-0.196480655938568,465.7,0,kaggle
5740-YHGTW,1,-0.43991649313097614,1,1,1.5322605130033284,1,2,1,2,2,0,0,2,0,0,1,1,1.0897502221900113,6669.05,0,kaggle
8917-SZTTJ,1,-0.43991649313097614,1,1,1.125056875803025,1,0,2,1,1,1,1,1,1,2,0,1,-1.4993295040688086,1161.75,0,kaggle
1696-MZVAU,1,-0.43991649313097614,1,1,0.26992923768238775,0,1,0,0,0,0,0,0,0,1,1,1,-1.3132082400502028,947.75,0,kaggle
7359-WWYJV,1,-0.43991649313097614,1,0,1.6137012404433893,1,2,1,2,2,2,2,2,2,2,0,1,1.651437608246161,8375.05,0,kaggle
0375-HVGXO,0,-0.43991649313097614,0,0,-1.2774445836787656,0,1,0,0,0,0,0,2,0,0,1,2,-0.9991286070188055,34.7,1,kaggle
4906-ZHGPK,1,-0.43991649313097614,1,1,0.880734693482843,1,2,0,0,2,0,2,2,0,1,1,2,0.19736523310080326,3770.0,0,kaggle
8593-WHYHV,1,-0.43991649313097614,0,0,-1.1960038562387048,1,2,1,0,0,0,0,0,2,0,1,2,0.682609957149311,264.8,1,kaggle
3795-GWTRD,0,-0.43991649313097614,1,1,1.247217966963116,1,0,0,2,2,2,2,2,0,2,0,1,0.358559542116917,4707.85,0,kaggle
1298-PHBTI,1,-0.43991649313097614,1,1,1.5729808767233588,1,2,1,0,2,0,2,0,0,2,1,2,0.6659919871476498,6152.4,0,kaggle
6223-DHJGV,0,-0.43991649313097614,0,0,0.3920903288424788,1,0,2,1,1,1,1,1,1,1,1,3,-1.4660935640654862,958.1,0,kaggle
6961-MJKBO,1,-0.43991649313097614,0,0,0.5956921474426305,1,0,2,1,1,1,1,1,1,2,0,0,-1.4727407520661506,943.0,0,kaggle
6097-EQISJ,0,-0.43991649313097614,1,1,1.369379058123207,1,2,1,0,2,2,0,2,2,1,1,1,1.2526063282062914,6615.15,1,kaggle
4423-YLHDV,0,-0.43991649313097614,1,0,-0.46303730927815856,1,2,1,2,0,2,0,2,2,0,1,0,1.3174164112127704,2200.25,1,kaggle
8158-WPEZG,1,-0.43991649313097614,0,0,-0.8702409464784621,0,1,0,0,2,0,2,0,0,0,1,2,-0.9675544640156493,425.1,0,kaggle
0107-YHINA,1,-0.43991649313097614,0,1,-1.2774445836787656,1,2,1,0,0,2,0,2,2,0,1,2,1.1628692901973208,99.75,1,kaggle
4918-FYJNT,0,2.273158691738958,1,0,0.9214550572028734,1,2,1,0,2,2,2,0,0,0,0,2,0.8537750481664219,5044.8,0,kaggle
0727-BNRLG,1,-0.43991649313097614,0,0,1.4915401492832983,1,2,1,0,2,2,2,2,0,2,1,1,1.0930738161903437,6743.55,0,kaggle
4854-CIDCF,0,2.273158691738958,0,0,-1.1960038562387048,1,0,1,0,0,2,0,0,0,0,0,2,0.3020584441112687,196.4,0,kaggle
8640-SDGKB,1,-0.43991649313097614,0,0,-1.1552834925186746,1,0,0,0,0,2,2,2,2,0,1,2,0.32033821111309646,299.7,1,kaggle
3280-MRDOF,1,2.273158691738958,0,0,-0.0965540357978854,1,2,0,0,0,2,2,2,0,2,1,1,0.14418772909548702,2093.9,0,kaggle
6435-SRWBJ,0,-0.43991649313097614,0,0,-1.1145631287986442,1,2,1,0,0,2,2,0,0,0,1,2,0.5978583101408388,417.75,0,kaggle
9964-WBQDJ,0,-0.43991649313097614,1,0,1.5729808767233588,1,2,2,1,1,1,1,1,1,2,1,1,-1.341458789053027,1725.4,0,kaggle
6303-KFWSL,0,-0.43991649313097614,0,0,-0.13727439951791576,1,2,0,0,2,0,0,0,0,1,1,2,-0.3161300399505289,1620.2,0,kaggle
1702-CCFNJ,1,-0.43991649313097614,1,0,0.7992939660427822,1,2,0,0,2,0,2,0,0,0,0,0,-0.11339080593026184,3169.55,0,kaggle
8932-CZHRQ,1,-0.43991649313097614,0,0,1.4508197855632678,1,2,0,2,2,2,0,0,2,1,0,1,0.39844267012090406,5233.25,0,kaggle
0386-CWRGM,0,-0.43991649313097614,1,1,0.5549717837226001,1,0,2,1,1,1,1,1,1,2,0,3,-1.5076384890696393,967.85,0,kaggle
5515-RUGKN,1,-0.43991649313097614,0,0,-0.9924020376385531,1,0,0,0,0,0,0,0,2,0,1,1,-0.3327480099521901,438.05,0,kaggle
0404-AHASP,1,-0.43991649313097614,1,0,1.6137012404433893,1,0,2,1,1,1,1,1,1,2,0,1,-1.4976677070686424,1421.9,0,kaggle
7279-NMVJC,0,-0.43991649313097614,0,0,-0.62591876415828,1,0,2,1,1,1,1,1,1,1,0,0,-1.491020519067978,323.15,0,kaggle
2081-VEYEH,1,-0.43991649313097614,0,0,-1.1960038562387048,1,0,1,0,2,2,2,2,2,0,1,2,1.435403998224565,318.6,0,kaggle
6407-UTSLV,0,2.273158691738958,0,0,-1.2367242199587352,1,0,1,0,2,0,0,2,0,0,1,0,0.6327560471443273,163.7,0,kaggle
4116-TZAQJ,0,-0.43991649313097614,0,0,-0.9516816739185228,1,0,1,2,0,0,0,0,0,0,1,1,0.3153528201125979,639.65,1,kaggle
9060-HJJRW,0,-0.43991649313097614,0,0,0.758573602322752,0,1,0,0,2,2,0,2,2,1,1,1,-0.2779087089467081,2928.5,0,kaggle
2587-YNLES,0,-0.43991649313097614,1,1,-1.0738427650786138,1,0,2,1,1,1,1,1,1,2,0,3,-1.4843733310673135,100.35,0,kaggle
7398-SKNQZ,0,-0.43991649313097614,1,0,-1.1960038562387048,1,2,1,0,0,0,0,2,2,0,0,2,1.001674981181207,273.2,0,kaggle
5935-FCCNB,0,2.273158691738958,0,0,-0.62591876415828,1,2,1,0,0,0,0,2,2,0,1,2,0.9784098231788811,1608.15,0,kaggle
1958-RNRKS,1,-0.43991649313097614,1,0,-0.0965540357978854,1,2,0,0,0,0,0,0,0,0,0,2,-0.49394231896830415,1441.95,0,kaggle
5136-RGMZO,1,-0.43991649313097614,0,0,-0.055833672077855064,1,2,0,0,2,0,2,2,0,0,1,2,0.2089978121019659,2168.15,0,kaggle
8345-MVDYC,0,-0.43991649313097614,0,0,0.5142514200025698,1,0,0,2,0,2,2,2,2,2,0,0,0.5612987761371843,3618.7,0,kaggle
8226-BXGES,1,-0.43991649313097614,1,0,1.2879383306831464,1,2,1,2,2,2,0,0,0,1,0,0,0.8205391081630994,5692.65,0,kaggle
3877-JRJIP,1,-0.43991649313097614,0,0,-1.2774445836787656,1,2,0,0,0,0,0,2,0,0,1,2,-0.16324471593524553,59.85,1,kaggle
8375-DKEBR,0,2.273158691738958,0,0,-1.2774445836787656,1,0,1,0,0,0,0,0,0,0,1,2,0.16080569909714826,69.6,1,kaggle
9705-IOVQQ,1,2.273158691738958,1,1,1.1657772395230555,1,2,1,0,2,0,0,2,2,1,0,2,1.1379423351948288,5969.3,0,kaggle
1015-OWJKI,1,-0.43991649313097614,0,0,-1.2774445836787656,1,0,2,1,1,1,1,1,1,0,0,3,-1.5192710680708021,19.05,0,kaggle
7511-YMXVQ,1,-0.43991649313097614,0,0,-0.9516816739185228,0,1,0,0,0,0,0,2,2,0,1,2,-0.6435040489832552,418.8,1,kaggle
2040-XBAVJ,1,-0.43991649313097614,1,1,1.6137012404433893,1,2,1,2,2,2,2,2,2,2,0,0,1.651437608246161,8100.55,0,kaggle
7551-JOHTI,0,-0.43991649313097614,0,0,-1.2774445836787656,1,0,2,1,1,1,1,1,1,0,0,3,-1.504314895069307,19.5,1,kaggle
8887-IPQNC,0,-0.43991649313097614,1,0,-1.0331224013585834,1,0,0,0,0,0,0,0,0,0,1,3,-0.681725379987076,313.45,0,kaggle
8646-JCOMS,0,-0.43991649313097614,1,0,1.369379058123207,1,2,1,0,2,2,2,0,0,1,1,0,0.8570986421667539,6130.95,0,kaggle
9804-ICWBG,1,-0.43991649313097614,0,0,-1.2774445836787656,1,0,1,0,0,0,0,0,0,0,1,2,0.17077648109814536,69.9,1,kaggle
1222-KJNZD,1,-0.43991649313097614,1,1,0.3106496014024181,1,0,2,1,1,1,1,1,1,0,1,0,-1.4744025490663168,745.3,0,kaggle
0106-GHRQR,1,-0.43991649313097614,0,0,-0.6666391278783103,1,2,0,0,2,2,0,0,2,0,1,0,0.22063039110312907,1212.1,0,kaggle
5318-IXUZF,0,-0.43991649313097614,0,0,-1.2367242199587352,1,0,1,0,2,0,0,2,0,0,1,0,0.7440964461554579,183.75,1,kaggle
3768-VHXQO,1,-0.43991649313097614,1,0,1.4100994218432374,1,2,2,1,1,1,1,1,1,2,0,1,-1.3265026160515319,1583.5,0,kaggle
8952-WCVCD,0,-0.43991649313097614,1,0,0.35136996512244845,1,0,1,2,2,2,0,2,2,1,1,0,1.3190782082129364,4162.05,0,kaggle
2418-TPEUN,0,-0.43991649313097614,1,1,0.9621754209229036,1,0,2,1,1,1,1,1,1,2,1,1,-1.4943441130683104,1119.9,0,kaggle
3963-RYFNS,0,-0.43991649313097614,0,0,1.6137012404433893,1,2,1,2,2,2,2,2,2,2,1,0,1.7179094882528059,8013.55,0,kaggle
3198-VELRD,0,-0.43991649313097614,1,1,-1.1960038562387048,1,2,1,0,0,0,0,0,2,0,1,0,0.6643301901474837,264.85,1,kaggle
8540-ZQGEA,0,-0.43991649313097614,1,0,0.880734693482843,1,0,2,1,1,1,1,1,1,2,0,1,-1.4860351280674797,1102.4,0,kaggle
1320-REHCS,1,2.273158691738958,0,0,0.7992939660427822,1,2,1,0,2,2,2,2,2,0,1,2,1.5284646302338678,5832.0,0,kaggle
4137-JOPHL,0,-0.43991649313097614,0,0,0.7178532386027215,1,0,1,0,0,2,2,0,2,2,1,0,0.82884809316393,4304.5,0,kaggle
9436-ZBZCT,1,-0.43991649313097614,0,0,-0.748079855318371,1,2,1,0,0,0,2,2,0,0,1,2,0.8371570781647607,1178.4,1,kaggle
7801-CEDNV,1,-0.43991649313097614,1,0,-0.21871512695797646,1,0,0,2,0,0,0,0,0,1,0,1,-0.533825446972291,1421.75,0,kaggle
2057-BOYKM,0,2.273158691738958,1,0,1.6137012404433893,1,2,1,2,2,2,2,0,0,2,1,0,1.0581760791868549,6827.5,0,kaggle
3658-QQJYD,1,-0.43991649313097614,0,0,1.2064976032430856,1,0,0,2,2,0,0,2,2,1,1,1,0.3170146171127639,4698.05,0,kaggle
1803-BGNBD,0,-0.43991649313097614,0,0,-0.8295205827584317,1,0,0,0,2,0,2,0,0,0,1,2,-0.3477041829536853,654.5,0,kaggle
0134-XWXCE,0,2.273158691738958,0,0,0.47353105628253944,1,0,0,0,0,2,2,2,2,1,0,0,0.33529438411459117,3268.05,0,kaggle
6950-TWMYB,1,-0.43991649313097614,1,1,0.880734693482843,1,0,1,0,2,0,2,0,0,2,1,0,0.5047976781315361,4362.05,0,kaggle
5848-FHRFC,0,-0.43991649313097614,0,0,1.4508197855632678,1,0,2,1,1,1,1,1,1,2,0,0,-1.4860351280674797,1386.9,0,kaggle
2243-FNMMI,1,-0.43991649313097614,0,0,-0.5037576729981889,1,0,2,1,1,1,1,1,1,0,0,3,-1.5076384890696393,415.4,0,kaggle
2511-MORQY,1,-0.43991649313097614,1,1,0.7178532386027215,1,2,0,0,0,2,0,0,0,1,0,0,-0.32776261895169184,2614.1,0,kaggle
5356-KZCKT,1,-0.43991649313097614,0,0,1.0436161483629645,1,2,2,1,1,1,1,1,1,2,1,1,-1.3397969920528607,1513.6,0,kaggle
9470-XCCEM,1,-0.43991649313097614,1,1,0.10704778280226633,1,2,1,0,2,0,0,2,0,0,1,0,0.827186296163764,3161.6,0,kaggle
6519-CFDBX,0,-0.43991649313097614,0,0,-1.2367242199587352,1,0,0,0,0,0,0,0,0,0,1,2,-0.6435040489832552,80.95,0,kaggle
3902-MIVLE,1,-0.43991649313097614,1,1,1.247217966963116,1,2,0,2,0,2,2,0,2,2,0,3,0.36354493311741554,4676.7,0,kaggle
0409-WTMPL,0,-0.43991649313097614,1,0,1.0436161483629645,1,2,1,2,2,2,0,2,2,1,1,1,1.5251410362335358,6526.65,0,kaggle
8763-KIAFH,0,-0.43991649313097614,1,1,-0.21871512695797646,1,0,2,1,1,1,1,1,1,1,1,3,-1.4694171580658184,583.3,0,kaggle
3669-WHAFY,0,-0.43991649313097614,1,0,1.5729808767233588,1,2,1,2,2,2,2,2,2,2,1,1,1.6747027662484868,8078.1,0,kaggle
3055-VTCGS,0,-0.43991649313097614,0,0,1.247217966963116,1,0,0,0,0,2,0,0,2,1,0,1,-0.20645143793956489,3503.5,0,kaggle
3144-KMTWZ,1,-0.43991649313097614,1,0,1.5729808767233588,1,2,1,0,2,2,0,0,2,0,1,0,0.9468356801757247,6669.45,0,kaggle
7279-BUYWN,0,2.273158691738958,0,0,0.35136996512244845,1,2,1,2,2,2,0,2,2,0,1,2,1.609892683242008,4689.5,1,kaggle
7156-MHUGY,1,2.273158691738958,0,0,-0.7888002190384014,1,0,1,0,0,0,0,2,2,0,1,2,0.8554368451665879,1201.15,1,kaggle
7198-GLXTC,1,-0.43991649313097614,0,0,-1.2367242199587352,1,0,1,0,0,0,0,2,0,0,0,2,0.4732235351283796,143.65,1,kaggle
2007-QVGAW,0,-0.43991649313097614,1,1,1.4508197855632678,1,0,2,1,1,1,1,1,1,2,1,0,-1.5093002860698053,1292.65,0,kaggle
5207-PLSTK,1,-0.43991649313097614,1,1,-1.2774445836787656,1,0,0,2,0,0,0,0,0,0,1,3,-0.532163649972125,48.75,0,kaggle
2307-FYNNL,1,2.273158691738958,0,0,1.3286586944031769,1,2,1,2,0,2,2,2,2,2,1,2,1.4719635322282196,7108.2,0,kaggle
5605-XNWEN,1,2.273158691738958,1,0,1.6137012404433893,1,2,2,1,1,1,1,1,1,2,1,0,-1.3215172250510334,1802.55,0,kaggle
2155-AMQRX,0,-0.43991649313097614,0,0,-0.1779947632379461,1,2,0,0,0,0,2,0,0,0,1,1,-0.32776261895169184,1505.15,0,kaggle
6181-AXXYF,1,-0.43991649313097614,1,1,1.6137012404433893,1,2,2,1,1,1,1,1,1,2,0,1,-1.329826210051864,1859.1,0,kaggle
5091-HFAZW,0,-0.43991649313097614,0,0,-1.2367242199587352,1,0,1,2,2,0,0,2,0,0,1,2,0.8770402061687477,168.5,0,kaggle
0516-VRYBW,0,-0.43991649313097614,0,1,-0.5851984004382496,1,0,2,1,1,1,1,1,1,1,0,0,-1.4827115340671475,390.85,1,kaggle
2519-LBNQL,1,2.273158691738958,1,0,1.125056875803025,1,2,1,0,2,2,0,2,2,1,1,2,1.3157546142126038,6339.45,0,kaggle
8623-ULFNQ,0,2.273158691738958,0,0,-0.2594354906780068,1,2,0,0,0,0,2,0,2,0,1,2,0.042818112085353605,1652.4,0,kaggle
8380-PEFPE,1,-0.43991649313097614,0,1,-1.2774445836787656,1,0,1,0,0,0,0,0,0,0,1,2,0.22893937610395967,71.65,1,kaggle
5687-DKDTV,0,-0.43991649313097614,0,0,-1.1552834925186746,1,0,2,1,1,1,1,1,1,0,0,3,-1.4760643460664828,77.5,1,kaggle
1568-LJSZU,1,-0.43991649313097614,1,1,1.4508197855632678,1,2,0,2,2,2,2,2,2,2,1,1,0.9119379431722362,6392.85,0,kaggle
7530-HDYDS,0,-0.43991649313097614,0,0,0.22920887396235737,1,0,1,0,2,2,2,0,0,0,1,1,0.6477122201458225,3264.5,1,kaggle
7789-HKSBS,0,2.273158691738958,1,0,0.3920903288424788,1,2,1,2,0,2,0,2,2,1,1,0,1.3440051632154282,4599.15,0,kaggle
7416-CKTEP,0,-0.43991649313097614,1,0,1.002895784642934,1,0,2,1,1,1,1,1,1,2,1,0,-1.5009913010689746,1134.25,0,kaggle
2586-CWXVV,1,-0.43991649313097614,1,0,0.880734693482843,0,1,0,0,2,0,0,0,0,0,0,2,-1.1420431490330922,1621.35,0,kaggle
3096-IZETN,0,-0.43991649313097614,0,0,-0.8295205827584317,1,0,1,0,0,0,0,0,2,0,0,0,0.4433111891253892,947.3,1,kaggle
2348-KCJLT,0,-0.43991649313097614,1,0,0.47353105628253944,1,0,0,2,2,2,0,0,0,1,1,3,-0.10840541492976351,2722.2,0,kaggle
8401-EMUWF,1,-0.43991649313097614,1,1,0.3920903288424788,1,2,0,2,2,0,0,2,0,0,1,0,0.15415851109648415,3058.3,0,kaggle
4193-IBKSW,1,-0.43991649313097614,1,1,1.6137012404433893,1,2,2,1,1,1,1,1,1,2,0,0,-1.329826210051864,1769.6,0,kaggle
5377-NDTOU,0,-0.43991649313097614,1,1,1.5729808767233588,1,2,0,2,2,2,2,2,2,2,0,3,0.8737166121684152,6293.75,0,kaggle
5922-ABDVO,0,-0.43991649313097614,1,0,-0.5444780367182193,1,2,1,0,0,2,0,0,2,0,0,3,0.827186296163764,1761.05,1,kaggle
2474-LCNUE,0,-0.43991649313097614,1,0,-0.38159658183809786,1,2,0,0,0,0,2,2,2,0,1,1,0.2954112561106046,1642.75,0,kaggle
0839-QNXME,0,-0.43991649313097614,0,0,-0.0965540357978854,1,0,2,1,1,1,1,1,1,2,0,1,-1.5076384890696393,578.5,0,kaggle
3506-OVLKD,1,-0.43991649313097614,0,0,0.10704778280226633,1,2,2,1,1,1,1,1,1,1,0,0,-1.2816340970470463,954.9,0,kaggle
9172-ANCRX,0,-0.43991649313097614,0,0,-0.9109613101984924,1,2,1,2,0,0,0,2,2,0,1,2,1.1279715531938321,973.25,1,kaggle
6650-VJONK,1,-0.43991649313097614,0,0,-1.2774445836787656,1,0,0,0,0,0,0,0,0,0,1,0,-0.6950197559884049,43.85,0,kaggle
2178-PMGCJ,1,-0.43991649313097614,0,0,-0.4223169455581282,1,0,1,0,0,0,0,0,0,0,1,3,0.16412929309748078,1490.4,0,kaggle
7492-TAFJD,1,-0.43991649313097614,1,1,-1.0331224013585834,0,1,0,2,2,2,0,0,0,2,0,3,-0.8711702380060141,280.0,0,kaggle
2773-MADBQ,0,-0.43991649313097614,0,0,0.14776814652229667,0,1,0,2,2,2,2,0,2,2,1,3,-0.3875873109576722,1901.25,0,kaggle
6016-LVTJQ,0,-0.43991649313097614,1,1,0.06632741908223598,1,0,2,1,1,1,1,1,1,0,0,3,-1.4660935640654862,716.4,0,kaggle
7860-KSUGX,1,-0.43991649313097614,1,1,1.6137012404433893,1,2,0,2,2,2,0,0,0,2,0,1,-0.010359391919962149,4720.0,0,kaggle
8966-KZXXA,1,-0.43991649313097614,1,1,0.14776814652229667,1,2,2,1,1,1,1,1,1,2,0,1,-1.3181936310507012,930.95,0,kaggle
6910-HADCM,0,-0.43991649313097614,0,0,-1.2774445836787656,1,0,1,0,0,2,0,0,0,0,0,2,0.3851482941195749,76.35,1,kaggle
4816-LXZYW,0,-0.43991649313097614,0,0,-0.38159658183809786,1,2,1,0,2,0,0,0,0,0,1,2,0.47820892612887816,1676.95,1,kaggle
9606-PBKBQ,1,2.273158691738958,1,0,-0.015113308357824713,1,2,1,0,0,0,0,0,2,0,1,2,0.6726391751483144,2642.05,1,kaggle
5149-QYTTU,0,-0.43991649313097614,1,1,1.5729808767233588,1,2,1,2,2,2,2,0,0,1,1,1,1.0099839661820376,6770.85,0,kaggle
2070-XYMFH,0,2.273158691738958,0,0,-0.38159658183809786,1,2,1,0,0,2,0,0,0,0,1,3,0.48485611412954227,1835.3,0,kaggle
2085-BOJKI,1,-0.43991649313097614,1,0,-0.62591876415828,1,0,1,0,0,2,0,2,2,1,1,0,1.0598378761870213,1588.25,0,kaggle
0817-HSUSE,1,-0.43991649313097614,0,0,-1.2774445836787656,1,0,0,0,0,2,2,2,2,0,1,2,0.356897745116751,75.5,0,kaggle
5442-PPTJY,1,-0.43991649313097614,1,1,-0.8295205827584317,1,0,2,1,1,1,1,1,1,2,0,3,-1.4976677070686424,258.35,0,kaggle
1927-QEWMY,0,-0.43991649313097614,1,0,1.6137012404433893,1,0,2,1,1,1,1,1,1,2,0,1,-1.4710789550659844,1502.25,0,kaggle
1663-MHLHE,1,-0.43991649313097614,0,0,-1.2774445836787656,1,0,2,1,1,1,1,1,1,0,0,3,-1.5142856770703037,19.2,0,kaggle
5663-QBGIS,1,2.273158691738958,1,0,1.6137012404433893,1,2,1,0,2,0,0,2,2,2,0,0,1.116338974192669,6929.4,0,kaggle
4450-MDZFX,1,-0.43991649313097614,1,1,1.125056875803025,1,2,1,0,0,0,0,0,0,0,0,0,0.31867641411292996,4453.3,0,kaggle
6701-DHKWQ,0,-0.43991649313097614,1,1,1.1657772395230555,0,1,0,0,2,2,2,2,0,2,0,1,-0.44575020596348647,3244.4,0,kaggle
7554-AKDQF,0,-0.43991649313097614,1,0,-1.0738427650786138,1,0,0,0,0,0,0,0,0,0,0,3,-0.6351950639824246,323.45,0,kaggle
3536-IQCTX,1,2.273158691738958,1,0,-0.015113308357824713,1,2,1,0,0,0,0,0,2,0,0,2,0.682609957149311,2661.1,1,kaggle
4911-BANWH,0,-0.43991649313097614,0,1,-0.055833672077855064,1,2,1,0,0,0,0,2,0,0,1,1,0.7241548821534641,2697.4,1,kaggle
8496-EJAUI,1,-0.43991649313097614,0,0,-0.5444780367182193,1,0,1,0,2,0,0,0,0,0,1,1,0.3020584441112687,1424.5,1,kaggle
0794-YVSGE,1,-0.43991649313097614,1,1,1.6137012404433893,1,0,2,1,1,1,1,1,1,2,0,0,-1.477726143066649,1401.15,0,kaggle
5423-BHIXO,0,-0.43991649313097614,0,0,-0.015113308357824713,1,2,0,0,2,0,0,0,0,0,1,2,-0.3510277769540174,1739.6,0,kaggle
6908-VVYHM,1,-0.43991649313097614,1,0,1.3286586944031769,1,2,1,0,2,0,0,0,2,0,1,2,0.8604222361670865,5931.0,0,kaggle
2959-EEXWB,0,-0.43991649313097614,1,1,0.5142514200025698,0,1,0,2,0,0,0,2,2,0,1,0,-0.4607063789649817,2333.85,0,kaggle
1839-UMACK,1,-0.43991649313097614,0,0,0.3920903288424788,1,2,2,1,1,1,1,1,1,1,0,2,-1.3198554280508674,949.85,0,kaggle
3030-YDNRM,1,-0.43991649313097614,0,0,-0.9924020376385531,1,2,1,0,0,0,0,0,0,0,1,2,0.33529438411459117,572.45,0,kaggle
7321-KKSDU,1,-0.43991649313097614,0,1,-0.015113308357824713,1,0,2,1,1,1,1,1,1,2,0,3,-1.4710789550659844,696.8,0,kaggle
3402-XRIUO,0,2.273158691738958,1,0,-0.4223169455581282,1,2,0,2,2,0,2,0,0,0,1,3,-0.04027173792295256,1381.8,0,kaggle
3132-TVFDZ,1,2.273158691738958,1,0,1.002895784642934,0,1,0,0,0,0,0,2,2,0,1,2,-0.6617838159850825,2572.95,1,kaggle
8286-AFUYI,1,-0.43991649313097614,0,0,-1.2774445836787656,1,0,0,2,0,0,0,0,0,0,0,2,-0.5587524019747828,47.95,0,kaggle
8080-DDEMJ,1,2.273158691738958,0,0,-1.2774445836787656,1,0,0,0,0,0,0,0,0,0,0,2,-0.6534748309842519,45.1,1,kaggle
8356-WUAOJ,0,-0.43991649313097614,1,0,-1.2774445836787656,1,0,0,0,0,0,0,0,0,0,1,2,-0.6567984249845842,45.0,0,kaggle
6365-MTGZX,1,-0.43991649313097614,0,0,-0.3408762181180675,1,0,1,0,0,0,2,2,2,0,1,2,1.0382345151848615,2122.45,1,kaggle
1349-WXNGG,1,-0.43991649313097614,0,0,-1.2774445836787656,1,0,2,1,1,1,1,1,1,0,0,0,-1.4860351280674797,20.05,1,kaggle
8058-DMYRU,1,2.273158691738958,0,0,0.880734693482843,1,2,1,0,2,0,0,0,2,0,1,2,0.8404806721650927,4931.8,0,kaggle
9350-ZXYJC,0,-0.43991649313097614,0,0,-1.1552834925186746,1,2,2,1,1,1,1,1,1,2,1,1,-1.3115464430500368,116.95,0,kaggle
6990-YNRIO,1,-0.43991649313097614,1,1,1.3286586944031769,1,2,1,2,0,2,2,2,2,2,0,0,1.4586691562268908,6937.95,1,kaggle
8958-JPTRR,0,-0.43991649313097614,1,0,0.9621754209229036,1,2,2,1,1,1,1,1,1,1,0,2,-1.3447823830533592,1261.7,0,kaggle
6959-GQEGV,1,-0.43991649313097614,0,0,0.5142514200025698,1,0,0,2,0,2,0,2,2,0,1,2,0.3718539181182462,3273.8,0,kaggle
3173-WSSUE,0,-0.43991649313097614,1,1,1.5729808767233588,1,0,2,1,1,1,1,1,1,2,0,1,-1.4976677070686424,1415.85,0,kaggle
1265-HVPZB,1,-0.43991649313097614,1,0,1.0843365120829946,1,0,0,2,2,2,0,2,0,1,0,1,0.05445069108651675,3958.2,0,kaggle
4115-UMJFQ,1,-0.43991649313097614,0,0,1.4915401492832983,0,1,0,0,2,2,0,0,0,1,1,0,-0.9642308700153169,2492.25,0,kaggle
7369-TRPFD,1,-0.43991649313097614,0,0,-0.5444780367182193,1,0,2,1,1,1,1,1,1,1,0,3,-1.5275800530716328,279.2,0,kaggle
1098-KFQEC,0,-0.43991649313097614,1,1,0.9214550572028734,1,0,2,1,1,1,1,1,1,2,0,1,-1.5076384890696393,1083.0,0,kaggle
7190-XHTWJ,0,-0.43991649313097614,0,0,0.22920887396235737,1,0,2,1,1,1,1,1,1,1,0,3,-1.5109620830699715,755.5,0,kaggle
0621-TWIEM,1,-0.43991649313097614,0,0,-0.9109613101984924,1,0,0,0,0,0,0,0,0,0,1,2,-0.6385186579827569,402.6,1,kaggle
3537-RYBHH,0,2.273158691738958,1,0,0.5956921474426305,1,2,0,2,2,2,0,0,0,0,1,1,0.08934842809000525,3252.0,0,kaggle
2485-ITVKB,0,-0.43991649313097614,1,0,-1.2367242199587352,0,1,0,0,0,0,0,0,2,0,1,2,-0.9858342310174765,68.75,1,kaggle
3669-OYSJI,1,-0.43991649313097614,0,0,-1.2774445836787656,1,0,0,0,0,0,0,0,0,0,0,1,-0.6169152969805971,46.2,1,kaggle
1612-EOHDH,0,-0.43991649313097614,0,0,-1.2774445836787656,1,0,0,0,0,0,0,0,0,0,0,2,-0.6518130339840859,45.15,1,kaggle
6702-OHFWR,1,2.273158691738958,0,0,-1.2774445836787656,0,1,0,0,2,2,0,0,2,0,1,2,-0.7132995229902325,43.3,1,kaggle
5296-BFCYD,1,-0.43991649313097614,1,1,0.5549717837226001,1,0,2,1,1,1,1,1,1,2,1,3,-1.4843733310673135,936.85,0,kaggle
4510-PYUSH,0,2.273158691738958,0,0,0.22920887396235737,1,0,0,2,2,0,0,0,0,0,1,1,-0.2529817539442163,2250.65,1,kaggle
9359-JANWS,0,-0.43991649313097614,1,0,1.3286586944031769,1,0,0,2,0,2,2,0,0,2,0,1,-0.19481885893840195,3857.1,0,kaggle
7517-SAWMO,0,-0.43991649313097614,1,0,-0.5444780367182193,1,0,1,2,0,0,0,0,0,0,1,2,0.2804550831091094,1441.1,1,kaggle
4143-HHPMK,1,-0.43991649313097614,0,0,0.7992939660427822,1,0,1,0,2,0,0,0,2,0,1,2,0.684271754149477,4338.6,1,kaggle
3279-DYZQM,1,-0.43991649313097614,1,1,1.5729808767233588,1,0,2,1,1,1,1,1,1,2,0,3,-1.505976692069473,1378.45,0,kaggle
7054-LGEQW,0,-0.43991649313097614,0,0,-1.2774445836787656,1,0,0,0,0,0,0,0,0,0,0,3,-0.6252242819814278,45.95,1,kaggle
0523-VNGTF,0,2.273158691738958,0,0,0.7992939660427822,0,1,0,0,2,2,2,2,0,0,1,2,-0.4740007549663106,2566.3,0,kaggle
9575-IWCAZ,1,-0.43991649313097614,1,0,-1.0738427650786138,1,2,2,1,1,1,1,1,1,1,0,3,-1.3181936310507012,171.0,0,kaggle
7105-MXJLL,0,2.273158691738958,1,0,-0.2594354906780068,1,0,0,0,0,2,0,0,2,1,0,3,-0.1349941669324214,1597.4,0,kaggle
7064-FRRSW,1,2.273158691738958,0,0,0.6364125111626608,1,2,1,0,2,0,0,2,2,1,1,2,1.1379423351948288,4744.35,0,kaggle
7940-UQQUG,0,-0.43991649313097614,1,1,1.2879383306831464,1,2,1,2,0,0,2,2,2,1,1,0,1.3174164112127704,6721.6,0,kaggle
0923-PNFUB,0,-0.43991649313097614,0,0,-1.1960038562387048,1,0,1,0,2,0,0,2,0,0,0,2,0.6310942501441613,247.25,1,kaggle
3961-SXAXY,1,-0.43991649313097614,0,0,-1.2774445836787656,1,0,0,0,0,0,0,0,0,0,1,0,-0.6883725679877406,44.05,0,kaggle
7010-BRBUU,1,-0.43991649313097614,1,1,1.6137012404433893,1,2,2,1,1,1,1,1,1,2,0,1,-1.3514295710540236,1734.65,0,kaggle
3566-HJGPK,1,-0.43991649313097614,0,0,-1.2774445836787656,1,0,0,0,0,0,0,0,0,0,1,3,-0.6385186579827569,45.55,0,kaggle
3062-ICYZQ,0,-0.43991649313097614,1,1,0.758573602322752,1,2,1,2,2,0,0,0,2,0,1,2,0.9651154471775519,4539.35,0,kaggle
9938-PRCVK,0,-0.43991649313097614,1,1,0.35136996512244845,1,0,2,1,1,1,1,1,1,2,0,0,-1.4976677070686424,804.25,0,kaggle
0973-KYVNF,0,-0.43991649313097614,1,1,1.6137012404433893,1,0,0,2,2,2,0,2,0,2,1,1,0.19570343610063723,5011.15,0,kaggle
5129-HHMZC,0,-0.43991649313097614,1,0,0.43281069256250915,1,2,0,2,2,0,2,2,2,2,0,1,0.720831288153132,3574.5,0,kaggle
9637-CDTKZ,1,-0.43991649313097614,1,0,1.6137012404433893,1,2,1,2,2,2,2,2,2,2,1,1,1.639805029244998,8086.4,0,kaggle
3946-JEWRQ,1,-0.43991649313097614,1,0,0.5956921474426305,1,2,1,0,0,0,0,2,2,1,1,1,1.0116457631822036,4563.0,0,kaggle
7873-CVMAW,1,-0.43991649313097614,0,0,1.6137012404433893,1,2,0,2,2,2,2,2,2,2,0,1,0.7906267621601091,6362.35,0,kaggle
0463-WZZKO,1,-0.43991649313097614,0,0,-1.1960038562387048,1,0,2,1,1,1,1,1,1,0,1,1,-1.462769970065154,67.1,0,kaggle
3494-JCHRQ,1,-0.43991649313097614,0,0,-1.2774445836787656,1,0,1,0,0,0,0,0,0,0,1,2,0.17576187209864347,70.05,1,kaggle
6474-FVJLC,1,-0.43991649313097614,0,0,-1.2367242199587352,1,2,1,0,0,0,0,0,2,0,1,2,0.7058751151516368,165.45,1,kaggle
4524-QCSSM,1,-0.43991649313097614,0,0,-0.2594354906780068,0,1,0,2,2,0,0,0,2,0,1,0,-0.6684310039857471,1156.55,0,kaggle
5832-EXGTT,1,-0.43991649313097614,1,1,-0.13727439951791576,1,0,0,2,0,0,0,0,2,0,1,3,-0.15161213693408263,1834.15,0,kaggle
8840-DQLGN,0,2.273158691738958,1,0,0.10704778280226633,1,2,1,2,2,0,2,2,0,0,1,0,1.1877962451998125,3653.35,1,kaggle
2039-JONDJ,1,-0.43991649313097614,0,0,-0.21871512695797646,1,0,0,2,2,0,0,0,0,1,0,0,-0.3094828519498643,1477.65,0,kaggle
7217-JYHOQ,1,-0.43991649313097614,1,1,-0.3408762181180675,1,0,0,2,2,0,2,0,2,0,1,1,0.18407085709947407,1706.45,0,kaggle
6695-FRVEC,1,-0.43991649313097614,1,1,1.4100994218432374,1,0,0,2,0,2,2,0,0,2,1,0,-0.14496494893341827,3953.7,0,kaggle
4547-LYTDD,0,-0.43991649313097614,0,0,-0.6666391278783103,1,2,1,0,0,0,0,0,0,0,0,2,0.2621753161072821,1194.3,1,kaggle
9894-QMIMJ,0,-0.43991649313097614,0,0,-0.38159658183809786,1,0,0,0,2,2,0,0,0,1,0,0,-0.29785027294870164,1327.85,0,kaggle
8069-YQQAJ,1,-0.43991649313097614,0,0,-0.748079855318371,0,1,0,0,2,0,0,0,0,0,1,3,-1.1187779910307663,419.7,0,kaggle
6770-XUAGN,0,-0.43991649313097614,1,1,-1.2774445836787656,1,0,2,1,1,1,1,1,1,0,1,2,-1.4544609850643233,21.0,1,kaggle
4193-ORFCL,0,2.273158691738958,0,0,-1.2774445836787656,1,0,0,0,0,0,0,0,0,0,0,3,-0.6534748309842519,45.1,1,kaggle
1636-NTNCO,1,2.273158691738958,0,0,-1.1552834925186746,0,1,0,0,2,0,0,2,2,0,1,1,-0.4590445819648154,207.35,0,kaggle
3466-WAESX,1,-0.43991649313097614,0,1,-0.6666391278783103,1,2,0,2,2,0,0,0,2,0,1,2,0.14418772909548702,1083.7,0,kaggle
9281-PKKZE,0,-0.43991649313097614,1,0,0.5549717837226001,0,1,0,0,0,0,0,2,2,0,1,2,-0.6916961619880726,2007.85,0,kaggle
3638-VBZTA,1,-0.43991649313097614,0,1,1.4508197855632678,1,2,0,2,2,0,2,2,2,2,1,0,0.722493085153298,5882.75,0,kaggle
7459-IMVYU,1,-0.43991649313097614,0,0,0.22920887396235737,1,2,0,2,2,2,2,0,0,0,0,2,0.1724382780983114,2657.55,0,kaggle
7776-QWNFX,1,2.273158691738958,1,0,-0.0965540357978854,1,0,0,0,2,0,0,0,0,0,1,0,-0.4773243489666429,1527.5,1,kaggle
6689-TCZHQ,0,2.273158691738958,0,0,-1.1145631287986442,1,0,1,0,0,0,0,0,2,0,0,2,0.47156173812821356,378.4,1,kaggle
8563-OYMQY,1,-0.43991649313097614,0,0,-0.62591876415828,1,0,1,0,2,2,0,0,2,0,1,1,0.8703930181680831,1612.2,0,kaggle
0754-EEBDC,1,-0.43991649313097614,1,1,-1.1552834925186746,1,0,2,1,1,1,1,1,1,2,0,3,-1.491020519067978,76.65,0,kaggle
5777-ZPQNC,0,-0.43991649313097614,0,0,-0.8295205827584317,1,0,2,1,1,1,1,1,1,1,0,2,-1.4827115340671475,260.7,0,kaggle
1951-IEYXM,1,-0.43991649313097614,1,1,1.6137012404433893,1,2,0,2,2,2,2,2,2,2,1,1,0.85876043916692,6441.85,0,kaggle
3318-NMQXL,1,-0.43991649313097614,0,0,-1.1960038562387048,1,0,1,0,0,0,0,2,2,0,1,2,0.9052907551715716,266.8,0,kaggle
3143-ILDAL,1,-0.43991649313097614,0,0,0.9621754209229036,1,2,1,0,2,0,2,0,2,0,1,2,0.9867188081797118,5124.6,1,kaggle
1022-RKXDR,0,-0.43991649313097614,0,0,0.35136996512244845,1,2,2,1,1,1,1,1,1,1,1,3,-1.3265026160515319,962.25,0,kaggle
2361-FJWNO,1,-0.43991649313097614,0,0,0.3106496014024181,0,1,0,0,2,0,2,0,0,1,0,1,-0.9559218850144864,1382.9,0,kaggle
2272-UOINI,0,-0.43991649313097614,0,0,-1.0331224013585834,1,0,0,2,2,0,2,2,2,0,1,2,0.45660556512671835,571.05,0,kaggle
8232-UTFOZ,1,-0.43991649313097614,0,0,1.4915401492832983,1,0,2,1,1,1,1,1,1,2,0,1,-1.4893587220678117,1399.35,0,kaggle
3750-YHRYO,1,-0.43991649313097614,1,1,-1.0331224013585834,1,0,2,1,1,1,1,1,1,1,0,3,-1.4660935640654862,150.0,0,kaggle
6637-KYRCV,0,-0.43991649313097614,1,1,-1.1145631287986442,0,1,0,0,2,0,0,0,0,0,1,2,-1.1387195550327598,167.2,0,kaggle
5668-MEISB,0,-0.43991649313097614,1,1,1.6137012404433893,1,2,1,2,2,2,2,2,0,2,0,1,1.3739175092184182,7657.4,0,kaggle
0129-QMPDR,1,-0.43991649313097614,1,1,0.47353105628253944,1,0,2,1,1,1,1,1,1,1,1,0,-1.4710789550659844,865.05,0,kaggle
7188-CBBBA,0,-0.43991649313097614,0,0,1.3286586944031769,1,2,1,0,2,2,0,2,0,1,1,2,1.0216165451832002,6153.85,0,kaggle
5356-CSVSQ,0,-0.43991649313097614,0,0,-1.1960038562387048,1,2,0,0,0,0,2,2,0,0,0,2,-0.005374000919464063,174.2,0,kaggle
3221-CJMSG,1,-0.43991649313097614,0,0,-0.3408762181180675,1,0,0,0,0,0,2,0,0,0,1,1,-0.45405919096431707,1269.6,0,kaggle
4720-VSTSI,0,-0.43991649313097614,0,0,0.47353105628253944,1,2,1,0,2,2,0,0,0,0,1,0,0.6659919871476498,3862.55,1,kaggle
3219-JQRSL,0,2.273158691738958,1,0,1.6137012404433893,1,2,0,2,2,2,2,2,2,2,0,1,0.8089065291619363,6352.4,0,kaggle
2801-NISEI,1,-0.43991649313097614,0,0,-0.3408762181180675,1,0,0,2,0,0,2,0,0,0,0,2,-0.32610082195152557,1348.5,0,kaggle
3946-MHCZW,1,-0.43991649313097614,0,0,-1.2774445836787656,1,0,0,0,0,2,0,0,0,0,0,3,-0.4607063789649817,50.9,1,kaggle
4623-ZKHLY,1,-0.43991649313097614,1,0,-0.4223169455581282,1,0,2,1,1,1,1,1,1,0,1,0,-1.4727407520661506,471.55,0,kaggle
6732-VAILE,1,-0.43991649313097614,1,1,1.5322605130033284,1,2,0,0,2,2,2,2,2,2,1,1,0.7042133181514708,5931.75,0,kaggle
8201-AAXCB,1,-0.43991649313097614,1,1,-0.30015585439803716,1,2,0,0,0,0,0,2,0,0,0,2,-0.1466267459335843,1404.65,0,kaggle
7696-CFTAT,1,-0.43991649313097614,1,1,0.18848851024232702,1,0,2,1,1,1,1,1,1,2,0,0,-1.4943441130683104,726.1,0,kaggle
1845-CSBRZ,0,2.273158691738958,1,1,-0.4223169455581282,1,2,1,0,0,0,0,2,0,0,0,0,0.684271754149477,1961.6,0,kaggle
2123-VSCOT,0,-0.43991649313097614,1,1,1.0843365120829946,1,2,0,0,0,2,2,2,0,2,1,0,0.2438955491054544,4194.85,0,kaggle
6651-AZVTJ,1,-0.43991649313097614,1,1,0.6771328748826912,1,2,1,0,0,2,0,2,2,0,1,2,1.1645310871974868,4872.45,1,kaggle
4566-GOLUK,1,-0.43991649313097614,1,1,0.5956921474426305,1,2,1,0,0,2,2,2,2,0,1,0,1.4154624342225712,5118.95,1,kaggle
2484-DGXPZ,0,-0.43991649313097614,1,1,-0.055833672077855064,1,0,2,1,1,1,1,1,1,0,1,3,-1.502653098069141,658.95,1,kaggle
2018-QKYGT,1,-0.43991649313097614,1,1,-1.2774445836787656,1,0,1,0,0,0,0,0,2,0,1,2,0.5413572121351905,81.05,0,kaggle
2792-VPPET,1,-0.43991649313097614,0,0,-1.1960038562387048,1,0,2,1,1,1,1,1,1,0,1,2,-1.4710789550659844,76.95,0,kaggle
7409-JURKQ,0,-0.43991649313097614,1,0,0.8400143297628127,1,2,1,0,2,2,2,2,2,1,1,0,1.5633623672373562,5809.75,0,kaggle
3247-MHJKM,1,-0.43991649313097614,0,0,-1.2774445836787656,1,0,2,1,1,1,1,1,1,0,0,3,-1.481049737066981,20.2,0,kaggle
1964-SVLEA,1,-0.43991649313097614,0,0,-0.5037576729981889,1,0,2,1,1,1,1,1,1,1,1,3,-1.4976677070686424,415.9,0,kaggle
4587-NUKOX,0,-0.43991649313097614,0,0,-1.1960038562387048,1,0,1,2,2,0,0,0,0,0,1,2,0.47654712912871167,246.5,1,kaggle
7297-DVYGA,0,-0.43991649313097614,0,0,0.758573602322752,1,0,2,1,1,1,1,1,1,1,1,0,-1.4926823160681442,996.95,0,kaggle
2239-CGBUZ,0,-0.43991649313097614,1,0,0.758573602322752,1,0,0,2,2,0,2,0,0,1,1,0,-0.14164135493308597,3145.15,0,kaggle
0854-UYHZD,0,-0.43991649313097614,1,1,-0.7888002190384014,1,0,2,1,1,1,1,1,1,2,0,3,-1.502653098069141,265.3,0,kaggle
7243-LCGGZ,0,-0.43991649313097614,0,0,-1.2774445836787656,1,0,2,1,1,1,1,1,1,0,0,3,-1.4577845790646555,20.9,0,kaggle
8267-KFGYD,1,-0.43991649313097614,0,1,-1.2774445836787656,1,0,2,1,1,1,1,1,1,0,1,3,-1.4527991880641573,21.05,0,kaggle
4890-VMUAV,1,-0.43991649313097614,0,0,1.247217966963116,1,2,0,2,2,2,2,0,0,1,0,2,0.22395398510346112,4576.3,0,kaggle
9261-WDCAF,1,-0.43991649313097614,0,0,-1.1960038562387048,1,0,0,0,0,0,0,0,2,0,0,3,-0.33607160395252245,189.1,0,kaggle
3764-MNMOI,1,-0.43991649313097614,0,0,0.5549717837226001,1,0,2,1,1,1,1,1,1,2,0,1,-1.5142856770703037,908.15,0,kaggle
7442-YGZFK,1,-0.43991649313097614,0,0,-1.2774445836787656,1,2,0,0,0,0,0,0,0,0,1,1,-0.4972659129686364,49.8,0,kaggle
0420-BWTPW,1,-0.43991649313097614,0,1,-0.9924020376385531,0,1,0,0,0,0,0,0,0,0,0,3,-1.304899255049372,215.2,1,kaggle
8229-BUJHX,0,-0.43991649313097614,1,1,1.5729808767233588,1,0,2,1,1,1,1,1,1,2,0,0,-1.4710789550659844,1500.95,0,kaggle
7449-HVPIV,1,-0.43991649313097614,1,1,0.9214550572028734,1,2,1,0,0,2,0,2,0,0,1,1,0.8521132511662559,5099.15,0,kaggle
5504-WSIUR,0,-0.43991649313097614,0,0,1.5322605130033284,1,2,1,0,2,2,2,0,0,1,1,0,0.8471278601657574,6385.95,0,kaggle
8183-ONMXC,0,-0.43991649313097614,0,0,-1.2367242199587352,1,0,1,0,0,0,0,0,2,0,0,2,0.531386430134194,159.45,1,kaggle
8466-PZBLH,1,-0.43991649313097614,1,1,1.4100994218432374,1,2,1,2,0,0,2,2,2,2,0,0,1.3240635992134344,6885.75,0,kaggle
9614-RMGHA,1,-0.43991649313097614,1,0,1.3286586944031769,1,2,1,0,2,0,0,2,0,0,1,0,0.9003053641710731,5940.85,1,kaggle
8735-IJJEG,1,-0.43991649313097614,1,0,-0.748079855318371,1,0,0,0,0,2,0,0,0,0,0,1,-0.48397153696730727,668.85,0,kaggle
0564-MUUQK,0,-0.43991649313097614,1,1,-0.5037576729981889,1,2,1,0,0,2,2,0,2,0,1,0,1.0216165451832002,1916.2,0,kaggle
5054-IEXZT,1,-0.43991649313097614,0,1,-1.2774445836787656,1,0,1,0,2,0,0,0,0,0,1,2,0.35191235411625243,75.35,1,kaggle
5834-ASPWA,1,-0.43991649313097614,0,0,-1.2774445836787656,1,2,1,0,0,0,0,0,0,0,1,2,0.35523594811658493,75.45,1,kaggle
0701-RFGFI,0,-0.43991649313097614,1,1,0.6771328748826912,1,2,1,0,0,0,0,2,2,0,1,0,1.0182929511828682,4613.95,0,kaggle
0019-EFAEP,0,-0.43991649313097614,0,0,1.6137012404433893,1,2,1,2,2,2,0,2,0,2,1,0,1.2143849972024705,7261.25,0,kaggle
5619-PTMIK,0,-0.43991649313097614,1,0,0.5549717837226001,1,2,0,2,0,0,0,0,0,0,0,2,-0.3875873109576722,2459.8,0,kaggle
3737-XBQDD,1,-0.43991649313097614,0,0,-0.3408762181180675,1,2,1,0,2,2,0,0,0,0,1,0,0.6676537841478158,2048.8,0,kaggle
5882-CMAZQ,0,-0.43991649313097614,1,1,-1.1145631287986442,0,1,0,0,2,0,2,0,0,0,0,2,-1.0140847800203006,163.55,0,kaggle
5846-QFDFI,0,-0.43991649313097614,1,1,0.025607055362205634,1,2,1,0,2,2,2,0,0,0,0,1,0.7922885591602751,2888.7,0,kaggle
4445-KWOKW,0,-0.43991649313097614,0,0,0.3920903288424788,1,2,0,2,2,0,0,0,0,1,1,0,-0.15327393393424887,2421.6,0,kaggle
3511-APPBJ,1,-0.43991649313097614,0,0,-0.38159658183809786,1,0,1,2,0,2,0,2,2,1,1,1,1.1695164781979852,2292.75,0,kaggle
7967-HYCDE,1,-0.43991649313097614,0,0,-0.9924020376385531,1,0,1,0,0,0,0,0,0,0,0,0,0.19736523310080326,553.4,0,kaggle
2430-RRYUW,1,-0.43991649313097614,0,0,1.369379058123207,1,0,0,2,2,0,0,0,0,1,1,3,-0.3310862129520241,3465.7,0,kaggle
3948-XHGNA,1,-0.43991649313097614,0,0,-0.3408762181180675,1,0,0,2,0,0,0,0,0,0,1,0,-0.5055748979694671,1210.4,1,kaggle
3723-BFBGR,1,2.273158691738958,0,0,-0.3408762181180675,1,2,0,0,2,0,0,0,0,0,0,1,-0.3310862129520241,1291.3,0,kaggle
0565-IYCGT,1,-0.43991649313097614,0,0,1.4915401492832983,1,2,0,2,2,2,2,0,2,1,1,1,0.4599291591270504,5356.45,1,kaggle
5447-WZAFP,0,-0.43991649313097614,0,0,0.8400143297628127,1,0,1,0,2,2,0,2,2,1,1,3,1.1811490571991479,5200.8,0,kaggle
5110-CHOPY,0,-0.43991649313097614,0,0,1.125056875803025,0,1,0,2,0,2,0,2,2,2,0,2,-0.3709693409560109,3237.05,0,kaggle
5445-UTODQ,0,-0.43991649313097614,1,0,-1.0331224013585834,1,0,1,0,0,0,0,2,0,0,1,2,0.5430190091353566,576.65,1,kaggle
4425-OWHWB,0,-0.43991649313097614,0,0,-0.5037576729981889,1,0,2,1,1,1,1,1,1,1,1,1,-1.5093002860698053,433.75,0,kaggle
7892-QVYKW,0,-0.43991649313097614,1,1,-0.38159658183809786,1,2,1,0,0,0,0,0,2,0,0,2,0.6925807391503077,1868.4,0,kaggle
9675-ICXCT,1,-0.43991649313097614,1,1,1.6137012404433893,1,0,0,2,0,2,2,2,2,2,1,2,0.53304822713436,5728.55,0,kaggle
1024-VRZHF,1,-0.43991649313097614,1,0,-0.8702409464784621,1,2,1,0,0,0,0,0,0,0,1,2,0.3386179781149237,825.7,1,kaggle
4703-MQYKT,1,-0.43991649313097614,0,0,-0.46303730927815856,1,0,2,1,1,1,1,1,1,2,0,3,-1.5009913010689746,390.4,0,kaggle
9497-QCMMS,1,2.273158691738958,0,0,-1.2774445836787656,1,2,1,0,0,0,0,2,2,0,1,2,0.9568064621767214,93.55,1,kaggle
5692-ICXLW,1,2.273158691738958,0,0,-0.055833672077855064,1,2,1,0,2,0,0,2,0,0,1,2,0.8620840331672525,2845.15,0,kaggle
0602-DDUML,0,-0.43991649313097614,0,0,1.002895784642934,1,0,0,0,2,2,2,2,0,2,0,3,0.1657910900976468,3894.4,0,kaggle
2208-MPXIO,0,-0.43991649313097614,1,1,0.5142514200025698,1,0,2,1,1,1,1,1,1,2,1,0,-1.4876969250676457,886.4,0,kaggle
1960-UYCNN,1,-0.43991649313097614,0,0,-0.9109613101984924,1,2,1,0,2,2,0,0,2,0,1,2,1.0133075601823696,1021.55,0,kaggle
0348-SDKOL,0,-0.43991649313097614,1,0,1.0436161483629645,1,2,1,0,0,2,2,2,2,0,1,1,1.2409737492051283,5885.4,1,kaggle
3190-FZATL,1,-0.43991649313097614,0,1,-0.748079855318371,1,0,2,1,1,1,1,1,1,0,0,3,-1.4893587220678117,268.4,0,kaggle
7336-RLLRH,1,-0.43991649313097614,1,0,-0.21871512695797646,1,2,0,2,0,0,2,2,2,1,0,3,0.534710024134526,2204.35,0,kaggle
4373-MAVJG,0,-0.43991649313097614,1,1,-0.748079855318371,1,2,1,0,2,0,0,0,2,0,1,0,0.8687312211679171,1259.0,1,kaggle
8901-HJXTF,0,-0.43991649313097614,1,1,-0.8295205827584317,0,1,0,0,2,0,0,0,0,0,0,3,-1.181926277037079,309.1,1,kaggle
7710-JSYOA,0,-0.43991649313097614,1,1,1.4915401492832983,1,2,1,0,2,0,2,0,2,2,1,0,0.9484974771758907,6398.05,0,kaggle
5419-KLXBN,0,-0.43991649313097614,1,1,-0.30015585439803716,1,0,1,0,2,2,0,2,0,0,1,0,0.8105683261621028,2257.75,1,kaggle
3424-NMNBO,1,2.273158691738958,1,0,1.0436161483629645,1,2,1,2,2,2,0,2,2,1,1,2,1.465316344227555,6287.25,1,kaggle
9885-MFVSU,0,-0.43991649313097614,1,1,0.10704778280226633,0,1,0,2,0,0,2,2,0,2,1,1,-0.6119299059800988,1662.05,0,kaggle
4514-GFCFI,0,2.273158691738958,0,0,-0.6666391278783103,1,2,1,0,0,0,0,2,0,0,1,2,0.6643301901474837,1350.15,1,kaggle
0607-MVMGC,1,-0.43991649313097614,1,1,0.5142514200025698,1,2,0,0,2,2,0,2,2,1,0,1,0.464914550127549,3600.65,0,kaggle
3365-SAIGS,0,-0.43991649313097614,0,0,-0.62591876415828,1,0,1,0,2,0,0,2,0,0,1,2,0.6244470621434968,1329.15,0,kaggle
9828-AOQLM,0,-0.43991649313097614,1,1,-1.2774445836787656,1,0,0,0,0,0,0,0,0,0,1,2,-0.6335332669822583,45.7,1,kaggle
8022-BECSI,1,-0.43991649313097614,0,0,-0.4223169455581282,1,0,2,1,1,1,1,1,1,1,0,3,-1.5009913010689746,422.5,0,kaggle
8000-REIQB,0,2.273158691738958,0,0,-1.2774445836787656,1,0,1,0,0,0,0,0,0,0,1,2,0.1724382780983114,69.95,1,kaggle
9993-LHIEB,1,-0.43991649313097614,1,1,1.4100994218432374,1,0,0,2,0,2,2,0,2,2,0,3,0.10264280409133394,4627.65,0,kaggle
0266-CLZKZ,0,-0.43991649313097614,1,1,1.4100994218432374,1,2,1,0,0,2,2,2,2,2,1,0,1.3589613362169235,6717.9,0,kaggle
7615-ESMYF,0,-0.43991649313097614,1,0,-1.2367242199587352,0,1,0,0,0,0,0,2,2,0,0,2,-0.6700928009859131,97.1,1,kaggle
3858-VOBET,1,-0.43991649313097614,0,0,-0.38159658183809786,1,2,1,0,0,0,0,0,0,0,1,2,0.3386179781149237,1710.45,1,kaggle
7020-OZKXZ,0,2.273158691738958,0,0,-0.9516816739185228,1,0,1,0,0,2,0,0,0,0,0,1,0.356897745116751,637.4,0,kaggle
3977-QCRSL,0,-0.43991649313097614,0,0,-1.1145631287986442,1,0,2,1,1,1,1,1,1,0,0,3,-1.4827115340671475,117.95,0,kaggle
0017-DINOC,1,-0.43991649313097614,0,0,0.880734693482843,0,1,0,2,0,0,2,2,0,2,0,1,-0.6501512369839195,2460.55,0,kaggle
1447-PJGGA,0,-0.43991649313097614,0,0,1.002895784642934,1,0,1,0,0,2,0,2,2,2,1,2,1.0133075601823696,5464.65,1,kaggle
8565-CLBZW,1,-0.43991649313097614,0,0,-0.3408762181180675,1,2,1,0,0,2,0,2,0,0,1,3,0.8338334841644282,2165.05,1,kaggle
9139-WQQDY,0,-0.43991649313097614,1,1,0.6771328748826912,1,2,1,0,2,0,0,2,2,1,0,3,1.1861344481996465,4941.8,1,kaggle
0224-HJAPT,1,-0.43991649313097614,0,0,-1.1145631287986442,1,2,0,0,0,0,0,0,0,0,0,2,-0.5853411539774409,223.15,1,kaggle
8086-OVPWV,1,-0.43991649313097614,0,0,-1.2367242199587352,1,0,1,0,0,0,0,0,2,0,1,2,0.5131066631323666,181.1,1,kaggle
9430-FRQOC,0,-0.43991649313097614,0,1,-1.1552834925186746,1,2,1,0,0,2,2,0,0,0,1,3,0.7424346491552913,341.45,1,kaggle
7639-OPLNG,1,-0.43991649313097614,1,1,1.5322605130033284,1,2,0,2,2,2,2,2,0,2,1,0,0.4815325201292102,5731.85,0,kaggle
3074-GQWYX,1,-0.43991649313097614,0,0,-1.1145631287986442,1,2,1,0,0,0,0,0,0,0,1,0,0.37019212111808014,357.75,1,kaggle
1492-QGCLU,1,-0.43991649313097614,1,1,0.8400143297628127,1,2,0,2,0,2,2,2,2,0,0,2,0.6959043331506402,4616.1,0,kaggle
6845-RGTYS,0,-0.43991649313097614,1,0,0.5956921474426305,1,2,1,2,2,2,0,2,0,0,1,2,1.1296333501939984,4533.7,1,kaggle
7328-OWMOM,0,-0.43991649313097614,0,1,-0.055833672077855064,1,0,2,1,1,1,1,1,1,1,0,1,-1.4843733310673135,589.25,0,kaggle
4418-LZMSV,1,-0.43991649313097614,1,1,-0.7888002190384014,1,0,0,0,2,2,2,0,0,0,0,0,-0.09843463292876686,750.1,0,kaggle
5155-AZQPB,0,-0.43991649313097614,1,1,-0.1779947632379461,1,2,0,0,0,0,0,0,0,0,0,3,-0.49394231896830415,1410.25,0,kaggle
8861-HGGKB,0,-0.43991649313097614,0,0,-0.9109613101984924,1,2,1,0,0,0,0,0,2,0,0,2,0.720831288153132,830.85,1,kaggle
1087-GRUYI,1,-0.43991649313097614,1,0,0.22920887396235737,1,0,2,1,1,1,1,1,1,2,0,0,-1.4744025490663168,743.5,0,kaggle
7065-YUNRY,0,-0.43991649313097614,0,0,-1.2774445836787656,1,0,0,0,0,0,0,0,0,0,1,3,-0.6468276429835875,45.3,1,kaggle
7694-VLBWQ,1,-0.43991649313097614,1,0,1.4100994218432374,1,2,1,0,2,2,0,2,2,1,0,2,1.3074456292117733,7040.85,1,kaggle
2546-KZAAT,1,-0.43991649313097614,1,0,0.7992939660427822,1,0,0,2,2,0,0,2,2,1,1,3,0.35357415111641893,3865.45,0,kaggle
0181-RITDD,1,-0.43991649313097614,1,1,1.2064976032430856,1,0,1,2,2,2,2,2,2,2,0,3,1.4420511862252297,6825.65,0,kaggle
5989-PGKJB,0,-0.43991649313097614,0,0,-0.6666391278783103,1,0,1,0,2,0,0,0,2,0,1,2,0.7141841001524675,1340.1,0,kaggle
4795-KTRTH,0,2.273158691738958,1,0,-1.1145631287986442,1,2,1,0,2,0,0,0,0,0,1,2,0.5396954151350245,371.65,1,kaggle
8272-ONJLV,1,-0.43991649313097614,0,0,-0.8295205827584317,1,0,1,0,0,2,0,2,2,1,0,2,1.0282637331838649,1184.0,0,kaggle
1488-PBLJN,0,-0.43991649313097614,1,1,1.6137012404433893,1,2,1,2,2,2,2,2,2,2,1,0,1.7312038642541347,8477.7,0,kaggle
0308-GIQJT,1,2.273158691738958,0,0,1.5729808767233588,1,2,1,0,2,0,2,2,2,1,0,0,1.3622849302172555,7382.85,0,kaggle
3778-FOAQW,0,-0.43991649313097614,1,0,-0.3408762181180675,1,0,2,1,1,1,1,1,1,1,0,3,-1.4827115340671475,456.85,0,kaggle
4452-ROHMO,0,-0.43991649313097614,0,0,-0.7073594915983407,1,0,2,1,1,1,1,1,1,2,0,3,-1.5009913010689746,331.6,0,kaggle
6481-OGDOO,1,-0.43991649313097614,1,0,1.4100994218432374,1,0,1,2,2,0,0,0,2,1,1,1,0.85876043916692,6056.15,1,kaggle
3090-LETTY,1,-0.43991649313097614,0,1,-1.2367242199587352,1,2,0,2,2,0,0,0,0,0,0,0,-0.12668518193159078,134.6,0,kaggle
5349-AZPEW,0,-0.43991649313097614,1,1,-1.1145631287986442,0,1,0,0,0,0,0,0,0,0,0,3,-1.3198554280508674,125.5,0,kaggle
3753-TSEMP,0,-0.43991649313097614,1,0,-0.7073594915983407,1,0,1,0,0,0,0,2,2,0,0,2,0.7773323861587803,1390.6,1,kaggle
8305-VHZBZ,1,-0.43991649313097614,0,0,-1.2774445836787656,1,0,2,1,1,1,1,1,1,0,1,3,-1.481049737066981,20.2,1,kaggle
9720-JJJOR,1,-0.43991649313097614,1,1,0.35136996512244845,1,0,0,2,2,2,0,0,0,1,1,0,-0.14828854293375057,2511.3,0,kaggle
8100-HZZLJ,0,-0.43991649313097614,0,1,0.43281069256250915,1,0,0,2,2,0,0,0,2,0,1,2,-0.02697736192162338,2737.05,0,kaggle
8775-ERLNB,1,2.273158691738958,1,0,-1.2774445836787656,1,2,1,0,0,0,0,0,0,0,0,2,0.3170146171127639,74.3,0,kaggle
8309-IEYJD,0,2.273158691738958,0,0,-1.2774445836787656,1,0,1,0,0,0,0,0,0,0,1,3,0.19404163910047073,70.6,0,kaggle
9172-JITSM,0,-0.43991649313097614,1,1,-0.2594354906780068,1,0,1,0,0,0,0,2,2,0,1,2,0.8654076271675846,2361.8,1,kaggle
6298-QDFNH,1,-0.43991649313097614,0,0,-0.4223169455581282,1,2,1,0,2,0,0,0,0,0,1,2,0.48485611412954227,1730.35,1,kaggle
7398-HPYZQ,1,-0.43991649313097614,1,0,1.5729808767233588,1,2,0,2,2,2,2,2,2,2,0,0,0.8570986421667539,6404.0,0,kaggle
3546-GHEAE,1,-0.43991649313097614,0,0,-1.0331224013585834,1,0,2,1,1,1,1,1,1,2,0,3,-1.505976692069473,165.35,0,kaggle
7361-YPXFS,0,2.273158691738958,0,0,-0.1779947632379461,1,2,0,0,2,2,2,0,0,0,0,0,-0.010359391919962149,1867.6,0,kaggle
6557-BZXLQ,1,2.273158691738958,0,0,-0.6666391278783103,1,0,1,0,0,0,0,0,0,0,0,2,0.16246749609731476,1043.3,0,kaggle
2550-QHZGP,1,-0.43991649313097614,0,0,-1.0331224013585834,1,0,2,1,1,1,1,1,1,1,0,3,-1.504314895069307,128.6,0,kaggle
7519-JTWQH,0,-0.43991649313097614,0,0,1.4915401492832983,1,2,1,0,2,2,2,2,2,2,1,0,1.5201556452330371,7455.45,0,kaggle
2538-OIMXF,0,-0.43991649313097614,0,1,-1.2774445836787656,0,1,0,0,0,0,0,0,0,0,0,3,-1.33148800705203,24.7,0,kaggle
8543-MSDMF,1,-0.43991649313097614,0,0,-1.1960038562387048,1,0,0,2,0,2,0,2,2,0,1,2,0.4200460311230638,206.15,0,kaggle
9961-JBNMK,1,2.273158691738958,0,0,-0.46303730927815856,1,0,1,0,0,2,0,2,2,0,1,0,1.0648232671875193,2030.3,1,kaggle
1170-SASML,0,-0.43991649313097614,1,0,1.4915401492832983,1,2,1,0,2,2,0,0,0,0,1,0,0.6859335511496436,5869.4,0,kaggle
4872-JCVCA,0,-0.43991649313097614,1,0,1.5729808767233588,0,1,0,2,2,2,2,0,0,2,1,0,-0.5703849809759457,3377.8,0,kaggle
5346-BZCHP,0,-0.43991649313097614,1,1,1.4915401492832983,1,0,2,1,1,1,1,1,1,2,0,3,-1.5076384890696393,1346.2,0,kaggle
2038-LLMLM,0,-0.43991649313097614,0,0,0.6364125111626608,1,2,1,0,0,2,2,2,2,0,1,2,1.2991366442109427,4946.05,0,kaggle
6173-ITPWD,1,-0.43991649313097614,1,0,0.5956921474426305,1,2,1,0,2,2,0,0,0,0,1,0,0.6177998741428321,4065.0,1,kaggle
9734-UYXQI,0,-0.43991649313097614,0,0,-1.2367242199587352,1,2,0,0,0,0,0,0,0,0,1,2,-0.5105602889699654,106.55,1,kaggle
1216-BGTSP,1,-0.43991649313097614,0,0,0.5142514200025698,1,2,1,2,0,2,2,2,2,0,1,1,1.4520219682262263,4964.7,0,kaggle
4138-NAXED,1,-0.43991649313097614,0,0,0.758573602322752,1,2,1,0,2,0,0,0,0,0,0,0,0.5396954151350245,4085.75,0,kaggle
2189-UXTKY,0,-0.43991649313097614,1,0,-0.4223169455581282,1,2,0,2,0,0,2,2,2,0,1,2,0.47987072312904416,1742.75,1,kaggle
0744-BIKKF,1,-0.43991649313097614,0,0,1.6137012404433893,1,2,0,2,2,2,2,2,2,2,0,0,0.7274784761537967,6224.8,0,kaggle
7483-IQWIB,1,-0.43991649313097614,1,1,0.18848851024232702,1,2,1,0,2,2,0,2,0,0,1,2,0.9368648981747281,3415.25,0,kaggle
5248-KWLAR,1,-0.43991649313097614,1,1,1.5729808767233588,1,2,0,2,2,2,2,2,2,2,0,2,0.8504514541660894,6325.25,0,kaggle
4958-GZWIY,1,-0.43991649313097614,1,1,-1.0331224013585834,1,0,0,0,0,2,0,0,0,0,0,2,-0.533825446972291,340.25,1,kaggle
7996-MHXLW,0,-0.43991649313097614,0,0,1.369379058123207,1,2,2,1,1,1,1,1,1,2,1,1,-1.3165318340505352,1683.6,0,kaggle
7833-PKIHD,1,-0.43991649313097614,1,1,0.758573602322752,1,0,0,2,0,0,2,2,2,1,1,0,0.3868100911197414,3966.3,0,kaggle
7061-OVMIM,0,-0.43991649313097614,1,1,-0.0965540357978854,1,0,2,1,1,1,1,1,1,1,0,0,-1.502653098069141,608.5,0,kaggle
5153-RTHKF,0,-0.43991649313097614,0,0,0.06632741908223598,1,2,1,0,0,0,0,2,0,0,0,2,0.684271754149477,2896.6,0,kaggle
1852-QSWCD,1,-0.43991649313097614,1,1,1.2879383306831464,1,2,2,1,1,1,1,1,1,2,1,3,-1.328164413051698,1514.85,0,kaggle
4832-VRBMR,1,2.273158691738958,1,0,1.3286586944031769,1,2,1,0,2,2,0,2,2,1,1,0,1.2758714862086173,6792.45,0,kaggle
9079-LWTFD,1,-0.43991649313097614,0,0,0.5956921474426305,1,2,1,2,2,0,2,2,0,0,0,3,1.1961052302006432,4669.2,0,kaggle
6356-ELRKD,0,-0.43991649313097614,0,0,-1.2774445836787656,1,0,1,2,0,0,0,2,2,0,1,2,1.0249401391835322,95.6,1,kaggle
8624-GIOUT,0,-0.43991649313097614,0,0,0.6771328748826912,1,2,0,2,2,0,0,0,0,0,1,1,-0.16656830993557784,2934.3,1,kaggle
3392-EHMNK,0,-0.43991649313097614,1,1,1.4100994218432374,1,2,1,0,2,0,2,2,0,2,0,1,0.9750862291785486,6302.8,0,kaggle
5986-WWXDV,1,-0.43991649313097614,0,1,0.26992923768238775,1,0,2,1,1,1,1,1,1,1,0,0,-1.5093002860698053,779.2,0,kaggle
3061-BCKYI,1,-0.43991649313097614,0,0,-0.748079855318371,1,0,2,1,1,1,1,1,1,0,0,3,-1.491020519067978,283.75,0,kaggle
6179-GJPSO,0,2.273158691738958,0,0,0.43281069256250915,1,0,1,2,2,0,2,2,2,0,1,1,1.4420511862252297,4600.7,1,kaggle
7901-TBKJX,1,2.273158691738958,0,0,0.9621754209229036,1,2,1,0,0,2,0,2,2,0,1,2,1.2060760122016398,5594.0,0,kaggle
7228-PAQPD,0,-0.43991649313097614,0,0,-0.748079855318371,1,0,0,0,0,0,2,0,2,1,0,1,-0.18817167093773737,772.85,0,kaggle
3177-LASXD,0,-0.43991649313097614,0,0,-1.2774445836787656,1,0,1,0,0,0,0,0,0,0,0,2,0.21896859410296257,71.35,1,kaggle
7746-QYVCO,1,-0.43991649313097614,1,1,-0.6666391278783103,1,0,0,2,2,0,0,0,0,1,1,3,-0.29618847594853537,857.8,0,kaggle
5804-HYIEZ,1,-0.43991649313097614,1,1,1.5322605130033284,1,2,1,2,2,0,0,2,2,0,1,2,1.3722557122182522,7554.05,0,kaggle
9919-FZDED,1,2.273158691738958,1,0,1.6137012404433893,1,2,0,2,2,2,0,2,2,2,1,1,0.642726829145324,5981.65,0,kaggle
5934-TSSAU,0,-0.43991649313097614,1,1,-0.38159658183809786,1,0,1,0,0,2,0,0,0,0,1,1,0.3502505571160864,1702.9,0,kaggle
3486-KHMLI,1,-0.43991649313097614,0,1,-0.46303730927815856,1,2,2,1,1,1,1,1,1,0,0,3,-1.33148800705203,467.15,0,kaggle
4897-QSUYC,0,-0.43991649313097614,0,0,-1.2774445836787656,1,0,2,1,1,1,1,1,1,0,1,3,-1.4827115340671475,20.15,1,kaggle
1084-UQCHV,1,-0.43991649313097614,0,1,-1.2774445836787656,1,0,1,0,0,0,0,0,0,0,0,0,0.1657910900976468,69.75,1,kaggle
8290-YWKHZ,0,2.273158691738958,1,0,-0.015113308357824713,1,2,1,0,0,0,0,2,2,0,1,2,0.9451738831755587,2931.0,1,kaggle
2955-BJZHG,1,-0.43991649313097614,1,1,-0.62591876415828,1,0,1,0,0,0,0,2,0,0,0,2,0.534710024134526,1400.85,1,kaggle
3806-DXQOM,0,-0.43991649313097614,0,0,-1.1552834925186746,0,1,0,2,2,0,0,0,0,0,1,2,-1.034026344022294,137.85,1,kaggle
6784-XYJAE,0,-0.43991649313097614,0,0,0.14776814652229667,1,2,0,0,0,2,0,0,0,1,0,2,-0.29785027294870164,1941.5,0,kaggle
3933-DQPWX,0,-0.43991649313097614,0,0,0.7178532386027215,0,1,0,0,2,2,2,0,0,2,0,1,-0.8329489070021932,1932.75,0,kaggle
6661-EIPZC,0,-0.43991649313097614,1,1,0.6364125111626608,0,1,0,0,0,0,2,0,0,0,1,1,-1.1719554950360824,1423.05,0,kaggle
8957-THMOA,0,-0.43991649313097614,0,1,0.7178532386027215,1,0,2,1,1,1,1,1,1,2,0,1,-1.4827115340671475,970.85,0,kaggle
2251-PYLPB,1,-0.43991649313097614,1,0,1.6137012404433893,1,2,0,2,2,2,2,0,2,2,0,1,0.4915033021302069,5810.9,0,kaggle
5555-RNPGT,1,-0.43991649313097614,0,1,-0.9109613101984924,1,2,2,1,1,1,1,1,1,0,0,1,-1.328164413051698,223.9,0,kaggle
1057-FOGLZ,0,-0.43991649313097614,0,0,-0.5851984004382496,1,0,2,1,1,1,1,1,1,0,0,3,-1.4993295040688086,391.7,0,kaggle
9300-RENDD,1,-0.43991649313097614,0,0,-1.2774445836787656,1,0,1,0,0,0,0,2,0,0,1,2,0.5047976781315361,79.95,1,kaggle
0761-AETCS,0,-0.43991649313097614,0,0,-1.2774445836787656,1,0,2,1,1,1,1,1,1,0,0,2,-1.5109620830699715,19.3,1,kaggle
8087-LGYHQ,1,-0.43991649313097614,0,0,-0.9516816739185228,1,0,1,0,0,2,0,2,2,0,1,2,0.9734244321783826,811.65,0,kaggle
4137-BTIKL,1,-0.43991649313097614,0,0,-1.2367242199587352,1,2,1,2,0,0,0,0,2,0,0,3,0.8637458301674186,174.75,0,kaggle
2190-BCXEC,0,-0.43991649313097614,1,0,0.3106496014024181,1,2,1,0,0,0,2,0,0,0,1,1,0.46823814412788106,3126.85,0,kaggle
6227-FBDXH,1,-0.43991649313097614,1,0,1.4915401492832983,1,2,1,0,0,2,0,2,2,1,0,0,1.15456030519649,6841.45,0,kaggle
2153-MREFK,0,-0.43991649313097614,1,0,0.18848851024232702,1,2,1,2,0,2,2,0,2,1,1,2,1.1445895231954935,3754.6,1,kaggle
2911-WDXMV,1,-0.43991649313097614,0,1,-0.5851984004382496,1,2,1,0,0,2,0,0,0,0,1,1,0.5247392421335293,1406.65,0,kaggle
7206-PQBBZ,1,2.273158691738958,1,0,-0.8702409464784621,1,0,1,0,0,0,0,0,0,0,1,2,0.18074726309914202,834.7,0,kaggle
3106-ULWFW,0,-0.43991649313097614,1,0,-0.9924020376385531,1,2,1,0,0,0,0,0,2,0,1,1,0.6792863631489789,627.4,1,kaggle
0925-VYDLG,0,-0.43991649313097614,0,0,-1.1960038562387048,1,2,1,0,0,0,0,0,0,0,0,2,0.3485887601159204,242.0,1,kaggle
4547-FZJWE,1,-0.43991649313097614,1,1,0.9214550572028734,1,0,0,2,0,0,0,0,2,1,0,1,-0.17653909193657447,3157.0,0,kaggle
7422-WNBTY,1,-0.43991649313097614,1,0,0.025607055362205634,1,2,1,0,2,2,0,0,2,0,1,2,0.9501592741760567,3092.0,0,kaggle
0842-IWYCP,0,-0.43991649313097614,0,0,0.5549717837226001,1,0,0,0,0,0,0,0,0,0,0,0,-0.6584602219847502,2168.9,0,kaggle
3521-HTQTV,1,-0.43991649313097614,0,0,0.06632741908223598,1,2,2,1,1,1,1,1,1,2,0,0,-1.2849576910473786,980.35,0,kaggle
3744-ZBHON,0,-0.43991649313097614,0,0,-1.1960038562387048,1,0,2,1,1,1,1,1,1,0,0,2,-1.481049737066981,65.95,0,kaggle
3373-DIUUN,1,-0.43991649313097614,1,1,-0.0965540357978854,1,0,2,1,1,1,1,1,1,2,0,3,-1.4461520000634926,711.9,0,kaggle
8383-SGHJU,0,-0.43991649313097614,0,0,0.025607055362205634,1,2,0,2,0,0,2,0,0,1,0,2,-0.17820088893674074,1952.8,0,kaggle
7607-QKKTJ,1,-0.43991649313097614,1,1,0.5142514200025698,1,2,1,0,2,2,0,0,2,1,1,1,1.0049985751815391,4368.85,0,kaggle
7707-PYBBH,1,-0.43991649313097614,0,0,0.3106496014024181,1,0,0,2,2,0,2,0,0,0,1,3,-0.09511103892843457,2647.1,0,kaggle
8984-HPEMB,0,-0.43991649313097614,0,0,1.5729808767233588,1,2,1,2,2,2,2,2,2,2,1,2,1.7910285562601154,8477.6,0,kaggle
4349-GFQHK,1,-0.43991649313097614,0,0,-1.2774445836787656,1,2,0,0,0,2,0,0,0,0,0,2,-0.34604238595351905,54.35,1,kaggle
4139-DETXS,0,-0.43991649313097614,1,1,1.6137012404433893,0,1,0,2,2,2,2,2,2,2,0,0,-0.010359391919962149,4528.0,0,kaggle
9779-DPNEJ,0,-0.43991649313097614,1,1,-0.4223169455581282,1,0,1,0,0,0,0,0,2,0,1,2,0.5114448661322006,1790.65,0,kaggle
9805-FILKB,1,-0.43991649313097614,1,1,0.5549717837226001,1,0,2,1,1,1,1,1,1,1,1,0,-1.481049737066981,845.6,0,kaggle
5793-YOLJN,0,-0.43991649313097614,1,1,0.9214550572028734,1,0,2,1,1,1,1,1,1,2,0,3,-1.4544609850643233,1210.3,0,kaggle
0673-IGUQO,1,-0.43991649313097614,0,0,-1.2774445836787656,1,0,2,1,1,1,1,1,1,0,0,3,-1.4727407520661506,20.45,0,kaggle
4123-FCVCB,0,-0.43991649313097614,0,0,-0.8295205827584317,1,2,0,0,0,0,2,2,2,1,1,3,0.36853032411791364,854.45,0,kaggle
8819-IMISP,1,-0.43991649313097614,0,0,-0.055833672077855064,1,2,1,0,2,0,0,0,0,0,1,2,0.5214156481331973,2429.1,0,kaggle
7802-EFKNY,1,-0.43991649313097614,1,0,-1.1145631287986442,0,1,0,0,0,0,0,0,0,0,1,2,-1.3231790220511994,100.4,1,kaggle
8311-UEUAB,0,-0.43991649313097614,1,1,1.4100994218432374,1,2,0,2,0,0,0,2,2,2,1,2,0.356897745116751,5229.45,0,kaggle
5858-EAFCZ,1,-0.43991649313097614,0,0,-1.2774445836787656,1,0,0,0,0,0,0,0,0,0,0,3,-0.6750781919864114,44.45,0,kaggle
8035-BUYVG,1,-0.43991649313097614,1,0,0.3106496014024181,0,1,0,2,2,2,0,0,0,1,1,2,-0.7448736659933887,1716.45,1,kaggle
1163-ONYEY,1,-0.43991649313097614,1,1,0.35136996512244845,1,2,0,2,2,2,0,2,0,0,1,1,0.32532360211359457,3023.55,0,kaggle
9787-XVQIU,1,-0.43991649313097614,0,0,-1.2774445836787656,1,2,1,0,0,0,0,0,0,0,1,2,0.3502505571160864,75.3,1,kaggle
8945-MUQUF,1,-0.43991649313097614,0,0,0.758573602322752,1,2,1,2,2,0,0,2,0,1,1,2,0.9983513871808745,4837.6,1,kaggle
5656-MJEFC,1,-0.43991649313097614,1,1,0.3920903288424788,0,1,0,2,0,2,2,2,0,2,0,1,-0.5521052139741185,2032.3,0,kaggle
6082-OQFBA,1,-0.43991649313097614,1,1,-0.38159658183809786,1,0,2,1,1,1,1,1,1,1,0,3,-1.4993295040688086,436.9,0,kaggle
8051-HJRLT,0,2.273158691738958,0,0,-1.2774445836787656,1,0,1,0,0,0,0,0,0,0,1,2,0.19237984210030468,70.55,1,kaggle
8974-OVACP,0,-0.43991649313097614,0,0,-1.2774445836787656,1,0,2,1,1,1,1,1,1,0,0,3,-1.4827115340671475,20.15,0,kaggle
4010-YLMVT,0,-0.43991649313097614,0,0,0.9621754209229036,1,2,1,2,2,0,0,2,2,0,1,1,1.3905354792200795,5893.95,0,kaggle
1379-FRVEB,1,-0.43991649313097614,0,1,-0.7073594915983407,1,2,1,0,2,0,0,2,0,0,1,2,0.8720548151682491,1430.05,0,kaggle
8612-GXIDD,1,-0.43991649313097614,1,1,-0.8295205827584317,1,2,2,1,1,1,1,1,1,2,1,0,-1.3082228490497045,313.0,0,kaggle
6288-CHQJB,0,-0.43991649313097614,1,1,0.880734693482843,1,0,0,2,0,2,2,0,2,2,0,0,0.1724382780983114,3871.85,0,kaggle
8160-HOWOX,0,-0.43991649313097614,0,0,-1.0331224013585834,1,0,0,0,0,0,0,2,2,0,1,2,0.06940686408801149,458.1,0,kaggle
3023-GFLBR,0,-0.43991649313097614,1,1,0.025607055362205634,1,2,1,0,0,0,0,0,2,0,0,1,0.7108605061521354,2745.7,1,kaggle
6648-INWPS,1,-0.43991649313097614,1,1,-0.6666391278783103,1,0,2,1,1,1,1,1,1,0,0,2,-1.4827115340671475,341.35,0,kaggle
4223-BKEOR,0,-0.43991649313097614,0,1,-0.46303730927815856,1,0,0,2,0,2,0,0,2,1,0,3,0.0029349840813665527,1336.8,0,kaggle
4079-VTGLK,1,2.273158691738958,1,0,-0.0965540357978854,1,2,0,0,0,2,0,2,2,2,0,2,0.33529438411459117,2181.75,0,kaggle
1763-WQFUK,1,-0.43991649313097614,0,0,-1.1960038562387048,1,0,0,0,0,0,2,0,0,0,1,3,-0.4740007549663106,147.75,0,kaggle
1391-UBDAR,1,-0.43991649313097614,0,0,-0.8702409464784621,1,0,1,0,0,2,0,0,0,0,0,2,0.2704843011081128,818.45,0,kaggle
8894-JVDCV,0,-0.43991649313097614,0,0,1.2064976032430856,1,2,1,2,2,2,2,2,2,1,1,1,1.6713791722481544,7133.45,0,kaggle
2023-VQFDL,1,-0.43991649313097614,0,0,-0.5851984004382496,1,0,2,1,1,1,1,1,1,0,0,2,-1.5209328650709681,348.8,0,kaggle
1345-GKDZZ,1,-0.43991649313097614,0,1,-1.0738427650786138,1,0,2,1,1,1,1,1,1,0,0,3,-1.502653098069141,128.6,0,kaggle
2014-MKGMH,0,-0.43991649313097614,0,0,0.5549717837226001,1,2,1,0,0,2,0,2,2,1,1,2,1.2077378092018058,4674.4,0,kaggle
5628-FCGYG,1,-0.43991649313097614,0,0,-0.46303730927815856,1,2,1,0,0,0,0,0,2,0,1,2,0.642726829145324,1737.45,0,kaggle
2560-WBWXF,1,-0.43991649313097614,0,0,1.4508197855632678,1,2,2,1,1,1,1,1,1,2,1,0,-1.3497677740538576,1498.85,0,kaggle
0248-IPDFW,0,-0.43991649313097614,0,0,-1.2774445836787656,1,2,0,0,0,0,0,0,0,0,1,2,-0.48729513096763954,50.1,0,kaggle
7978-DKUQH,0,-0.43991649313097614,1,0,-0.30015585439803716,1,0,1,0,0,2,0,0,0,0,1,2,0.32698539911376057,1797.75,0,kaggle
4335-UPJSI,0,-0.43991649313097614,0,1,-0.3408762181180675,1,0,2,1,1,1,1,1,1,2,0,3,-1.4960059100684764,498.1,0,kaggle
0524-IAVZO,0,-0.43991649313097614,1,0,-0.0965540357978854,1,2,1,0,0,0,0,0,2,0,1,2,0.6726391751483144,2624.25,1,kaggle
2737-YNGYW,0,-0.43991649313097614,0,0,-1.2367242199587352,1,0,1,0,0,0,0,0,2,0,0,2,0.5247392421335293,184.1,1,kaggle
1784-EZDKJ,1,-0.43991649313097614,1,0,0.758573602322752,1,2,1,0,2,2,0,2,2,1,1,0,1.397182667220744,5498.8,0,kaggle
9297-FVVDH,0,-0.43991649313097614,1,1,1.002895784642934,1,2,0,2,0,2,2,2,2,2,1,2,0.6560212051466532,4845.4,0,kaggle
8007-YYPWD,0,-0.43991649313097614,0,0,-0.7073594915983407,1,2,2,1,1,1,1,1,1,2,0,0,-1.3198554280508674,369.1,0,kaggle
7101-HRBLJ,0,-0.43991649313097614,1,1,1.6137012404433893,1,0,0,2,2,2,2,2,2,2,1,0,0.6294324531439953,6096.9,0,kaggle
5159-YFPKQ,0,-0.43991649313097614,0,0,-1.2367242199587352,1,0,1,0,0,2,0,0,0,0,1,2,0.36686852711774764,160.75,1,kaggle
6635-CPNUN,1,-0.43991649313097614,1,0,-0.1779947632379461,1,2,1,0,2,2,0,2,0,0,0,1,1.0581760791868549,2684.35,0,kaggle
4021-RQSNY,1,2.273158691738958,1,0,-0.13727439951791576,1,2,1,0,0,2,0,2,2,0,1,2,1.1213243651931677,3004.15,1,kaggle
5453-YBTWV,1,-0.43991649313097614,1,1,1.5322605130033284,1,0,1,2,2,2,2,2,0,2,1,1,1.2077378092018058,6994.8,0,kaggle
5039-LZRQT,0,-0.43991649313097614,0,0,-0.7888002190384014,1,0,2,1,1,1,1,1,1,1,0,3,-1.481049737066981,273.25,0,kaggle
2931-VUVJN,0,2.273158691738958,1,0,1.0843365120829946,1,2,1,2,2,2,2,0,0,1,1,2,0.9734244321783826,5483.9,0,kaggle
9061-TIHDA,1,2.273158691738958,1,0,-0.7888002190384014,1,2,1,0,0,0,0,2,2,0,1,2,1.0133075601823696,1233.65,1,kaggle
8699-ASUFO,1,2.273158691738958,1,0,-1.0331224013585834,1,2,1,0,0,0,0,0,0,0,1,3,0.32033821111309646,527.9,1,kaggle
6418-PIQSP,0,-0.43991649313097614,1,0,1.2064976032430856,1,0,0,2,0,2,2,2,2,2,0,3,0.5396954151350245,4985.9,0,kaggle
8220-OCUFY,0,-0.43991649313097614,0,0,-0.46303730927815856,1,0,0,2,0,2,2,0,0,1,1,2,-0.1499503399339166,1258.35,0,kaggle
3995-WFCSM,0,-0.43991649313097614,0,0,-1.2367242199587352,1,0,0,0,0,2,0,0,2,0,0,2,-0.13000877593192306,111.4,0,kaggle
1895-QTKDO,0,-0.43991649313097614,0,0,-1.2774445836787656,1,0,0,0,0,0,0,0,0,0,0,1,-0.6916961619880726,43.95,0,kaggle
2038-OEQZH,1,-0.43991649313097614,0,0,-1.1552834925186746,1,0,1,0,0,2,0,0,2,0,0,2,0.7075369121518029,308.1,0,kaggle
1178-PZGAB,0,-0.43991649313097614,0,0,-0.5444780367182193,1,0,2,1,1,1,1,1,1,1,0,1,-1.479387940066815,383.65,0,kaggle
7927-AUXBZ,0,-0.43991649313097614,0,0,-0.0965540357978854,1,0,1,0,0,0,2,2,0,0,0,2,0.677624566148813,2555.9,1,kaggle
2626-VEEWG,1,-0.43991649313097614,1,1,1.4100994218432374,1,0,2,1,1,1,1,1,1,2,1,1,-1.5076384890696393,1284.2,0,kaggle
2878-RMWXY,1,2.273158691738958,1,0,1.6137012404433893,1,2,1,2,2,2,0,0,2,2,1,1,1.259253516206956,7550.3,0,kaggle
1657-DYMBM,1,-0.43991649313097614,1,0,0.8400143297628127,1,0,2,1,1,1,1,1,1,2,0,1,-1.491020519067978,1110.05,0,kaggle
7311-MQJCH,0,-0.43991649313097614,0,0,-1.1145631287986442,1,0,2,1,1,1,1,1,1,1,0,2,-1.502653098069141,99.6,0,kaggle
7375-WMVMT,1,2.273158691738958,1,0,1.5729808767233588,1,0,1,0,2,2,2,0,2,2,1,1,1.0216165451832002,6707.15,0,kaggle
1136-XGEQU,0,-0.43991649313097614,1,1,0.7178532386027215,1,2,0,0,2,2,2,2,2,1,1,1,0.6443886261454905,4164.4,0,kaggle
2530-FMFXO,1,-0.43991649313097614,1,1,0.9621754209229036,1,2,1,0,0,2,2,2,2,2,1,2,1.2775332832087833,5873.75,0,kaggle
6844-DZKRF,1,-0.43991649313097614,0,0,-1.2367242199587352,1,0,0,0,0,0,2,0,0,0,1,1,-0.48397153696730727,109.25,0,kaggle
4695-WJZUE,0,2.273158691738958,0,0,-1.2367242199587352,1,2,1,0,0,2,0,0,2,0,1,2,0.7906267621601091,179.25,1,kaggle
7619-ODSGN,1,-0.43991649313097614,1,1,-0.3408762181180675,1,2,0,2,0,0,0,0,0,0,0,2,-0.3327480099521901,1338.15,1,kaggle
5970-GHJAW,1,-0.43991649313097614,1,1,0.5549717837226001,1,0,2,1,1,1,1,1,1,2,0,1,-1.4893587220678117,862.4,0,kaggle
8879-XUAHX,1,-0.43991649313097614,1,0,1.5729808767233588,1,2,1,2,2,2,2,2,2,2,1,2,1.7112623002521414,8564.75,0,kaggle
3689-MOZGR,0,-0.43991649313097614,0,0,-0.13727439951791576,0,1,0,0,0,0,2,0,0,0,1,2,-1.115454397030434,926.2,0,kaggle
4195-PNGZS,1,-0.43991649313097614,1,1,1.4915401492832983,1,2,2,1,1,1,1,1,1,2,0,0,-1.3397969920528607,1718.2,0,kaggle
5003-XZWWO,1,-0.43991649313097614,1,0,1.5729808767233588,1,2,0,0,2,2,2,2,2,2,0,1,0.6460504231456565,5956.85,0,kaggle
3988-RQIXO,0,2.273158691738958,0,0,-1.2774445836787656,1,0,1,0,0,0,0,2,2,0,1,2,0.8820255971692458,91.3,1,kaggle
7622-FWGEW,1,2.273158691738958,1,0,0.9621754209229036,1,0,0,2,2,2,2,2,2,2,1,0,0.6942425361504742,4824.45,0,kaggle
6922-NCEDI,1,-0.43991649313097614,0,1,0.9621754209229036,1,0,2,1,1,1,1,1,1,1,1,3,-1.4478137970636586,1238.65,0,kaggle
2514-GINMM,1,-0.43991649313097614,0,0,-1.2774445836787656,1,0,1,0,0,0,0,2,0,0,1,2,0.4898415051300408,79.5,1,kaggle
9891-NQDBD,0,-0.43991649313097614,1,0,-0.1779947632379461,1,2,2,1,1,1,1,1,1,1,0,3,-1.303237458049206,672.2,0,kaggle
6131-IUNXN,0,-0.43991649313097614,1,1,-0.5444780367182193,1,0,2,1,1,1,1,1,1,0,0,3,-1.481049737066981,382.2,0,kaggle
8548-AWOFC,1,-0.43991649313097614,1,0,1.369379058123207,1,2,0,0,0,0,2,0,2,0,0,2,-0.030300955921955676,4264.6,0,kaggle
9798-DRYDS,0,-0.43991649313097614,1,1,-0.62591876415828,1,2,0,0,0,2,2,0,0,1,1,3,-0.09344924192826831,1070.7,0,kaggle
8532-UEFWH,1,-0.43991649313097614,1,1,0.7992939660427822,1,2,2,1,1,1,1,1,1,2,0,3,-1.2965902700485417,1345.85,0,kaggle
6296-DDOOR,0,-0.43991649313097614,0,0,-0.5444780367182193,1,0,0,0,2,0,0,2,0,1,0,2,-0.21808401694072754,1045.25,0,kaggle
7951-VRDVK,0,-0.43991649313097614,0,0,0.14776814652229667,1,0,0,2,2,2,2,2,2,1,0,0,0.7008897241511383,3003.55,0,kaggle
5931-FLJJF,1,2.273158691738958,1,0,-1.0331224013585834,1,0,1,0,0,0,0,0,0,0,1,3,0.1774236690988095,467.55,1,kaggle
4815-YOSUK,1,-0.43991649313097614,1,1,1.6137012404433893,1,2,1,2,2,2,2,0,2,1,1,1,1.3340343812144315,7537.5,0,kaggle
2659-VXMWZ,1,-0.43991649313097614,1,1,1.4100994218432374,1,2,1,2,2,2,0,2,2,1,1,2,1.5467443972356951,7482.1,1,kaggle
0380-NEAVX,1,2.273158691738958,0,0,0.06632741908223598,1,0,1,0,2,2,0,2,2,1,1,2,1.1661928841976528,3343.15,0,kaggle
3207-OYBWH,1,2.273158691738958,1,0,1.002895784642934,1,2,1,0,2,2,0,0,2,0,1,0,1.0133075601823696,5427.05,1,kaggle
4285-GYRQC,0,-0.43991649313097614,1,0,-1.0331224013585834,1,0,1,0,0,2,0,2,0,0,1,2,0.7141841001524675,587.1,1,kaggle
7216-EWTRS,0,2.273158691738958,1,0,-1.2774445836787656,1,2,1,0,0,2,0,2,2,0,1,2,1.1977670272008092,100.8,1,kaggle
4365-MSDYN,1,-0.43991649313097614,1,0,-0.9924020376385531,1,0,2,1,1,1,1,1,1,0,1,0,-1.502653098069141,161.15,0,kaggle
7036-TYDEC,0,-0.43991649313097614,0,0,1.4915401492832983,1,2,1,0,0,2,2,2,2,2,0,2,1.304122035211441,7028.5,0,kaggle
5802-ADBRC,0,-0.43991649313097614,1,0,0.7178532386027215,1,2,1,2,0,2,0,2,2,1,1,3,1.3174164112127704,5232.9,0,kaggle
8076-FEZKJ,1,-0.43991649313097614,0,0,-0.9109613101984924,1,0,2,1,1,1,1,1,1,1,0,3,-1.504314895069307,225.85,0,kaggle
5197-YPYBZ,0,-0.43991649313097614,1,1,-0.8295205827584317,1,2,2,1,1,1,1,1,1,2,0,1,-1.3132082400502028,274.7,0,kaggle
8337-MSSXB,0,-0.43991649313097614,0,0,-0.748079855318371,1,0,1,0,2,0,0,0,2,0,1,2,0.7158458971526335,1180.95,1,kaggle
4312-GVYNH,0,-0.43991649313097614,1,0,1.5322605130033284,0,1,0,2,0,2,2,0,2,2,1,0,-0.49560411596847015,3370.2,0,kaggle
8495-LJDFO,0,2.273158691738958,0,0,1.2879383306831464,1,2,1,2,0,2,2,2,2,0,1,0,1.4686399382278874,7111.3,0,kaggle
0839-JTCUD,0,-0.43991649313097614,1,1,1.369379058123207,1,2,0,2,2,2,2,2,2,2,0,1,0.8354952811645946,5958.85,0,kaggle
5494-WOZRZ,0,-0.43991649313097614,1,1,1.5729808767233588,1,0,0,2,0,2,2,2,2,2,1,1,0.572931355138347,5999.85,0,kaggle
1302-UHBDD,1,2.273158691738958,0,0,-0.5037576729981889,1,0,1,0,0,0,0,2,2,0,0,2,0.8371570781647607,1648.45,0,kaggle
2234-EOFPT,1,-0.43991649313097614,1,0,1.6137012404433893,1,0,0,2,2,0,2,2,2,2,1,0,0.48485611412954227,5753.25,0,kaggle
8619-IJNDK,0,-0.43991649313097614,1,1,1.5729808767233588,1,0,0,2,2,2,2,0,0,2,0,1,-0.023653767921291324,4492.9,0,kaggle
8378-LKJAF,1,-0.43991649313097614,1,1,0.22920887396235737,1,2,1,0,0,2,0,2,2,0,1,1,1.2093996062019723,3956.7,0,kaggle
8182-BJDSI,0,-0.43991649313097614,0,0,-0.1779947632379461,1,2,1,0,2,0,0,0,2,0,1,2,0.8371570781647607,2625.55,1,kaggle
2528-HFYZX,1,2.273158691738958,1,0,-0.62591876415828,1,0,1,0,2,0,0,0,0,0,1,2,0.3884718881199074,1233.4,1,kaggle
1153-GNOLC,1,-0.43991649313097614,0,0,0.025607055362205634,0,1,0,0,2,0,0,2,0,1,1,2,-0.8528904710041867,1309.0,0,kaggle
3298-QEICA,0,-0.43991649313097614,1,1,-0.38159658183809786,0,1,0,2,0,0,2,0,0,2,0,3,-1.0024522010191377,813.45,0,kaggle
0788-DXBFY,1,-0.43991649313097614,1,1,1.0436161483629645,1,0,2,1,1,1,1,1,1,1,1,2,-1.502653098069141,1108.8,0,kaggle
3597-YASZG,0,2.273158691738958,1,0,1.5322605130033284,1,2,1,0,2,0,2,2,2,2,1,0,1.3190782082129364,7349.35,0,kaggle
3496-LFSZU,1,-0.43991649313097614,1,0,-1.1552834925186746,1,0,1,0,0,0,0,0,0,0,0,2,0.19071804510013865,294.2,0,kaggle
5242-UOWHD,1,-0.43991649313097614,1,1,0.5142514200025698,1,0,2,1,1,1,1,1,1,2,0,3,-1.4760643460664828,929.2,0,kaggle
2482-CZGBB,1,-0.43991649313097614,0,0,-0.9109613101984924,1,0,1,0,0,0,0,0,0,0,1,2,0.17410007509847744,740.0,1,kaggle
6479-SZPLM,1,-0.43991649313097614,1,1,0.14776814652229667,1,0,2,1,1,1,1,1,1,2,0,1,-1.505976692069473,754.5,0,kaggle
8097-VBQTZ,1,-0.43991649313097614,0,0,0.880734693482843,1,0,0,2,2,0,2,2,0,0,1,3,0.17077648109814536,3883.3,0,kaggle
4500-HKANN,1,-0.43991649313097614,1,1,-0.38159658183809786,1,2,0,0,2,0,2,0,0,2,0,3,-0.16823010693574386,1414.2,0,kaggle
9917-KWRBE,0,-0.43991649313097614,1,1,0.35136996512244845,1,2,0,2,2,2,0,2,0,1,1,1,0.4516201741262198,3211.2,0,kaggle
3420-ZDBMA,1,2.273158691738958,0,0,-1.1145631287986442,1,0,1,0,0,0,0,0,0,0,1,3,0.2222921881032951,371.6,0,kaggle
2212-LYASK,1,-0.43991649313097614,1,1,-0.21871512695797646,0,1,0,0,2,2,0,0,2,1,1,1,-0.62854787598176,1246.4,0,kaggle
1393-IMKZG,0,-0.43991649313097614,0,0,-1.2774445836787656,1,0,1,0,0,0,2,2,2,0,1,2,1.0332491241843629,95.85,0,kaggle
8069-RHUXK,0,-0.43991649313097614,1,1,1.4100994218432374,0,1,0,2,0,0,2,0,0,2,0,1,-0.9658926670154829,2545.7,0,kaggle
3398-GCPMU,0,2.273158691738958,1,1,1.6137012404433893,1,2,0,2,2,2,2,2,2,2,1,1,0.8238627021634315,6448.85,0,kaggle
2908-WGAXL,0,-0.43991649313097614,1,1,0.9621754209229036,1,2,2,1,1,1,1,1,1,2,1,1,-1.3231790220511994,1468.9,0,kaggle
3378-AJRAO,1,-0.43991649313097614,1,1,0.47353105628253944,1,2,2,1,1,1,1,1,1,1,0,2,-1.3265026160515319,1013.6,0,kaggle
1013-QCWAM,0,2.273158691738958,1,0,1.369379058123207,1,2,1,0,2,0,0,2,2,0,1,2,1.1977670272008092,6690.75,0,kaggle
0866-QLSIR,0,-0.43991649313097614,0,0,0.06632741908223598,1,2,0,2,2,0,2,0,0,1,1,3,-0.012021188920128179,2088.75,1,kaggle
6050-FFXES,0,-0.43991649313097614,1,0,1.4915401492832983,1,2,1,0,0,2,2,2,2,2,0,0,1.3489905542159264,7240.65,0,kaggle
7181-BQYBV,0,-0.43991649313097614,1,1,-1.2774445836787656,1,2,1,2,0,2,0,2,2,0,1,2,1.2526063282062914,102.45,1,kaggle
0362-RAOQO,0,-0.43991649313097614,0,0,0.3106496014024181,1,0,2,1,1,1,1,1,1,2,0,1,-1.4993295040688086,830.25,0,kaggle
9554-DFKIC,1,-0.43991649313097614,1,1,-0.0965540357978854,1,2,0,2,0,0,0,0,0,0,1,0,-0.3427187919531868,1588.7,0,kaggle
5527-ACHSO,0,-0.43991649313097614,0,0,-0.8702409464784621,1,0,0,0,0,0,2,2,2,0,0,3,0.19071804510013865,829.3,0,kaggle
0829-DDVLK,0,-0.43991649313097614,0,0,-0.7073594915983407,1,0,2,1,1,1,1,1,1,1,0,1,-1.4843733310673135,302.45,0,kaggle
1399-UBQIU,1,-0.43991649313097614,0,0,-0.8702409464784621,1,0,0,0,0,2,0,2,2,0,1,2,0.15249671409631763,712.25,0,kaggle
1813-JLKWR,0,-0.43991649313097614,1,1,1.2879383306831464,1,0,2,1,1,1,1,1,1,1,0,0,-1.4943441130683104,1336.65,0,kaggle
0336-PIKEI,1,2.273158691738958,1,0,1.6137012404433893,1,0,0,2,2,2,2,2,0,2,0,0,0.32033821111309646,5360.75,0,kaggle
7322-OCWHC,1,2.273158691738958,1,0,1.6137012404433893,1,2,1,2,2,2,2,0,0,2,1,0,0.9401884921750601,6735.05,0,kaggle
9537-VHDTA,0,-0.43991649313097614,0,1,-1.2774445836787656,1,0,0,2,0,0,0,0,0,0,0,3,-0.4507355969639848,51.2,0,kaggle
4957-TIALW,0,-0.43991649313097614,0,1,-0.7073594915983407,1,0,0,2,2,2,2,0,0,1,0,1,0.0278619390838584,1010.0,0,kaggle
2054-PJOCK,0,-0.43991649313097614,0,0,1.125056875803025,1,2,0,0,0,2,2,2,2,1,0,1,0.5247392421335293,4847.05,0,kaggle
9150-HEPMB,1,-0.43991649313097614,0,0,0.9621754209229036,1,0,0,2,0,2,0,0,0,1,0,3,-0.4008816869590011,3019.7,0,kaggle
9030-QGZNL,0,-0.43991649313097614,0,0,-0.9924020376385531,1,0,2,1,1,1,1,1,1,2,0,3,-1.4594463760648215,161.65,0,kaggle
6204-IEUXJ,0,-0.43991649313097614,0,0,-1.1960038562387048,1,0,1,0,0,2,2,0,0,0,0,1,0.5097830691320341,217.55,1,kaggle
3126-WQMGH,0,-0.43991649313097614,1,0,0.6771328748826912,1,2,0,0,0,0,0,0,0,0,1,1,-0.4191614539608286,2583.75,0,kaggle
4529-CKBCL,0,-0.43991649313097614,0,0,-1.2367242199587352,1,0,1,0,0,0,0,2,0,0,1,2,0.5131066631323666,146.05,1,kaggle
2506-CLAKW,0,-0.43991649313097614,0,0,-1.0738427650786138,1,0,1,2,2,2,2,0,2,0,1,0,1.109691786192005,567.45,1,kaggle
7176-WRTNX,1,-0.43991649313097614,0,0,1.5322605130033284,1,2,1,2,2,2,2,2,2,2,1,0,1.6680555782478224,7711.25,0,kaggle
1583-IHQZE,1,-0.43991649313097614,0,0,-0.8295205827584317,1,2,1,0,2,2,2,2,2,0,1,3,1.6015836982411773,1384.75,1,kaggle
5732-IKGQH,1,2.273158691738958,1,0,0.7992939660427822,1,0,1,2,0,2,2,2,2,1,1,0,1.3190782082129364,5481.25,0,kaggle
9239-GZHZE,0,-0.43991649313097614,1,0,1.6137012404433893,1,2,1,2,2,2,2,2,2,2,1,1,1.624848856243503,8124.2,0,kaggle
7205-BAIAD,0,-0.43991649313097614,0,0,0.3106496014024181,1,0,2,1,1,1,1,1,1,2,1,0,-1.4677553610656522,827.3,0,kaggle
0151-ONTOV,0,-0.43991649313097614,0,0,-1.2774445836787656,1,0,1,0,0,0,0,0,0,0,0,3,0.20401242110146783,70.9,1,kaggle
4140-MUHUG,0,2.273158691738958,0,0,-1.1960038562387048,1,0,1,0,0,2,0,2,0,0,1,2,0.7341256641544608,220.95,1,kaggle
0093-EXYQL,0,2.273158691738958,0,0,0.3106496014024181,1,0,1,0,0,0,0,2,2,0,1,2,0.8903345821700764,3673.6,0,kaggle
8064-RAVOH,1,-0.43991649313097614,0,1,-1.2774445836787656,1,0,0,0,0,2,0,0,0,0,1,2,-0.49560411596847015,49.85,0,kaggle
0219-QAERP,1,-0.43991649313097614,1,0,-0.0965540357978854,1,0,2,1,1,1,1,1,1,1,0,1,-1.4943441130683104,576.65,0,kaggle
0320-JDNQG,1,-0.43991649313097614,1,1,-0.38159658183809786,1,0,1,2,0,0,2,2,2,0,1,2,1.1661928841976528,2331.3,1,kaggle
7180-PISOG,1,-0.43991649313097614,1,1,-1.2774445836787656,1,2,1,0,0,0,0,0,0,0,1,2,0.3236618051134285,74.5,1,kaggle
9168-INPSZ,0,2.273158691738958,1,0,0.47353105628253944,1,2,1,0,0,2,2,2,2,0,0,2,1.3091074262119398,4495.65,0,kaggle
3571-RFHAR,1,-0.43991649313097614,0,0,1.3286586944031769,1,2,1,0,2,2,2,2,2,0,1,2,1.475287126228552,6941.2,1,kaggle
0015-UOCOJ,0,2.273158691738958,0,0,-1.0331224013585834,1,0,0,2,0,0,0,0,0,0,1,2,-0.5504434169739522,340.35,0,kaggle
5334-AFQJB,1,2.273158691738958,0,0,1.6137012404433893,1,2,2,1,1,1,1,1,1,2,1,1,-1.3181936310507012,1789.9,0,kaggle
2754-SDJRD,0,2.273158691738958,0,0,-0.9924020376385531,1,2,1,0,0,0,2,2,2,0,1,1,1.1761636661986499,908.55,0,kaggle
9578-VRMNM,0,-0.43991649313097614,0,0,-0.6666391278783103,1,2,0,0,0,2,0,0,2,0,1,1,0.014567563082529699,1043.35,1,kaggle
1587-FKLZB,1,2.273158691738958,1,1,1.369379058123207,1,2,1,0,0,2,0,2,2,0,1,1,1.15456030519649,6822.15,1,kaggle
6140-QNRQQ,1,-0.43991649313097614,0,0,-1.2774445836787656,1,0,1,0,0,0,0,0,0,0,1,3,0.22561578210362715,71.55,1,kaggle
8963-JLGJT,1,-0.43991649313097614,0,1,-1.1960038562387048,1,0,0,2,0,2,0,0,0,0,0,3,-0.29452667894836937,157.55,0,kaggle
4307-KTUMW,1,-0.43991649313097614,1,0,0.8400143297628127,1,2,1,2,0,2,0,0,2,0,0,2,0.9684390411778845,5029.2,1,kaggle
1465-LNTLJ,1,2.273158691738958,1,0,-0.9924020376385531,1,0,0,0,0,2,2,0,2,0,1,1,-0.012021188920128179,581.7,0,kaggle
5440-FLBQG,1,2.273158691738958,1,0,1.4915401492832983,1,2,1,0,2,2,2,2,2,2,1,0,1.4503601712260603,7318.2,1,kaggle
2135-DQWAQ,0,-0.43991649313097614,0,0,-1.1145631287986442,1,0,1,0,2,0,0,2,0,0,1,3,0.682609957149311,420.45,0,kaggle
4056-QHXHZ,0,-0.43991649313097614,1,1,1.6137012404433893,1,2,1,2,0,2,2,2,2,2,0,3,1.4187860282229037,7576.7,0,kaggle
7470-MCQTK,0,-0.43991649313097614,1,0,-0.7888002190384014,0,1,0,0,0,2,0,2,2,0,1,0,-0.532163649972125,633.4,1,kaggle
7488-MXJIV,0,-0.43991649313097614,0,0,-1.1552834925186746,1,2,1,0,0,0,0,2,0,0,1,2,0.6942425361504742,321.65,1,kaggle
7401-JIXNM,0,-0.43991649313097614,1,1,0.880734693482843,1,2,0,2,2,2,2,2,2,2,0,1,0.8820255971692458,4965.0,0,kaggle
9339-FIIJL,1,-0.43991649313097614,1,0,1.6137012404433893,1,2,0,0,2,2,2,2,2,2,0,0,0.7042133181514708,6151.9,0,kaggle
2027-FECZV,1,-0.43991649313097614,0,0,-0.8295205827584317,1,2,1,0,2,2,0,2,2,0,1,2,1.393859073220412,1253.9,1,kaggle
2672-DZUOY,1,-0.43991649313097614,0,0,-1.2774445836787656,0,1,0,0,0,0,0,0,0,0,1,2,-1.3165318340505352,25.15,1,kaggle
4706-DGAHW,1,2.273158691738958,0,0,-1.2774445836787656,1,0,0,0,0,0,0,0,0,0,0,2,-0.6501512369839195,45.2,0,kaggle
3870-MQAMG,0,-0.43991649313097614,1,0,0.880734693482843,1,2,1,0,2,2,2,2,2,1,0,2,1.5151702542325387,5893.15,1,kaggle
6670-MFRPK,1,-0.43991649313097614,1,1,1.4915401492832983,1,2,1,0,0,2,0,0,0,2,1,1,0.47987072312904416,5420.65,0,kaggle
6177-PEVRA,0,-0.43991649313097614,0,0,0.6364125111626608,1,0,0,2,2,0,0,0,0,2,0,1,-0.3078210549496983,2627.35,0,kaggle
4800-CZMPC,0,-0.43991649313097614,1,1,0.6364125111626608,1,2,1,2,2,0,0,2,2,1,1,1,1.2791950802089493,5037.55,1,kaggle
4813-HQMGZ,0,-0.43991649313097614,1,0,-0.9924020376385531,1,2,1,0,0,0,2,0,2,0,1,2,0.8471278601657574,743.75,0,kaggle
7579-KKLOE,1,-0.43991649313097614,1,1,1.5729808767233588,1,2,0,2,2,2,2,2,2,2,1,3,0.8803638001690798,6589.6,0,kaggle
7377-DMMRI,1,-0.43991649313097614,0,0,-1.2367242199587352,1,0,0,2,0,0,0,0,0,0,1,2,-0.5637377929752814,92.45,1,kaggle
8402-EIVQS,1,-0.43991649313097614,1,0,1.4100994218432374,1,0,1,2,2,0,0,2,2,1,1,1,1.2010906212011416,6733.15,0,kaggle
4947-DSMXK,1,-0.43991649313097614,1,1,0.06632741908223598,1,2,1,0,2,0,0,2,2,0,1,0,1.0947356131905097,3410.0,0,kaggle
7245-NIIWQ,0,-0.43991649313097614,0,0,-1.1960038562387048,1,0,1,0,0,0,0,0,0,0,1,2,0.16911468409797886,199.85,0,kaggle
0002-ORFBO,0,-0.43991649313097614,1,1,-0.9516816739185228,1,0,0,0,2,0,2,2,0,1,1,3,0.0278619390838584,593.3,0,kaggle
3324-OIRTO,1,-0.43991649313097614,1,1,1.5729808767233588,1,0,1,2,2,2,0,2,2,1,1,0,1.325725396213601,7288.4,0,kaggle
5414-OFQCB,1,-0.43991649313097614,0,0,1.002895784642934,1,2,1,0,0,0,2,2,0,2,1,1,0.8537750481664219,5229.8,0,kaggle
4967-WPNCF,1,-0.43991649313097614,0,0,1.6137012404433893,0,1,0,2,2,2,2,2,2,2,1,0,-0.035286346922454,4464.8,0,kaggle
8552-OBVRU,0,2.273158691738958,1,1,0.6364125111626608,1,0,1,2,0,2,2,2,2,0,1,2,1.3207400052131024,5068.05,0,kaggle
8499-BRXTD,1,-0.43991649313097614,0,0,-0.5851984004382496,1,0,2,1,1,1,1,1,1,1,0,3,-1.4843733310673135,401.85,0,kaggle
9154-QDGTH,1,-0.43991649313097614,1,1,0.43281069256250915,1,2,1,0,0,2,2,2,2,1,1,1,1.3140928172124378,4451.85,0,kaggle
8197-BFWVU,0,-0.43991649313097614,1,1,1.6137012404433893,1,2,0,2,2,2,2,2,2,2,1,0,0.9468356801757247,6688.95,0,kaggle
2577-GVSIL,1,-0.43991649313097614,1,1,0.10704778280226633,1,2,0,0,0,0,2,2,2,1,1,0,0.28876406810994004,2661.1,0,kaggle
9367-OIUXP,1,-0.43991649313097614,0,0,-1.1552834925186746,1,0,2,1,1,1,1,1,1,0,0,3,-1.46443176706532,73.05,0,kaggle
6770-UAYGJ,0,-0.43991649313097614,1,1,0.6771328748826912,1,2,2,1,1,1,1,1,1,2,0,3,-1.3132082400502028,1211.65,0,kaggle
6463-HHXJR,0,-0.43991649313097614,1,1,1.5729808767233588,1,2,1,2,2,2,0,2,0,2,0,0,1.1877962451998125,7030.65,0,kaggle
7928-VJYAB,1,-0.43991649313097614,1,1,-0.8702409464784621,1,0,1,0,0,0,0,2,2,0,0,2,0.85876043916692,1020.2,0,kaggle
1187-WILMM,1,-0.43991649313097614,1,1,1.247217966963116,1,2,0,2,2,2,2,2,2,2,1,1,0.8188773111629334,5597.65,0,kaggle
9776-OJUZI,0,2.273158691738958,0,0,1.3286586944031769,1,2,1,0,2,2,0,2,0,0,1,0,1.0199547481830342,6223.3,0,kaggle
1306-RPWXZ,0,-0.43991649313097614,0,1,0.6771328748826912,1,0,2,1,1,1,1,1,1,2,0,1,-1.4727407520661506,1024.65,0,kaggle
8949-JTMAY,0,-0.43991649313097614,0,0,-0.13727439951791576,1,2,1,0,0,2,0,2,2,0,1,1,1.1246479591934997,2933.2,1,kaggle
2774-LVQUS,0,2.273158691738958,1,0,-0.7073594915983407,1,2,1,0,0,2,2,0,0,0,1,2,0.6078290921418354,1258.3,1,kaggle
3097-PYWXL,0,-0.43991649313097614,1,1,-1.1552834925186746,1,0,2,1,1,1,1,1,1,0,1,2,-1.4893587220678117,82.9,0,kaggle
2266-SJNAT,0,-0.43991649313097614,1,0,1.6137012404433893,1,2,1,0,2,2,2,2,2,1,0,1,1.475287126228552,7789.6,0,kaggle
0869-PAPRP,0,2.273158691738958,1,0,-0.2594354906780068,1,0,1,0,0,2,0,2,0,0,1,1,0.6959043331506402,2067.0,0,kaggle
4238-JSSWH,0,2.273158691738958,1,0,0.10704778280226633,1,2,1,0,0,2,0,2,2,0,0,0,1.2393119522049623,3452.55,0,kaggle
2972-YDYUW,0,-0.43991649313097614,0,0,1.002895784642934,1,2,1,0,2,0,2,0,2,1,0,2,0.9950277931805424,5468.95,0,kaggle
1104-FEJAM,1,-0.43991649313097614,1,1,-0.1779947632379461,1,2,0,0,2,0,0,0,2,0,0,2,-0.012021188920128179,1802.15,0,kaggle
2809-ILCYT,0,-0.43991649313097614,1,0,-0.30015585439803716,1,2,2,1,1,1,1,1,1,1,1,3,-1.261692533045053,733.55,0,kaggle
5499-ECUTN,0,-0.43991649313097614,1,0,0.5956921474426305,1,0,0,2,0,2,0,2,0,1,1,1,0.042818112085353605,3021.45,0,kaggle
4981-FLTMF,0,-0.43991649313097614,1,1,1.002895784642934,1,2,0,2,2,0,2,0,0,0,0,0,0.014567563082529699,3687.85,0,kaggle
9121-PHQSR,1,2.273158691738958,1,0,-0.6666391278783103,1,2,1,0,0,0,0,2,0,0,1,1,0.6743009721484804,1391.15,0,kaggle
3113-IWHLC,1,-0.43991649313097614,0,0,-1.1145631287986442,1,0,0,2,0,2,0,0,0,0,1,3,-0.29785027294870164,274.35,0,kaggle
3211-ILJTT,1,-0.43991649313097614,1,0,-0.62591876415828,1,0,1,0,0,0,0,0,0,0,1,0,0.1873944510998066,1214.05,1,kaggle
4612-THJBS,0,2.273158691738958,0,0,0.9621754209229036,1,2,1,0,2,2,0,2,2,1,1,0,1.329048990213933,5510.65,1,kaggle
4277-BWBML,1,-0.43991649313097614,1,1,1.6137012404433893,1,0,2,1,1,1,1,1,1,2,0,0,-1.4893587220678117,1322.85,0,kaggle
4094-NSEDU,0,2.273158691738958,0,0,-0.46303730927815856,1,2,1,0,0,0,0,2,2,0,1,2,0.9800716201790471,1973.75,1,kaggle
0234-TEVTT,0,-0.43991649313097614,1,1,0.6364125111626608,0,1,0,2,0,2,0,0,2,1,0,1,-0.6567984249845842,2196.3,0,kaggle
4304-TSPVK,0,-0.43991649313097614,1,0,1.4508197855632678,1,2,1,2,2,2,2,2,2,2,0,0,1.6663937812476561,7843.55,0,kaggle
1552-AAGRX,0,-0.43991649313097614,0,0,-0.0965540357978854,1,2,1,2,0,0,2,2,2,0,0,0,1.3838882912194153,3211.9,0,kaggle
2637-FKFSY,0,-0.43991649313097614,1,0,-1.1960038562387048,1,0,0,0,0,0,0,0,0,0,1,3,-0.6202388909809294,130.15,0,kaggle
9796-MVYXX,0,2.273158691738958,0,0,-0.748079855318371,0,1,0,2,0,2,2,0,0,2,0,3,-0.8329489070021932,692.35,0,kaggle
7874-ECPQJ,0,-0.43991649313097614,0,1,-1.1552834925186746,1,0,2,1,1,1,1,1,1,0,1,0,-1.4860351280674797,85.5,0,kaggle
0020-INWCK,0,-0.43991649313097614,1,1,1.5729808767233588,1,2,1,0,2,2,0,0,2,2,1,1,1.0299255301840309,6849.4,0,kaggle
7089-RKVSZ,1,-0.43991649313097614,1,1,-0.9924020376385531,1,2,2,1,1,1,1,1,1,1,0,3,-1.341458789053027,203.95,0,kaggle
2683-JXWQQ,1,-0.43991649313097614,1,1,1.1657772395230555,0,1,0,2,0,2,0,0,0,0,0,0,-1.03568814102246,2117.2,0,kaggle
9548-ZMVTX,1,-0.43991649313097614,1,1,1.6137012404433893,1,2,1,0,2,2,2,0,0,2,0,0,0.8537750481664219,6565.85,0,kaggle
8739-XNIKG,0,-0.43991649313097614,0,0,-1.1145631287986442,1,2,1,0,0,0,0,2,0,0,1,2,0.6394032351449919,424.75,0,kaggle
9755-JHNMN,0,-0.43991649313097614,0,0,0.6771328748826912,1,0,0,2,2,2,2,0,0,2,0,0,0.0876866310898392,3306.85,0,kaggle
3981-QSVQI,1,-0.43991649313097614,0,0,-0.9924020376385531,1,0,2,1,1,1,1,1,1,0,1,0,-1.4976677070686424,168.9,0,kaggle
2789-HQBOU,1,-0.43991649313097614,0,0,-1.1960038562387048,1,0,1,0,0,0,0,0,2,0,1,2,0.5180920541328647,253.8,0,kaggle
9424-CMPOG,1,-0.43991649313097614,1,1,-0.9516816739185228,1,0,2,1,1,1,1,1,1,2,0,3,-1.5009913010689746,197.4,0,kaggle
5067-WJEUN,1,-0.43991649313097614,1,1,1.4100994218432374,1,0,0,2,2,0,0,0,0,2,1,0,-0.3510277769540174,3838.2,0,kaggle
3450-WXOAT,1,-0.43991649313097614,0,0,0.5549717837226001,1,0,0,0,0,0,0,0,0,0,1,1,-0.6501512369839195,2065.15,0,kaggle
9251-WNSOD,0,-0.43991649313097614,1,0,1.4100994218432374,1,2,0,2,2,2,0,0,2,1,0,3,0.3436033691154218,5064.45,0,kaggle
6974-DAFLI,0,-0.43991649313097614,1,0,0.9214550572028734,1,0,2,1,1,1,1,1,1,1,0,2,-1.4976677070686424,1140.05,0,kaggle
2616-UUTFK,1,-0.43991649313097614,1,0,0.025607055362205634,1,2,0,2,2,2,0,2,0,0,1,0,0.2654989101076142,2447.45,0,kaggle
7064-JHXCE,1,-0.43991649313097614,1,1,1.2064976032430856,1,0,2,1,1,1,1,1,1,2,0,1,-1.4860351280674797,1263.9,0,kaggle
5103-MHMHY,0,-0.43991649313097614,0,1,-1.2774445836787656,1,0,0,0,0,0,0,0,0,0,0,3,-0.6252242819814278,45.95,1,kaggle
7989-AWGEH,1,-0.43991649313097614,1,1,0.6771328748826912,0,1,0,2,0,0,0,0,2,0,1,2,-0.8495668770038544,1838.15,0,kaggle
4373-VVHQL,1,-0.43991649313097614,0,0,-1.2774445836787656,1,0,0,0,0,0,0,0,0,0,1,2,-0.6651074099854147,44.75,0,kaggle
4559-UWIHT,1,-0.43991649313097614,1,0,-0.748079855318371,1,2,1,0,2,2,0,0,0,0,1,2,0.5945347161405068,1185.0,0,kaggle
7268-IGMFD,1,2.273158691738958,0,0,-0.5851984004382496,1,2,1,0,0,2,2,2,0,0,0,0,0.9684390411778845,1743.9,0,kaggle
1846-XWOQN,0,2.273158691738958,0,0,-1.2774445836787656,1,0,1,0,0,0,0,0,0,0,1,2,0.179085466098976,70.15,1,kaggle
0235-KGSLC,0,-0.43991649313097614,0,0,-1.2774445836787656,1,0,1,0,0,2,0,2,0,0,1,1,0.6909189421501416,85.55,1,kaggle
6650-BWFRT,0,-0.43991649313097614,1,0,1.6137012404433893,1,2,1,2,2,2,2,2,2,2,1,1,1.7411746462551319,8529.5,0,kaggle
9570-KYEUA,1,-0.43991649313097614,0,0,1.2879383306831464,1,2,1,2,0,2,2,0,2,2,0,1,1.1462513201956595,6549.45,0,kaggle
6993-YGFJV,1,-0.43991649313097614,1,0,1.4915401492832983,1,2,1,2,2,2,2,2,2,2,1,0,1.5882893222398482,7806.5,0,kaggle
2712-SYWAY,0,-0.43991649313097614,0,0,-1.2774445836787656,1,2,2,1,1,1,1,1,1,0,1,2,-1.2982520670487077,25.7,0,kaggle
0730-BGQGF,1,-0.43991649313097614,1,1,1.5729808767233588,1,2,0,2,2,2,2,2,2,2,0,1,0.8487896571659234,6287.3,0,kaggle
5498-IBWPI,0,-0.43991649313097614,1,1,1.369379058123207,1,0,0,0,0,0,2,0,0,1,1,1,-0.5105602889699654,3251.85,0,kaggle
9101-NTIXF,1,-0.43991649313097614,0,0,-1.2367242199587352,1,0,2,1,1,1,1,1,1,0,0,3,-1.5076384890696393,50.6,0,kaggle
0013-SMEOE,0,2.273158691738958,1,0,1.5729808767233588,1,0,1,2,2,2,2,2,2,2,1,0,1.4935668932303794,7904.25,0,kaggle
9314-QDMDW,1,-0.43991649313097614,0,0,-0.8702409464784621,1,0,0,0,2,0,0,2,0,1,1,2,-0.11671439993059413,729.95,0,kaggle
9308-ANMVE,1,-0.43991649313097614,0,1,0.5956921474426305,1,0,0,2,2,0,0,0,0,0,1,2,-0.31446824295036285,2654.05,0,kaggle
2884-GBPFB,0,-0.43991649313097614,1,0,0.10704778280226633,1,0,1,0,0,0,0,0,0,0,1,2,0.18407085709947407,2416.55,1,kaggle
3757-NJYBX,1,2.273158691738958,1,0,-0.015113308357824713,1,2,1,0,2,2,0,2,2,0,0,0,1.3822264942192488,3520.75,1,kaggle
3413-DHLPB,1,-0.43991649313097614,1,1,1.125056875803025,1,2,1,0,2,0,2,2,2,0,1,0,1.2958130502106107,5969.95,0,kaggle
7649-PHJVR,1,-0.43991649313097614,0,0,-0.8702409464784621,1,0,2,1,1,1,1,1,1,1,0,3,-1.504314895069307,226.8,0,kaggle
6114-TCFID,0,-0.43991649313097614,0,0,-0.13727439951791576,0,1,0,2,2,0,2,0,0,1,0,1,-0.8395960950028577,1082.75,0,kaggle
3787-TRIAL,1,-0.43991649313097614,1,1,-0.46303730927815856,0,1,0,0,0,0,0,0,0,0,1,2,-1.286619488047545,565.75,0,kaggle
2573-GYRUU,1,2.273158691738958,1,0,0.6364125111626608,1,2,1,0,0,2,0,0,2,0,1,1,0.8737166121684152,4370.75,0,kaggle
5156-UMKOW,0,-0.43991649313097614,0,1,-1.1960038562387048,0,1,0,0,2,0,0,0,0,0,0,3,-1.166970104035584,90.05,0,kaggle
1247-QBVSH,0,-0.43991649313097614,1,1,0.43281069256250915,1,0,0,0,2,0,0,0,0,0,0,3,-0.48397153696730727,2169.4,0,kaggle
6734-GMPVK,1,-0.43991649313097614,0,0,-1.1145631287986442,1,2,1,0,2,2,0,2,2,0,0,2,1.3473287572157604,550.6,0,kaggle
9822-OAOVB,0,-0.43991649313097614,0,0,-1.2774445836787656,1,0,0,0,0,0,0,0,2,0,1,2,-0.3094828519498643,55.45,0,kaggle
6161-ERDGD,1,-0.43991649313097614,1,1,1.5729808767233588,1,2,0,2,0,2,2,2,2,1,0,2,0.6875953481498096,6300.85,0,kaggle
1226-JZNKR,0,-0.43991649313097614,1,1,-0.9924020376385531,1,0,2,1,1,1,1,1,1,1,0,2,-1.4943441130683104,160.05,0,kaggle
7318-EIVKO,1,-0.43991649313097614,0,0,-0.9924020376385531,1,2,0,0,0,0,0,2,0,0,1,2,-0.18318627993723904,436.6,0,kaggle
3771-PZOBW,1,-0.43991649313097614,0,0,-0.5037576729981889,1,2,1,0,0,2,0,2,0,0,1,1,0.8620840331672525,1781.35,0,kaggle
5136-KCKGI,0,-0.43991649313097614,1,1,0.025607055362205634,1,2,1,2,0,2,0,2,2,1,1,3,1.2941512532104444,3467.0,1,kaggle
8231-BSWXX,1,-0.43991649313097614,0,0,1.5729808767233588,1,2,1,0,2,0,0,0,0,1,1,1,0.4748853321285456,5552.5,0,kaggle
6486-LHTMA,0,2.273158691738958,1,0,-0.055833672077855064,1,2,1,0,0,2,0,2,0,1,1,2,0.8620840331672525,2835.5,0,kaggle
4083-BFNYK,0,2.273158691738958,1,0,0.22920887396235737,1,2,1,2,2,0,0,0,2,1,0,1,1.0049985751815391,3591.25,0,kaggle
3722-WPXTK,1,-0.43991649313097614,0,0,-1.2774445836787656,1,0,1,0,0,0,0,2,2,0,1,2,0.7839795741594444,88.35,1,kaggle
7389-KBFIT,0,-0.43991649313097614,1,1,-1.2367242199587352,0,1,0,0,2,0,0,0,0,0,1,3,-1.1470285400335904,63.75,0,kaggle
7176-WIONM,0,-0.43991649313097614,1,0,-0.8295205827584317,0,1,0,0,0,2,0,2,2,0,1,0,-0.49560411596847015,617.15,0,kaggle
5141-ZUVBH,0,-0.43991649313097614,0,1,-0.9516816739185228,1,0,1,2,0,2,2,0,2,0,0,0,0.9385266951748941,870.25,0,kaggle
1089-HDMKP,1,2.273158691738958,0,1,-0.8702409464784621,1,0,0,0,2,0,2,0,0,0,1,2,-0.3393951979528547,601.25,0,kaggle
7623-HKYRK,1,-0.43991649313097614,0,1,-1.0738427650786138,1,0,2,1,1,1,1,1,1,0,0,3,-1.4976677070686424,111.65,0,kaggle
0310-SUCIN,0,-0.43991649313097614,1,0,1.5729808767233588,1,0,0,2,2,2,2,2,2,1,1,0,0.6659919871476498,6046.1,0,kaggle
5197-PYEPU,0,-0.43991649313097614,1,1,0.3920903288424788,1,2,1,2,2,0,0,2,0,1,1,1,0.9867188081797118,3923.8,0,kaggle
2929-ERCFZ,0,-0.43991649313097614,1,1,-0.9924020376385531,1,0,1,0,0,2,0,2,2,0,1,2,0.9784098231788811,777.3,1,kaggle
7548-SEPYI,0,-0.43991649313097614,0,0,-1.1145631287986442,1,0,1,0,2,0,0,2,2,0,1,2,1.0465435001856922,512.45,1,kaggle
8835-VSDSE,0,-0.43991649313097614,1,0,-1.2367242199587352,1,0,1,0,0,0,0,0,0,0,1,2,0.19736523310080326,141.45,1,kaggle
6619-RPLQZ,0,-0.43991649313097614,1,1,0.5142514200025698,1,0,2,1,1,1,1,1,1,2,0,3,-1.4594463760648215,892.15,0,kaggle
3275-RHRNE,1,-0.43991649313097614,1,1,-0.1779947632379461,0,1,0,0,2,2,2,2,2,1,1,1,-0.1582593249347472,1682.05,0,kaggle
3503-TYDAY,0,-0.43991649313097614,1,0,0.43281069256250915,1,2,1,0,2,0,0,0,0,0,0,2,0.5214156481331973,3398.9,0,kaggle
6901-GOGZG,1,-0.43991649313097614,0,1,1.125056875803025,1,2,0,2,0,2,2,2,2,2,1,2,0.6709773781481484,4984.85,0,kaggle
1623-NLDOT,0,-0.43991649313097614,1,0,0.3920903288424788,0,1,0,0,2,0,2,0,0,1,0,3,-1.0373499380226265,1445.3,1,kaggle
7021-XSNYE,1,-0.43991649313097614,1,1,-1.0331224013585834,0,1,0,2,0,2,2,0,2,2,0,1,-0.5022513039691348,305.55,0,kaggle
9621-OUPYD,0,-0.43991649313097614,1,0,-0.30015585439803716,1,0,2,1,1,1,1,1,1,1,1,0,-1.481049737066981,507.9,0,kaggle
9898-KZQDZ,0,2.273158691738958,1,1,0.3106496014024181,1,2,1,0,0,0,0,2,2,0,1,1,0.9900424021800438,3640.45,1,kaggle
8982-NHAVY,1,-0.43991649313097614,0,0,-0.21871512695797646,1,2,1,0,0,2,0,2,2,1,1,0,1.1877962451998125,2673.45,0,kaggle
4307-KWMXE,1,-0.43991649313097614,0,0,-0.9109613101984924,0,1,0,0,2,0,2,0,0,0,0,2,-0.9642308700153169,389.8,0,kaggle
0141-YEAYS,0,2.273158691738958,0,0,-0.21871512695797646,1,2,1,0,2,2,0,0,0,0,1,0,0.720831288153132,2401.05,0,kaggle
2450-ZKEED,0,-0.43991649313097614,0,0,-0.8702409464784621,1,0,0,0,0,2,2,0,0,1,0,0,-0.3643221529553466,651.55,0,kaggle
3694-DELSO,1,-0.43991649313097614,1,1,-1.1552834925186746,0,1,0,2,0,0,0,2,0,0,0,1,-0.8711702380060141,156.1,0,kaggle
3893-JRNFS,1,-0.43991649313097614,0,0,1.4508197855632678,0,1,0,0,0,2,0,0,2,0,1,0,-0.8263017190015288,2796.35,0,kaggle
9603-OAIHC,1,2.273158691738958,0,0,-1.2774445836787656,1,0,1,0,0,0,0,0,0,0,1,2,0.17576187209864347,70.05,0,kaggle
1133-KXCGE,0,-0.43991649313097614,0,0,-0.5851984004382496,1,0,2,1,1,1,1,1,1,1,0,3,-1.4843733310673135,407.05,0,kaggle
5236-PERKL,0,-0.43991649313097614,0,0,1.002895784642934,1,2,1,2,2,2,0,2,2,2,1,0,1.6015836982411773,6465.0,1,kaggle
0142-GVYSN,1,-0.43991649313097614,0,0,-0.2594354906780068,1,0,2,1,1,1,1,1,1,0,1,2,-1.477726143066649,511.25,0,kaggle
1049-FYSYG,0,-0.43991649313097614,1,0,-0.62591876415828,0,1,0,0,2,2,0,0,0,0,1,1,-0.9675544640156493,646.05,0,kaggle
7854-FOKSF,1,-0.43991649313097614,0,0,-1.2774445836787656,0,1,0,0,0,0,0,0,2,0,0,2,-0.9592454790148186,35.9,1,kaggle
2519-FAKOD,1,-0.43991649313097614,0,1,0.22920887396235737,1,2,1,0,0,2,0,2,2,0,1,0,1.1462513201956595,3777.15,1,kaggle
8406-LNMHF,1,2.273158691738958,1,0,1.0843365120829946,1,0,1,2,2,2,0,0,0,1,1,1,0.6045054981415035,4903.15,0,kaggle
1821-BUCWY,1,-0.43991649313097614,0,0,-0.0965540357978854,1,0,0,2,0,2,0,0,0,2,1,3,-0.3028356639492,1653.85,0,kaggle
8263-JQAIK,1,2.273158691738958,0,0,-1.2367242199587352,0,1,0,0,0,0,0,0,0,0,1,3,-1.3397969920528607,47.5,1,kaggle
0023-UYUPN,0,2.273158691738958,1,0,0.7178532386027215,1,2,2,1,1,1,1,1,1,1,0,2,-1.3148700370503688,1306.3,0,kaggle
8314-DPQHL,1,-0.43991649313097614,0,0,-0.9516816739185228,0,1,0,2,0,2,2,0,2,1,0,3,-0.46402997296531395,463.6,0,kaggle
1465-WCZVT,0,-0.43991649313097614,1,1,-1.1960038562387048,1,0,2,1,1,1,1,1,1,0,0,3,-1.4993295040688086,60.65,0,kaggle
9481-SFCQY,0,-0.43991649313097614,0,1,-0.748079855318371,1,0,0,0,0,2,0,2,0,0,1,1,-0.16490651293541178,824.85,0,kaggle
6360-SVNWV,0,2.273158691738958,0,0,-0.055833672077855064,1,0,1,2,0,0,0,0,0,0,1,1,0.2920876621102721,2094.65,0,kaggle
0567-GGCAC,0,-0.43991649313097614,0,0,-1.0331224013585834,1,0,0,2,2,2,0,0,0,0,0,2,-0.11172900893009581,438.9,0,kaggle
7089-IVVAZ,0,-0.43991649313097614,0,0,-0.9924020376385531,1,2,1,2,0,0,2,2,2,0,1,0,1.2825186742092813,847.3,1,kaggle
8884-MRNSU,1,-0.43991649313097614,1,1,-0.62591876415828,1,0,2,1,1,1,1,1,1,1,0,0,-1.491020519067978,329.75,0,kaggle
2171-UDMFD,1,-0.43991649313097614,1,1,-0.015113308357824713,1,0,2,1,1,1,1,1,1,0,1,1,-1.505976692069473,674.55,0,kaggle
9050-IKDZA,0,2.273158691738958,0,0,-1.2367242199587352,1,0,1,0,0,0,0,2,0,0,0,3,0.5563133851366857,162.55,0,kaggle
2205-YMZZJ,1,2.273158691738958,0,0,-1.0331224013585834,1,2,1,0,0,0,0,2,0,0,1,2,0.6659919871476498,546.95,1,kaggle
9802-CAQUT,0,-0.43991649313097614,1,1,1.6137012404433893,1,2,1,2,2,2,0,2,2,2,0,1,1.4885815022298807,7887.25,0,kaggle
1254-IZEYF,0,2.273158691738958,0,0,-0.055833672077855064,1,2,1,0,2,0,0,2,2,0,1,2,1.1695164781979852,3186.65,1,kaggle
0187-WZNAB,0,-0.43991649313097614,1,1,-0.21871512695797646,1,0,1,2,0,0,0,0,0,0,0,3,0.32033821111309646,1972.35,0,kaggle
9492-TOKRI,0,-0.43991649313097614,0,0,-0.5851984004382496,1,2,1,0,2,0,0,2,0,0,1,1,0.8388188751649267,1527.35,1,kaggle
1475-VWVDO,1,-0.43991649313097614,0,0,-1.0331224013585834,1,0,1,0,0,2,0,0,0,0,1,2,0.33695618111475767,490.55,0,kaggle
9221-OTIVJ,0,2.273158691738958,0,0,-0.748079855318371,1,2,1,0,2,2,0,2,2,0,1,2,1.332372584214265,1531.4,1,kaggle
1357-MVDOZ,1,-0.43991649313097614,1,1,-0.8702409464784621,1,0,0,0,0,2,0,2,0,0,1,0,-0.1698919039359101,683.25,0,kaggle
7602-MVRMB,0,-0.43991649313097614,1,1,1.6137012404433893,1,2,1,2,0,2,2,2,2,2,1,0,1.5184938482328711,8058.85,0,kaggle
3325-FUYCG,1,-0.43991649313097614,1,1,-0.1779947632379461,1,2,1,2,2,0,0,2,2,1,0,2,1.3739175092184182,2847.4,1,kaggle
5908-QMGOE,1,2.273158691738958,0,0,-0.7073594915983407,1,2,1,0,0,0,0,0,0,0,1,1,0.31369102311243185,1133.9,1,kaggle
1197-BVMVG,0,2.273158691738958,0,0,-1.1552834925186746,1,2,1,0,0,0,0,0,0,0,1,2,0.32200000811326246,294.45,0,kaggle
5406-KGRMX,0,-0.43991649313097614,0,0,1.5729808767233588,1,2,2,1,1,1,1,1,1,2,0,2,-1.3364733980525287,1719.15,0,kaggle
8481-YYXWG,0,-0.43991649313097614,0,0,-1.1145631287986442,1,0,1,0,2,0,2,0,2,0,1,2,0.8172155141627669,461.7,1,kaggle
5968-HYJRZ,1,-0.43991649313097614,1,1,0.5956921474426305,1,2,2,1,1,1,1,1,1,2,0,3,-1.3364733980525287,1160.45,0,kaggle
5198-EFNBM,1,2.273158691738958,1,0,1.002895784642934,1,0,1,0,2,2,0,2,0,1,1,2,0.8604222361670865,5199.8,0,kaggle
7516-GMHUV,1,2.273158691738958,1,0,0.7178532386027215,1,2,1,2,0,2,0,2,2,2,1,1,1.3390197722149297,5163.3,0,kaggle
7140-ADSMJ,1,-0.43991649313097614,0,0,-0.9924020376385531,1,0,2,1,1,1,1,1,1,0,1,1,-1.4727407520661506,162.3,0,kaggle
2230-XTUWL,0,-0.43991649313097614,1,1,0.6364125111626608,1,0,2,1,1,1,1,1,1,2,0,3,-1.502653098069141,883.35,0,kaggle
7706-YLMQA,0,-0.43991649313097614,0,0,1.5322605130033284,1,0,2,1,1,1,1,1,1,1,0,0,-1.4976677070686424,1341.5,0,kaggle
2585-KTFRE,1,-0.43991649313097614,0,1,-1.2774445836787656,1,0,0,2,2,0,2,0,2,0,1,0,0.18905624809997262,70.45,0,kaggle
7994-UYIVZ,1,-0.43991649313097614,1,0,-0.9924020376385531,1,2,1,0,0,0,0,0,2,0,1,0,0.6942425361504742,659.45,0,kaggle
2609-IAICY,0,-0.43991649313097614,0,0,-1.2774445836787656,1,2,1,0,0,0,0,0,0,0,1,2,0.4117370461222332,77.15,1,kaggle
1740-CSDJP,1,-0.43991649313097614,0,0,-1.2774445836787656,0,1,0,0,0,0,0,0,2,0,1,0,-0.9808488400169781,35.25,1,kaggle
7717-BICXI,1,-0.43991649313097614,1,1,1.125056875803025,1,0,2,1,1,1,1,1,1,2,0,3,-1.4694171580658184,1205.05,0,kaggle
6559-RAKOZ,1,-0.43991649313097614,1,1,0.6771328748826912,1,2,1,0,0,0,2,2,2,1,1,2,1.1030445981913404,4917.9,0,kaggle
2636-OHFMN,1,-0.43991649313097614,1,0,-1.1552834925186746,0,1,0,0,2,0,0,2,2,0,1,2,-0.5388108379727895,201.0,1,kaggle
4716-MRVEN,0,-0.43991649313097614,0,0,-0.13727439951791576,1,0,2,1,1,1,1,1,1,1,0,3,-1.4876969250676457,599.3,0,kaggle
2143-LJULT,0,-0.43991649313097614,1,0,1.4100994218432374,1,2,2,1,1,1,1,1,1,2,1,1,-1.3132082400502028,1733.15,0,kaggle
1323-OOEPC,0,-0.43991649313097614,1,0,0.8400143297628127,1,2,1,0,2,0,0,2,2,0,1,1,1.1180007711928355,5149.5,1,kaggle
3200-MNQTF,1,-0.43991649313097614,1,0,1.4100994218432374,1,2,0,2,2,2,2,0,0,2,0,1,0.20401242110146783,4677.1,0,kaggle
6164-HXUGH,0,-0.43991649313097614,1,1,-1.0738427650786138,1,0,2,1,1,1,1,1,1,0,0,3,-1.4926823160681442,119.3,0,kaggle
5630-IXDXV,0,-0.43991649313097614,0,0,0.5956921474426305,1,2,1,0,2,2,0,2,2,0,1,2,1.3822264942192488,4849.1,0,kaggle
0320-DWVTU,0,-0.43991649313097614,0,0,0.8400143297628127,1,0,1,2,2,2,2,0,2,2,0,3,1.15456030519649,5424.25,0,kaggle
9135-MGVPY,1,-0.43991649313097614,1,0,1.4915401492832983,1,0,0,2,2,2,2,2,2,2,1,3,0.6626683931473177,5878.9,0,kaggle
1212-GLHMD,1,-0.43991649313097614,0,0,-1.1960038562387048,1,0,1,2,0,0,0,0,2,0,1,3,0.7075369121518029,244.85,0,kaggle
7878-JGDKK,1,-0.43991649313097614,0,0,-1.1552834925186746,1,0,0,0,0,0,0,0,0,0,0,3,-0.6717545979860794,220.75,0,kaggle
1088-AUUZZ,1,-0.43991649313097614,1,1,0.9621754209229036,1,2,0,2,2,0,2,0,2,2,1,1,0.36853032411791364,4261.2,0,kaggle
0397-GZBBC,1,2.273158691738958,1,0,1.0843365120829946,1,2,1,0,0,0,0,2,2,0,1,0,0.966777244177718,5574.75,1,kaggle
6614-YWYSC,1,2.273158691738958,1,0,1.1657772395230555,1,2,2,1,1,1,1,1,1,2,0,0,-1.3215172250510334,1501.75,0,kaggle
9588-OZDMQ,0,-0.43991649313097614,1,0,-1.2367242199587352,1,0,0,0,0,0,0,0,0,0,1,2,-0.6567984249845842,89.75,0,kaggle
7641-EUYET,1,2.273158691738958,1,1,0.5549717837226001,1,2,1,2,2,2,0,2,0,0,1,2,1.1944434332004772,4541.2,1,kaggle
6476-EPYZR,1,-0.43991649313097614,1,1,-0.8295205827584317,1,0,2,1,1,1,1,1,1,0,0,3,-1.4710789550659844,255.5,0,kaggle
9921-ZVRHG,0,-0.43991649313097614,0,0,-0.748079855318371,1,2,1,0,0,2,0,0,0,0,1,2,0.5214156481331973,1072.0,1,kaggle
1174-FGIFN,0,-0.43991649313097614,1,1,-0.1779947632379461,1,2,1,0,0,0,2,0,2,1,1,2,0.8537750481664219,2509.25,0,kaggle
6620-HVDUJ,1,-0.43991649313097614,0,0,-0.3408762181180675,1,0,0,2,2,0,2,0,0,0,0,0,-0.143303151933252,1440.75,0,kaggle
4701-MLJPN,1,-0.43991649313097614,0,0,-0.055833672077855064,1,0,0,0,0,2,2,0,0,0,1,2,-0.3161300399505289,1715.65,1,kaggle
1032-MAELW,0,-0.43991649313097614,1,1,1.4508197855632678,1,2,0,2,2,2,2,0,2,1,1,2,0.45494376812655235,5333.35,0,kaggle
7641-TQFHN,1,-0.43991649313097614,0,1,0.26992923768238775,1,2,1,0,0,0,2,2,2,2,0,3,1.1894580421999785,3895.35,0,kaggle
1552-TKMXS,0,-0.43991649313097614,1,0,0.3920903288424788,1,0,2,1,1,1,1,1,1,0,0,1,-1.4760643460664828,869.9,0,kaggle
9206-GVPEQ,1,-0.43991649313097614,1,0,-0.7888002190384014,0,1,0,2,0,0,2,2,2,0,1,2,-0.3427187919531868,706.85,1,kaggle
8622-ZLFKO,0,-0.43991649313097614,1,0,-1.0738427650786138,1,2,1,0,2,0,0,0,2,0,1,2,0.8637458301674186,512.25,0,kaggle
1596-BBVTG,1,-0.43991649313097614,0,0,0.10704778280226633,1,2,1,0,0,0,0,0,0,0,0,1,0.35191235411625243,2636.05,1,kaggle
6188-UXBBR,0,-0.43991649313097614,1,0,0.22920887396235737,1,0,2,1,1,1,1,1,1,1,1,1,-1.479387940066815,814.75,0,kaggle
2333-KWEWW,1,-0.43991649313097614,0,0,-0.5851984004382496,1,0,2,1,1,1,1,1,1,2,0,1,-1.4860351280674797,388.6,0,kaggle
5702-SKUOB,0,-0.43991649313097614,1,0,-1.1552834925186746,1,0,2,1,1,1,1,1,1,0,0,3,-1.5009913010689746,93.45,0,kaggle
1134-YWTYF,1,-0.43991649313097614,1,0,-0.21871512695797646,1,0,0,0,2,0,2,0,0,0,1,2,-0.3643221529553466,1389.85,0,kaggle
6061-GWWAV,1,-0.43991649313097614,0,1,0.35136996512244845,1,0,0,2,2,2,0,2,0,1,0,3,0.18074726309914202,2894.55,0,kaggle
0679-TDGAK,1,-0.43991649313097614,1,1,0.7178532386027215,1,0,0,2,0,0,2,2,2,1,0,2,0.356897745116751,4025.6,0,kaggle
6585-WCEWR,1,-0.43991649313097614,1,1,1.6137012404433893,1,0,2,1,1,1,1,1,1,2,0,2,-1.4760643460664828,1354.4,0,kaggle
9067-YGSCA,0,-0.43991649313097614,0,0,1.5322605130033284,1,2,2,1,1,1,1,1,1,1,0,1,-1.286619488047545,1856.4,0,kaggle
9067-SQTNS,1,-0.43991649313097614,1,1,0.47353105628253944,1,0,2,1,1,1,1,1,1,1,0,0,-1.4677553610656522,926.0,0,kaggle
8433-WXGNA,1,-0.43991649313097614,0,0,-1.2367242199587352,1,0,1,2,0,0,0,0,0,0,1,2,0.36354493311741554,189.2,1,kaggle
1776-SPBWV,0,-0.43991649313097614,1,1,0.06632741908223598,1,0,2,1,1,1,1,1,1,1,1,0,-1.4843733310673135,682.1,0,kaggle
8735-SDUFN,0,2.273158691738958,1,0,1.6137012404433893,1,2,2,1,1,1,1,1,1,2,0,0,-1.3447823830533592,1778.7,0,kaggle
9668-PUGNU,1,-0.43991649313097614,1,0,1.5729808767233588,1,2,2,1,1,1,1,1,1,2,1,2,-1.3381351950526947,1816.2,0,kaggle
9405-GPBBG,0,-0.43991649313097614,0,0,1.2879383306831464,1,2,1,0,2,2,2,2,2,2,1,1,1.5201556452330371,7069.25,0,kaggle
1926-QUZNN,0,-0.43991649313097614,1,0,1.6137012404433893,1,2,2,1,1,1,1,1,1,2,1,0,-1.3132082400502028,1841.2,0,kaggle
3707-GNWHM,1,-0.43991649313097614,0,0,-1.2774445836787656,1,2,1,0,0,0,0,0,0,0,1,3,0.3153528201125979,74.25,1,kaggle
7016-NVRIC,1,2.273158691738958,1,0,-0.13727439951791576,1,0,1,2,0,2,0,0,2,1,0,0,0.8421424691652587,2656.7,0,kaggle
5829-NVSQN,0,-0.43991649313097614,1,0,-0.38159658183809786,1,0,0,2,0,2,2,0,2,1,1,0,0.13255515009432434,1689.45,0,kaggle
9565-AXSMR,1,-0.43991649313097614,1,1,0.7992939660427822,1,0,2,1,1,1,1,1,1,2,0,3,-1.5142856770703037,1054.75,0,kaggle
8922-LIEGH,0,2.273158691738958,0,0,-0.30015585439803716,1,2,1,0,2,0,0,0,2,0,1,2,0.82884809316393,2187.55,1,kaggle
8869-LIHMK,0,-0.43991649313097614,0,0,1.2879383306831464,1,2,1,2,2,2,2,2,2,2,1,0,1.6730409692483204,7334.05,0,kaggle
8245-UMPYT,0,2.273158691738958,0,0,-0.6666391278783103,1,2,1,0,0,0,0,2,2,0,1,2,1.0515288911861906,1581.2,1,kaggle
5186-SAMNZ,1,2.273158691738958,0,0,-1.2774445836787656,1,0,1,0,0,0,0,0,0,0,1,0,0.1574821050968162,69.5,1,kaggle
0447-RXSGD,1,-0.43991649313097614,0,0,-0.3408762181180675,1,2,1,0,2,0,0,2,2,0,1,0,1.1595456961969886,2404.85,0,kaggle
4927-WWOOZ,1,-0.43991649313097614,1,0,-1.2367242199587352,1,2,1,0,0,2,0,2,0,0,1,2,0.8870109881697443,171.45,0,kaggle
5788-YPOEG,0,-0.43991649313097614,1,1,0.06632741908223598,1,0,0,2,2,2,2,2,2,2,0,3,0.6643301901474837,2839.45,0,kaggle
5373-SFODM,1,2.273158691738958,1,0,0.14776814652229667,1,2,1,0,0,0,0,0,2,0,1,1,0.6809481601491449,3132.75,1,kaggle
0661-KBKPA,1,-0.43991649313097614,1,1,0.8400143297628127,1,2,0,0,0,2,2,2,2,1,1,3,0.464914550127549,3942.45,0,kaggle
9081-WWXKP,0,-0.43991649313097614,1,1,0.5956921474426305,1,0,2,1,1,1,1,1,1,2,0,1,-1.479387940066815,873.4,0,kaggle
0784-ZQJZX,1,-0.43991649313097614,0,1,1.6137012404433893,1,0,2,1,1,1,1,1,1,2,0,1,-1.491020519067978,1529.65,0,kaggle
3133-PZNSR,1,-0.43991649313097614,1,1,1.6137012404433893,1,2,1,2,2,0,2,0,2,2,1,1,1.0963974101906757,6991.6,0,kaggle
5766-ZJYBB,1,-0.43991649313097614,0,0,-1.2774445836787656,1,0,2,1,1,1,1,1,1,0,0,3,-1.5076384890696393,19.4,1,kaggle
8931-GJJIQ,0,-0.43991649313097614,0,0,-0.9516816739185228,1,2,1,0,0,0,0,0,2,0,1,2,0.6161380771426661,803.3,1,kaggle
4277-PVRAN,0,-0.43991649313097614,0,0,-0.9924020376385531,1,0,1,0,0,0,0,2,0,0,1,0,0.5097830691320341,679.3,1,kaggle
0022-TCJCI,1,2.273158691738958,0,0,0.5142514200025698,1,0,0,2,0,2,0,0,2,1,0,1,-0.06852228692577646,2791.5,1,kaggle
0722-SVSFK,0,-0.43991649313097614,0,0,-1.0331224013585834,1,0,1,0,0,2,2,2,2,0,1,2,1.1844726511994805,715.0,0,kaggle
3612-YVGSJ,0,-0.43991649313097614,1,0,1.5729808767233588,1,2,2,1,1,1,1,1,1,2,1,1,-1.3397969920528607,1681.6,0,kaggle
9825-YCXWZ,0,2.273158691738958,0,0,0.35136996512244845,1,0,1,0,0,2,2,2,2,1,1,0,1.2077378092018058,4016.2,0,kaggle
5397-NSKQG,1,-0.43991649313097614,1,1,1.4100994218432374,0,1,0,2,0,0,0,2,2,2,0,1,-0.4607063789649817,3281.65,0,kaggle
8565-HBFNN,1,-0.43991649313097614,1,0,1.4915401492832983,1,2,1,2,2,2,2,0,2,1,1,1,1.4104770432220732,7317.1,0,kaggle
2000-DHJUY,0,2.273158691738958,1,0,1.5322605130033284,1,2,0,2,2,2,2,2,2,2,1,0,0.9119379431722362,6474.45,0,kaggle
0203-HHYIJ,1,-0.43991649313097614,0,0,-0.30015585439803716,1,2,2,1,1,1,1,1,1,1,0,0,-1.3115464430500368,676.35,1,kaggle
8670-ERCJH,1,-0.43991649313097614,0,0,1.6137012404433893,1,2,1,2,2,2,2,2,2,2,0,0,1.6165398712426726,8164.1,0,kaggle
7758-UJWYS,1,-0.43991649313097614,1,1,0.06632741908223598,0,1,0,0,0,0,2,2,0,2,1,2,-0.8046983579993692,1325.85,0,kaggle
2050-ONYDQ,0,-0.43991649313097614,1,1,1.3286586944031769,1,2,2,1,1,1,1,1,1,2,0,1,-1.288281285047711,1654.85,0,kaggle
7055-JCGNI,0,-0.43991649313097614,0,0,1.5322605130033284,1,2,1,2,2,2,2,2,2,2,1,1,1.5683477582378549,7795.95,0,kaggle
0739-UUAJR,0,-0.43991649313097614,1,1,1.6137012404433893,0,1,0,2,0,2,0,2,2,2,1,1,-0.3643221529553466,3952.45,0,kaggle
4826-DXMUP,1,-0.43991649313097614,0,1,0.10704778280226633,1,0,0,0,0,0,2,2,2,1,1,3,0.2438955491054544,2495.15,0,kaggle
0952-KMEEH,1,-0.43991649313097614,0,0,-0.7888002190384014,1,2,1,2,0,0,0,2,2,0,0,3,1.109691786192005,1230.25,1,kaggle
7285-KLOTR,0,-0.43991649313097614,1,0,-0.8295205827584317,1,2,0,2,0,2,0,2,2,1,0,2,0.46823814412788106,876.75,0,kaggle
0654-PQKDW,0,-0.43991649313097614,1,1,1.2064976032430856,1,0,0,2,0,2,2,2,0,1,1,0,0.19902703010096928,4263.45,0,kaggle
7175-NTIXE,0,-0.43991649313097614,0,0,-0.30015585439803716,1,0,0,2,0,0,2,2,2,0,1,1,0.37850110611891075,1992.95,0,kaggle
7963-SHNDT,0,-0.43991649313097614,0,0,0.7992939660427822,0,1,0,2,2,0,2,0,0,2,0,3,-0.8528904710041867,1982.1,0,kaggle
9796-BPKIW,1,2.273158691738958,0,0,-0.9924020376385531,1,0,1,0,0,0,0,0,0,0,1,1,0.1724382780983114,562.7,0,kaggle
0188-GWFLE,1,-0.43991649313097614,0,0,-1.2367242199587352,1,0,2,1,1,1,1,1,1,0,0,3,-1.4860351280674797,33.7,0,kaggle
8129-GMVGI,0,-0.43991649313097614,1,1,0.9621754209229036,1,0,2,1,1,1,1,1,1,2,0,3,-1.4860351280674797,1090.1,0,kaggle
2882-DDZPG,0,-0.43991649313097614,0,0,-0.8295205827584317,1,0,2,1,1,1,1,1,1,0,0,0,-1.505976692069473,227.45,0,kaggle
3547-LQRIK,0,-0.43991649313097614,1,0,0.5956921474426305,1,2,2,1,1,1,1,1,1,1,0,2,-1.2583689390447208,1250.85,0,kaggle
9137-NOQKA,1,2.273158691738958,0,0,-1.2367242199587352,1,0,2,1,1,1,1,1,1,0,0,2,-1.5142856770703037,37.2,0,kaggle
5843-TTHGI,0,-0.43991649313097614,0,0,-0.5851984004382496,1,0,0,0,0,2,0,0,0,0,1,3,-0.4906187249679718,892.7,0,kaggle
1849-RJYIG,0,-0.43991649313097614,0,0,-0.9924020376385531,1,0,0,2,0,0,0,2,0,0,1,2,-0.1582593249347472,487.75,0,kaggle
8868-GAGIO,1,-0.43991649313097614,1,0,0.5142514200025698,1,2,1,2,0,2,0,0,0,0,1,3,0.6576830021468192,3713.95,0,kaggle
4061-UKJWL,1,-0.43991649313097614,0,0,-1.1960038562387048,1,0,0,0,0,0,0,0,0,0,0,3,-0.641842251983089,141.7,0,kaggle
5380-XPJNZ,0,-0.43991649313097614,0,0,0.22920887396235737,1,0,2,1,1,1,1,1,1,1,0,3,-1.4860351280674797,678.2,0,kaggle
8263-QMNTJ,1,-0.43991649313097614,1,0,1.6137012404433893,1,2,1,2,2,2,2,2,2,2,1,2,1.6879971422498155,8425.3,0,kaggle
8178-EYZUO,1,-0.43991649313097614,0,0,0.5549717837226001,1,2,1,2,2,0,0,0,2,0,1,2,0.9617918531772199,4154.8,1,kaggle
3230-JCNZS,0,-0.43991649313097614,1,1,1.5729808767233588,1,2,1,2,2,2,0,2,0,2,1,1,1.1379423351948288,7061.65,0,kaggle
0277-ORXQS,1,-0.43991649313097614,1,1,1.369379058123207,0,1,0,0,0,0,2,2,2,2,0,0,-0.47233895796614456,3364.55,0,kaggle
5130-IEKQT,1,2.273158691738958,0,0,-0.30015585439803716,1,2,1,0,2,2,0,2,2,0,0,3,1.3689321182179202,2655.25,1,kaggle
3230-WYKIR,1,-0.43991649313097614,0,0,-0.5851984004382496,1,2,0,0,0,2,2,2,2,1,1,1,0.572931355138347,1425.45,1,kaggle
7996-BPXHY,0,-0.43991649313097614,1,1,-0.7888002190384014,1,2,2,1,1,1,1,1,1,2,1,0,-1.3215172250510334,332.5,0,kaggle
3227-WLKLI,0,-0.43991649313097614,1,1,1.3286586944031769,1,2,0,2,2,2,2,2,2,2,0,0,0.8903345821700764,5963.95,0,kaggle
0407-BDJKB,1,-0.43991649313097614,1,0,1.125056875803025,1,2,1,0,2,2,0,2,0,0,1,2,1.0299255301840309,5742.9,1,kaggle
2266-FUBDZ,1,-0.43991649313097614,1,1,-0.7073594915983407,1,0,2,1,1,1,1,1,1,2,0,3,-1.5093002860698053,278.85,0,kaggle
8237-ULIXL,0,-0.43991649313097614,1,0,1.6137012404433893,1,2,2,1,1,1,1,1,1,2,0,1,-1.3265026160515319,1871.85,0,kaggle
9600-UDOPK,1,-0.43991649313097614,1,0,-0.0965540357978854,1,2,1,0,0,0,0,2,2,0,1,1,0.9734244321783826,2866.45,1,kaggle
8216-AZUUZ,0,-0.43991649313097614,1,1,0.3920903288424788,1,0,1,0,0,2,2,2,2,2,1,2,1.1844726511994805,4303.65,0,kaggle
9153-BTBVV,0,-0.43991649313097614,1,0,1.5729808767233588,1,2,2,1,1,1,1,1,1,2,0,0,-1.3215172250510334,1753.0,0,kaggle
4074-SJFFA,0,-0.43991649313097614,0,0,-1.2774445836787656,1,0,0,0,0,0,0,0,2,0,1,3,-0.3327480099521901,54.75,1,kaggle
3269-ATYWD,1,2.273158691738958,0,0,0.26992923768238775,1,2,1,0,0,0,0,2,2,0,1,0,1.0266019361836989,3759.05,1,kaggle
5186-PEIZU,0,-0.43991649313097614,0,0,0.10704778280226633,1,0,2,1,1,1,1,1,1,0,0,0,-1.5126238800701375,617.65,0,kaggle
1074-AMIOH,0,-0.43991649313097614,1,1,0.8400143297628127,1,0,1,0,2,2,2,2,2,0,1,0,1.4453747802255617,5935.1,0,kaggle
4910-GMJOT,0,-0.43991649313097614,0,0,-1.2774445836787656,1,2,1,0,0,0,0,2,2,0,1,2,0.9917041991802098,94.6,1,kaggle
0354-WYROK,0,2.273158691738958,1,1,-0.055833672077855064,1,0,1,0,0,2,2,2,2,0,1,2,1.1346187411944968,2911.3,1,kaggle
4361-FEBGN,1,-0.43991649313097614,0,0,0.6364125111626608,1,0,2,1,1,1,1,1,1,2,0,1,-1.4827115340671475,982.95,0,kaggle
7748-UMTRK,0,2.273158691738958,0,1,-0.0965540357978854,1,2,1,0,0,0,2,2,2,0,1,2,1.2143849972024705,2974.5,0,kaggle
0380-ZCSBI,1,-0.43991649313097614,0,0,-0.9109613101984924,1,0,2,1,1,1,1,1,1,0,0,1,-1.4876969250676457,198.7,0,kaggle
7145-FEJWU,0,-0.43991649313097614,0,1,-0.8295205827584317,1,2,1,0,2,2,0,2,2,0,1,2,1.3473287572157604,1275.65,0,kaggle
6463-MVYRY,0,2.273158691738958,0,0,1.002895784642934,1,0,0,2,0,2,2,2,0,2,0,0,0.16911468409797886,4003.0,0,kaggle
3969-JQABI,0,-0.43991649313097614,1,0,1.0436161483629645,1,0,0,2,2,0,0,2,0,0,1,1,0.016229360082695727,3791.6,0,kaggle
9624-EGDEQ,0,-0.43991649313097614,0,0,0.18848851024232702,1,0,2,1,1,1,1,1,1,2,0,3,-1.4943441130683104,813.3,0,kaggle
1051-EQPZR,0,-0.43991649313097614,1,1,0.47353105628253944,1,0,2,1,1,1,1,1,1,0,0,3,-1.5009913010689746,780.25,0,kaggle
5849-ASHZJ,1,-0.43991649313097614,0,1,-0.21871512695797646,1,0,2,1,1,1,1,1,1,1,0,1,-1.4860351280674797,552.9,0,kaggle
5780-INQIK,0,-0.43991649313097614,0,0,-0.9924020376385531,1,0,0,0,0,0,2,0,0,0,0,2,-0.5105602889699654,408.25,0,kaggle
7576-OYWBN,1,2.273158691738958,0,0,-1.1960038562387048,1,2,1,0,0,0,0,0,0,0,1,2,0.37517751211857825,231.8,1,kaggle
4526-ZJJTM,0,2.273158691738958,1,0,-0.30015585439803716,1,0,1,0,2,2,0,0,2,0,0,0,0.785641371159611,2191.15,0,kaggle
8384-FZBJK,0,-0.43991649313097614,1,1,1.002895784642934,1,2,1,0,2,0,0,2,2,0,1,2,1.1911198392001445,5611.7,0,kaggle
3750-RNQKR,0,-0.43991649313097614,0,0,-0.8295205827584317,1,0,2,1,1,1,1,1,1,0,0,3,-1.505976692069473,246.25,0,kaggle
0962-CQPWQ,0,-0.43991649313097614,1,1,1.2064976032430856,1,0,2,1,1,1,1,1,1,2,0,0,-1.477726143066649,1296.15,0,kaggle
3096-YXENJ,0,-0.43991649313097614,1,0,1.3286586944031769,1,2,1,0,2,2,2,2,2,2,1,0,1.4254332162235683,7082.85,0,kaggle
1265-BCFEO,0,-0.43991649313097614,1,0,1.5729808767233588,1,2,0,0,0,2,2,2,2,2,1,0,0.5214156481331973,5662.25,0,kaggle
5837-LXSDN,0,-0.43991649313097614,1,1,-0.46303730927815856,1,0,0,0,2,0,0,2,0,1,1,1,-0.196480655938568,1215.45,0,kaggle
5945-AZYHT,1,-0.43991649313097614,1,0,1.5729808767233588,1,2,1,2,2,2,0,2,2,1,1,2,1.4902432992300467,7854.15,0,kaggle
8325-QRPZR,0,-0.43991649313097614,0,0,-1.0331224013585834,1,0,1,0,0,2,0,0,0,0,1,2,0.34526516611558833,525.0,0,kaggle
6384-VMJHP,0,-0.43991649313097614,0,0,1.6137012404433893,1,0,0,2,2,2,2,0,2,2,1,1,0.27380789510844483,5265.2,0,kaggle
2262-SLNVK,0,-0.43991649313097614,0,0,-1.2774445836787656,1,0,1,0,0,0,0,0,0,0,0,2,0.1774236690988095,70.1,0,kaggle
7730-CLDSV,0,-0.43991649313097614,1,1,1.6137012404433893,1,2,1,0,2,2,2,0,2,2,1,0,1.1263097561936661,7129.45,0,kaggle
1135-HIORI,0,-0.43991649313097614,1,1,1.2879383306831464,1,2,1,0,2,2,2,2,2,1,1,2,1.5517297882361936,7266.95,0,kaggle
0164-APGRB,0,-0.43991649313097614,0,0,1.6137012404433893,1,2,1,2,2,2,2,2,2,2,1,2,1.6663937812476561,8496.7,0,kaggle
6481-ESCNL,0,-0.43991649313097614,0,0,-0.13727439951791576,1,2,1,0,0,2,0,2,2,0,0,0,1.1894580421999785,2878.75,0,kaggle
1790-NESIO,0,-0.43991649313097614,0,0,-0.7888002190384014,1,0,2,1,1,1,1,1,1,2,1,3,-1.4744025490663168,261.3,0,kaggle
1550-EENBN,0,-0.43991649313097614,0,0,-0.055833672077855064,1,2,1,2,2,0,0,2,2,0,0,2,1.3157546142126038,3205.6,0,kaggle
5539-TMZLF,1,2.273158691738958,0,0,-1.2774445836787656,1,0,1,0,0,0,0,0,0,0,1,2,0.1657910900976468,69.75,1,kaggle
4323-SADQS,1,-0.43991649313097614,1,1,-1.0331224013585834,0,1,0,2,0,0,2,0,0,0,1,2,-1.0057757950194701,279.25,1,kaggle
4446-BZKHU,1,-0.43991649313097614,1,0,1.1657772395230555,1,2,1,0,2,2,0,2,2,0,1,2,1.3556377422165908,6281.45,1,kaggle
5202-IVJNU,0,-0.43991649313097614,0,1,0.26992923768238775,0,1,0,0,0,2,0,0,0,0,0,1,-1.152013931034089,1131.3,1,kaggle
5976-JCJRH,1,-0.43991649313097614,1,0,-0.9109613101984924,1,0,1,0,0,0,0,0,0,0,1,2,0.18407085709947407,738.2,1,kaggle
8198-RKSZG,0,-0.43991649313097614,1,1,-0.748079855318371,1,2,0,0,2,0,2,2,2,0,0,1,0.5214156481331973,1137.05,0,kaggle
0137-OCGAB,0,-0.43991649313097614,0,0,-1.2774445836787656,1,2,1,0,2,0,0,0,0,0,1,3,0.5131066631323666,80.2,1,kaggle
3351-NQLDI,0,-0.43991649313097614,1,1,1.4100994218432374,1,2,1,2,0,0,2,0,2,1,1,1,0.9833952141793793,6341.45,1,kaggle
9297-EONCV,0,-0.43991649313097614,0,0,1.6137012404433893,1,2,0,2,2,2,2,2,2,2,1,0,0.8836873941694119,6697.2,0,kaggle
7593-JNWRU,1,-0.43991649313097614,1,1,-1.0738427650786138,1,0,0,0,0,0,0,0,0,0,1,0,-0.6700928009859131,260.8,1,kaggle
4588-YBNIB,0,-0.43991649313097614,0,0,-1.2774445836787656,1,0,2,1,1,1,1,1,1,0,1,3,-1.5009913010689746,19.6,1,kaggle
1069-QJOEE,1,-0.43991649313097614,1,1,-0.30015585439803716,1,0,2,1,1,1,1,1,1,1,0,2,-1.491020519067978,505.45,0,kaggle
3336-JORSO,0,2.273158691738958,0,0,0.025607055362205634,1,2,1,0,2,2,2,2,2,0,1,2,1.5184938482328711,3655.45,1,kaggle
7799-DSEWS,1,-0.43991649313097614,0,0,-0.5851984004382496,1,0,0,2,0,2,2,2,0,0,1,2,0.11926077409299518,1299.8,0,kaggle
8766-PAFNE,1,-0.43991649313097614,1,0,1.5729808767233588,1,0,0,0,2,2,2,2,2,2,1,1,0.47654712912871167,5564.85,0,kaggle
5315-CKEQK,1,2.273158691738958,1,1,-0.1779947632379461,1,2,0,0,0,0,0,0,0,1,1,2,-0.4573827849646494,1381.8,0,kaggle
3130-ICDUP,0,-0.43991649313097614,0,1,-1.2367242199587352,1,2,1,2,0,0,0,0,0,0,0,1,0.5247392421335293,188.1,0,kaggle
0820-FNRNX,1,-0.43991649313097614,1,1,-0.62591876415828,1,2,0,0,2,2,2,0,0,0,1,3,0.06442147308751339,1077.05,0,kaggle
0880-FVFWF,1,-0.43991649313097614,0,0,0.9621754209229036,1,2,1,2,2,0,0,0,0,0,1,2,0.719169491152966,4922.4,0,kaggle
4611-ANLQC,0,-0.43991649313097614,1,0,1.125056875803025,0,1,0,2,2,2,0,0,2,1,0,2,-0.4889569279678058,2911.5,0,kaggle
4213-HKBJO,0,-0.43991649313097614,0,0,0.025607055362205634,1,2,2,1,1,1,1,1,1,2,0,1,-1.2982520670487077,826.1,0,kaggle
2792-LSHWX,0,-0.43991649313097614,0,0,-1.2774445836787656,1,0,1,2,2,0,2,0,0,0,1,3,0.6194616711429987,83.4,0,kaggle
5028-GZLDO,1,-0.43991649313097614,0,0,-1.2367242199587352,1,0,1,0,0,0,0,0,0,0,0,1,0.19736523310080326,140.7,1,kaggle
0014-BMAQU,1,-0.43991649313097614,1,0,1.247217966963116,1,2,1,2,0,0,2,0,0,2,1,1,0.6610065961471517,5377.8,0,kaggle
6861-XWTWQ,1,2.273158691738958,1,0,-1.0331224013585834,1,2,1,0,0,2,0,2,2,0,1,2,1.1462513201956595,665.45,1,kaggle
9018-PCIOK,0,-0.43991649313097614,0,0,0.9214550572028734,1,0,0,0,2,2,0,0,2,2,1,3,-0.00038860991896550476,3617.1,0,kaggle
4837-QUSFT,0,-0.43991649313097614,1,0,1.3286586944031769,1,2,1,2,2,0,2,2,0,1,1,0,1.1761636661986499,6643.5,0,kaggle
6877-TJMBR,1,-0.43991649313097614,1,0,-1.2774445836787656,1,0,1,0,0,0,2,2,0,0,1,2,0.6659919871476498,84.8,1,kaggle
9953-ZMKSM,1,-0.43991649313097614,0,0,1.247217966963116,1,2,2,1,1,1,1,1,1,2,0,3,-1.3132082400502028,1559.3,0,kaggle
0907-HQNTS,0,2.273158691738958,1,0,1.5322605130033284,1,2,1,2,2,2,2,2,2,2,1,1,1.6032454952413433,7987.6,0,kaggle
7665-NKLAV,0,-0.43991649313097614,1,1,0.14776814652229667,0,1,0,2,0,2,2,0,0,2,0,1,-0.801374763999037,1547.35,0,kaggle
6769-DCQLI,1,-0.43991649313097614,0,0,0.7992939660427822,1,0,1,0,2,2,2,2,2,1,1,0,1.3373579752147637,5426.85,1,kaggle
2433-KMEAS,1,-0.43991649313097614,0,0,-0.4223169455581282,1,2,0,2,0,0,0,0,0,0,1,2,-0.3427187919531868,1127.35,1,kaggle
4391-LNRXK,1,-0.43991649313097614,0,0,-0.4223169455581282,1,0,1,0,2,2,2,0,2,0,1,0,1.003336778181373,2142.8,0,kaggle
8250-ZNGGW,0,2.273158691738958,0,0,-1.1145631287986442,1,0,0,2,2,0,2,0,0,0,0,1,-0.1615829189350795,287.85,0,kaggle
2195-ZRVAX,0,-0.43991649313097614,1,0,0.5956921474426305,1,0,1,0,0,2,0,0,2,0,1,2,0.682609957149311,4045.65,1,kaggle
3550-SAHFP,0,-0.43991649313097614,0,0,0.025607055362205634,1,2,1,0,0,0,0,0,2,0,1,2,0.6177998741428321,2757.85,1,kaggle
2011-TRQYE,1,-0.43991649313097614,0,0,-0.5851984004382496,0,1,0,0,2,2,0,0,0,0,1,1,-1.0390117350227925,600.0,1,kaggle
8562-GHPPI,0,-0.43991649313097614,0,0,-1.2774445836787656,1,0,2,1,1,1,1,1,1,0,0,1,-1.4943441130683104,19.8,0,kaggle
5893-PYOLZ,1,-0.43991649313097614,0,0,0.9621754209229036,1,0,0,0,2,2,2,2,2,2,1,1,0.5662841671376824,4534.45,0,kaggle
4986-MXSFP,0,-0.43991649313097614,0,0,-1.2367242199587352,1,0,2,1,1,1,1,1,1,0,1,3,-1.4876969250676457,40.9,0,kaggle
6131-FOYAS,1,-0.43991649313097614,0,0,0.10704778280226633,1,2,0,2,0,2,0,0,0,0,1,2,-0.17155370093607614,2094.9,0,kaggle
3027-YNWZU,0,-0.43991649313097614,1,0,1.2879383306831464,1,2,2,1,1,1,1,1,1,2,0,1,-1.3215172250510334,1584.8,0,kaggle
5609-IMCGG,0,-0.43991649313097614,0,0,-0.7073594915983407,1,2,1,2,0,2,0,0,0,0,1,1,0.6510358141461546,1302.65,0,kaggle
4873-ILOLJ,1,-0.43991649313097614,0,0,-0.3408762181180675,1,0,1,0,0,0,0,2,2,0,1,2,0.8504514541660894,2238.5,1,kaggle
4727-MCYZG,1,-0.43991649313097614,0,0,-1.2774445836787656,1,0,0,0,0,0,0,0,2,0,0,3,-0.30615925794953225,55.55,0,kaggle
9481-WHGWY,0,-0.43991649313097614,1,1,1.5322605130033284,1,0,0,2,0,0,2,2,2,2,0,1,0.35191235411625243,5437.75,0,kaggle
2725-KXXWT,1,-0.43991649313097614,1,0,-1.2774445836787656,1,0,1,0,0,0,0,2,2,0,1,2,0.8637458301674186,90.75,1,kaggle
9565-DJPIB,0,-0.43991649313097614,0,1,-1.1552834925186746,1,2,1,0,2,0,0,2,0,0,0,3,0.8255244991635975,365.65,1,kaggle
4328-VUFWD,0,-0.43991649313097614,0,0,0.26992923768238775,1,0,0,0,0,0,2,0,2,1,0,2,-0.18152448293707302,2209.15,0,kaggle
3301-LSLWQ,0,-0.43991649313097614,0,0,-0.13727439951791576,1,2,0,2,0,0,0,0,2,0,1,2,0.04447990908551963,1912.15,0,kaggle
7473-ZBDSN,0,-0.43991649313097614,1,1,-0.748079855318371,1,0,2,1,1,1,1,1,1,2,0,3,-1.5275800530716328,255.55,0,kaggle
3166-PNEOF,0,-0.43991649313097614,0,0,1.1657772395230555,1,2,0,2,0,2,2,2,2,2,0,1,0.720831288153132,5175.3,0,kaggle
5639-NTUPK,1,-0.43991649313097614,0,1,-0.7888002190384014,1,0,0,2,0,0,0,0,0,0,1,1,-0.4208232509609946,670.65,0,kaggle
8780-YRMTT,0,-0.43991649313097614,0,0,1.369379058123207,0,1,0,2,2,2,2,0,0,2,1,3,-0.5770321689766102,3177.25,0,kaggle
8348-HFYIV,1,-0.43991649313097614,0,0,-1.2367242199587352,0,1,0,0,0,2,0,2,2,0,1,2,-0.5155456799704636,90.35,1,kaggle
5140-FOMCQ,0,-0.43991649313097614,1,0,1.0843365120829946,1,2,1,2,2,2,0,2,2,1,1,1,1.475287126228552,6557.75,0,kaggle
6242-SGYTS,1,-0.43991649313097614,1,1,1.2064976032430856,1,2,1,2,2,0,0,2,0,1,1,1,1.003336778181373,5791.85,0,kaggle
8166-ORCHU,1,2.273158691738958,1,0,0.025607055362205634,1,0,1,2,2,0,2,0,2,1,1,2,0.9568064621767214,3055.5,0,kaggle
8414-OOEEL,1,-0.43991649313097614,0,1,1.369379058123207,1,0,0,0,2,2,2,2,2,2,1,1,0.4898415051300408,5196.1,0,kaggle
8454-AATJP,0,-0.43991649313097614,0,0,1.6137012404433893,1,2,1,2,2,2,2,2,2,2,0,1,1.6713791722481544,8405.0,0,kaggle
6849-WLEYG,1,-0.43991649313097614,0,1,-1.2774445836787656,1,0,2,1,1,1,1,1,1,0,0,3,-1.4960059100684764,19.75,1,kaggle
4659-NZRUF,0,-0.43991649313097614,0,0,-0.5444780367182193,1,2,1,2,2,0,0,0,2,0,1,2,1.0099839661820376,1789.25,1,kaggle
4531-AUZNK,0,-0.43991649313097614,1,1,0.758573602322752,1,2,1,2,0,0,2,2,0,1,1,3,1.0099839661820376,5000.05,0,kaggle
4191-XOVOM,1,-0.43991649313097614,0,0,1.247217966963116,1,2,1,0,2,0,2,2,2,0,0,2,1.3506523512160928,6713.2,0,kaggle
2150-OEGBV,1,-0.43991649313097614,0,0,-0.21871512695797646,1,0,2,1,1,1,1,1,1,1,0,0,-1.4843733310673135,562.6,0,kaggle
8429-XIBUM,1,-0.43991649313097614,0,0,-0.4223169455581282,1,2,1,2,0,0,0,2,2,0,1,0,1.2160467942026365,2317.1,1,kaggle
1855-CFULU,0,2.273158691738958,0,0,-1.1552834925186746,1,0,2,1,1,1,1,1,1,0,0,3,-1.4860351280674797,91.45,0,kaggle
4878-BUNFV,1,-0.43991649313097614,1,1,0.3920903288424788,1,0,2,1,1,1,1,1,1,2,0,3,-1.46443176706532,828.85,0,kaggle
1872-EBWSC,0,-0.43991649313097614,0,0,-0.13727439951791576,1,0,2,1,1,1,1,1,1,1,0,3,-1.4760643460664828,617.35,0,kaggle
2608-BHKFN,0,-0.43991649313097614,0,0,-1.1552834925186746,1,0,1,0,0,0,0,0,0,0,1,1,0.17576187209864347,266.9,1,kaggle
7026-YMSBE,1,-0.43991649313097614,0,0,-0.0965540357978854,1,0,2,1,1,1,1,1,1,1,0,3,-1.4976677070686424,625.05,0,kaggle
7341-LXCAF,1,-0.43991649313097614,1,0,-1.1552834925186746,1,2,1,0,0,0,0,0,0,0,1,2,0.32864719611392706,301.4,1,kaggle
6997-UVGOX,1,-0.43991649313097614,1,1,1.5729808767233588,1,0,0,2,2,2,2,2,2,2,0,0,0.6875953481498096,6029.9,0,kaggle
9674-EHPPG,1,-0.43991649313097614,1,0,0.5549717837226001,0,1,0,2,0,2,2,0,0,2,0,1,-0.8096837489998675,1842.7,0,kaggle
9462-MJUAW,1,-0.43991649313097614,0,0,-1.1552834925186746,1,2,0,0,0,0,0,0,0,0,0,3,-0.4773243489666429,206.6,1,kaggle
8128-YVJRG,0,-0.43991649313097614,0,0,-1.0331224013585834,1,2,1,2,0,0,0,0,0,0,1,3,0.4948268961305394,604.7,1,kaggle
5440-VHLUL,1,-0.43991649313097614,0,0,1.4915401492832983,1,2,1,0,2,0,2,2,2,1,1,0,1.3440051632154282,7386.05,0,kaggle
5781-BKHOP,0,-0.43991649313097614,1,0,1.6137012404433893,1,2,1,2,2,2,0,2,0,2,0,0,1.1927816362003112,7334.05,0,kaggle
4283-FUTGF,1,2.273158691738958,0,0,-0.5444780367182193,1,2,1,0,0,2,0,0,0,0,1,2,0.5014740841312035,1471.75,1,kaggle
5213-TWWJU,1,-0.43991649313097614,0,0,-0.1779947632379461,1,0,1,0,0,2,2,0,2,0,0,2,0.8720548151682491,2626.15,0,kaggle
1569-TTNYJ,1,-0.43991649313097614,1,0,-1.1145631287986442,1,2,1,0,2,0,0,0,0,0,1,2,0.464914550127549,412.1,1,kaggle
8628-MFKAX,0,2.273158691738958,1,0,1.6137012404433893,1,2,1,2,2,2,2,2,2,2,1,1,1.7278802702538025,8277.05,0,kaggle
2397-BRLOM,1,2.273158691738958,1,1,-0.9924020376385531,1,0,1,0,0,0,0,2,0,0,1,1,0.5214156481331973,583.45,1,kaggle
7629-WIXZF,0,-0.43991649313097614,0,0,-1.0331224013585834,1,0,0,2,0,0,0,0,2,1,1,2,-0.18817167093773737,369.25,0,kaggle
5445-GLVOT,0,-0.43991649313097614,0,0,-0.4223169455581282,1,0,0,2,0,0,0,0,0,0,1,2,-0.4972659129686364,1049.05,0,kaggle
3976-HXHCE,1,-0.43991649313097614,0,0,1.6137012404433893,1,0,2,1,1,1,1,1,1,2,0,0,-1.5109620830699715,1414.8,0,kaggle
2466-NEJOJ,1,-0.43991649313097614,1,1,-0.9924020376385531,1,0,2,1,1,1,1,1,1,0,0,1,-1.4993295040688086,169.75,0,kaggle
0254-KCJGT,1,-0.43991649313097614,1,0,0.7992939660427822,1,2,0,2,2,2,2,0,2,1,1,1,0.5529897911363537,4354.45,0,kaggle
5472-CVMDX,0,-0.43991649313097614,0,0,1.4508197855632678,0,1,0,2,0,2,2,0,0,2,0,3,-0.8595376590048512,2719.2,0,kaggle
6461-SZMCV,0,-0.43991649313097614,1,0,1.5729808767233588,1,2,0,2,2,2,2,2,2,2,0,0,0.7706851981581158,6365.35,0,kaggle
8150-QUDFX,1,-0.43991649313097614,0,0,-1.2367242199587352,1,0,2,1,1,1,1,1,1,0,0,3,-1.4926823160681442,51.6,0,kaggle
9508-ILZDG,0,2.273158691738958,0,0,0.06632741908223598,1,2,1,0,2,0,2,2,0,0,1,2,1.0498670941860242,3190.25,0,kaggle
2346-DJQTB,0,-0.43991649313097614,0,0,0.10704778280226633,0,1,0,0,0,0,0,0,0,0,0,2,-1.3497677740538576,812.5,0,kaggle
1697-LYYYX,0,-0.43991649313097614,1,1,1.1657772395230555,1,0,2,1,1,1,1,1,1,1,0,1,-1.517609271070636,1143.8,0,kaggle
1942-OQFRW,1,-0.43991649313097614,0,0,-1.2774445836787656,1,0,0,0,0,0,0,0,0,0,0,2,-0.6900343649879066,44.0,0,kaggle
4749-VFKVB,0,-0.43991649313097614,0,0,-1.2774445836787656,1,2,0,0,0,0,0,0,0,0,1,3,-0.48729513096763954,50.1,1,kaggle
9640-ZSLDC,0,-0.43991649313097614,1,1,0.8400143297628127,1,0,0,0,0,2,0,0,2,1,0,1,-0.1383177609327537,3297.0,0,kaggle
4231-LZUYM,0,-0.43991649313097614,1,0,1.6137012404433893,1,2,2,1,1,1,1,1,1,2,0,0,-1.2999138640488739,1887.0,0,kaggle
7598-UAASY,1,-0.43991649313097614,1,0,-1.2367242199587352,1,0,1,0,0,2,0,0,0,0,0,2,0.3868100911197414,151.8,1,kaggle
7938-OUHIO,1,-0.43991649313097614,0,0,-1.1960038562387048,1,0,1,0,0,2,2,2,2,0,1,2,1.1279715531938321,293.65,1,kaggle
8510-AWCXC,0,2.273158691738958,0,0,-0.7888002190384014,1,2,1,2,0,0,0,2,2,0,1,2,1.1977670272008092,1308.1,1,kaggle
6128-AQBMT,1,2.273158691738958,1,0,0.35136996512244845,0,1,0,0,2,2,0,2,2,0,1,2,-0.35933676195484804,2215.4,0,kaggle
3594-BDSOA,0,-0.43991649313097614,1,0,-0.3408762181180675,1,0,2,1,1,1,1,1,1,1,0,1,-1.4744025490663168,482.8,0,kaggle
0431-APWVY,0,-0.43991649313097614,1,1,-0.1779947632379461,1,0,1,0,0,0,0,2,2,1,1,0,0.8421424691652587,2598.95,1,kaggle
5133-VRSAB,1,-0.43991649313097614,0,0,-0.9924020376385531,0,1,0,2,0,0,0,0,0,0,0,3,-1.1769408860365806,216.45,0,kaggle
5996-DAOQL,1,-0.43991649313097614,0,0,-1.2774445836787656,1,0,2,1,1,1,1,1,1,0,1,3,-1.4727407520661506,20.45,0,kaggle
6838-YAUVY,0,-0.43991649313097614,0,0,0.880734693482843,1,2,1,0,0,2,2,0,2,2,1,0,1.0083221691818711,5064.85,0,kaggle
0484-JPBRU,1,-0.43991649313097614,0,0,0.35136996512244845,1,2,2,1,1,1,1,1,1,0,1,0,-1.3132082400502028,996.45,0,kaggle
7883-ROJOC,0,-0.43991649313097614,1,0,-0.5444780367182193,1,0,0,0,0,0,0,0,0,0,0,3,-0.6601220189849164,839.65,0,kaggle
0244-LGNFY,0,-0.43991649313097614,1,1,1.6137012404433893,1,2,0,2,2,2,2,2,2,2,0,0,0.9268941161737314,6733.0,0,kaggle
7274-CGTOD,1,-0.43991649313097614,0,0,1.2064976032430856,0,1,0,2,2,2,2,0,0,2,1,0,-0.7000051469889033,2618.3,0,kaggle
4295-YURET,0,2.273158691738958,1,1,0.9621754209229036,1,0,0,2,0,0,2,2,2,2,1,1,0.2605135191071156,4084.35,0,kaggle
3426-NIYYL,1,-0.43991649313097614,0,0,-0.7073594915983407,1,2,0,0,0,0,0,0,0,0,0,2,-0.43910301796282214,765.5,1,kaggle
8225-BTJAU,1,2.273158691738958,0,0,-0.9109613101984924,1,0,1,0,0,0,0,0,2,0,1,2,0.4815325201292102,793.55,1,kaggle
4635-EJYPD,1,-0.43991649313097614,1,1,-0.015113308357824713,1,0,2,1,1,1,1,1,1,2,0,3,-1.5225946620711341,613.95,0,kaggle
1866-ZSLJM,1,-0.43991649313097614,0,0,-0.46303730927815856,1,0,2,1,1,1,1,1,1,0,0,1,-1.4710789550659844,402.85,0,kaggle
4636-TVXVG,1,-0.43991649313097614,1,1,1.2064976032430856,1,0,2,1,1,1,1,1,1,1,0,0,-1.4893587220678117,1244.8,0,kaggle
4236-UJPWO,0,-0.43991649313097614,0,0,-1.2367242199587352,0,1,0,0,0,0,0,0,0,0,0,2,-1.3381351950526947,46.4,0,kaggle
9392-XBGTD,1,-0.43991649313097614,0,1,-0.21871512695797646,1,0,2,1,1,1,1,1,1,2,0,3,-1.4677553610656522,581.85,0,kaggle
3387-VATUS,1,-0.43991649313097614,0,0,-1.1145631287986442,1,2,1,0,0,0,0,2,2,0,1,0,1.0000131841810405,462.8,1,kaggle
6402-SSEJG,0,-0.43991649313097614,0,0,-0.30015585439803716,0,1,0,2,2,2,0,2,2,1,0,2,-0.12336158793125872,1540.2,0,kaggle
1143-NMNQJ,0,-0.43991649313097614,0,0,-1.2367242199587352,1,2,1,0,0,0,0,0,2,0,1,2,0.6959043331506402,169.8,1,kaggle
1169-SAOCL,1,-0.43991649313097614,0,0,0.6771328748826912,1,2,1,0,2,0,2,2,2,1,1,0,1.392197276220246,5168.1,0,kaggle
1110-KYLGQ,0,-0.43991649313097614,0,0,1.247217966963116,1,2,1,2,2,2,0,2,2,0,0,1,1.4453747802255617,6780.1,0,kaggle
9929-PLVPA,0,-0.43991649313097614,0,1,-1.1552834925186746,1,0,2,1,1,1,1,1,1,0,0,1,-1.4744025490663168,94.5,0,kaggle
3518-PZXZQ,0,-0.43991649313097614,1,0,-1.2774445836787656,1,0,0,0,0,0,0,2,0,0,1,3,-0.31446824295036285,55.3,0,kaggle
2371-JUNGC,1,-0.43991649313097614,0,0,-0.8702409464784621,1,0,2,1,1,1,1,1,1,0,0,3,-1.479387940066815,208.0,0,kaggle
7693-QPEFS,1,2.273158691738958,0,0,0.7992939660427822,1,2,1,0,0,0,0,0,0,0,1,0,0.2721460981082788,3829.75,0,kaggle
0924-BJCRC,0,2.273158691738958,1,0,1.125056875803025,1,2,1,0,2,0,0,0,2,0,0,2,0.8205391081630994,5294.6,0,kaggle
5074-FBGHB,1,-0.43991649313097614,0,0,1.2879383306831464,1,2,1,0,0,2,2,2,2,1,1,1,1.325725396213601,6889.8,0,kaggle
2351-BKRZW,0,-0.43991649313097614,1,1,0.43281069256250915,1,0,0,2,0,2,0,2,2,2,0,0,0.3469269631157543,3254.35,0,kaggle
4455-BFSPD,0,-0.43991649313097614,1,0,1.1657772395230555,1,2,1,0,0,0,2,2,2,1,0,0,1.2093996062019723,6383.9,0,kaggle
0415-MOSGF,0,-0.43991649313097614,0,0,-1.2774445836787656,1,0,0,0,0,0,0,0,0,0,0,3,-0.6767399889865777,44.4,1,kaggle
1724-BQUHA,1,2.273158691738958,0,0,-1.1145631287986442,1,0,1,0,0,0,0,2,2,0,1,2,0.8222009051632655,477.7,1,kaggle
3948-KXDUF,1,-0.43991649313097614,0,0,1.369379058123207,1,2,0,2,2,2,2,0,0,2,0,0,0.13255515009432434,4447.55,0,kaggle
2323-ARSVR,1,-0.43991649313097614,1,0,1.4100994218432374,1,0,1,2,2,2,2,2,2,2,1,2,1.5384354122348645,7321.05,0,kaggle
0815-MFZGM,0,-0.43991649313097614,1,0,0.3920903288424788,1,0,1,0,0,2,2,2,2,2,1,1,1.1379423351948288,4135.0,0,kaggle
4826-XTSOH,1,2.273158691738958,1,0,-1.2774445836787656,1,2,1,0,0,0,0,2,0,0,1,2,0.7075369121518029,86.05,1,kaggle
5480-XTFFL,0,-0.43991649313097614,1,1,-0.055833672077855064,1,0,2,1,1,1,1,1,1,2,0,3,-1.4544609850643233,697.7,0,kaggle
8295-FHIVV,1,-0.43991649313097614,0,0,-1.0331224013585834,1,0,2,1,1,1,1,1,1,0,1,3,-1.5076384890696393,168.65,0,kaggle
2495-INZWQ,1,-0.43991649313097614,0,0,-1.1552834925186746,0,1,0,0,0,0,0,2,2,0,1,2,-0.6717545979860794,174.3,1,kaggle
9086-YJYXS,1,-0.43991649313097614,1,1,0.06632741908223598,1,2,0,0,0,2,0,2,2,1,0,0,0.4133988431223993,2753.8,0,kaggle
1179-INLAT,1,-0.43991649313097614,0,0,-1.1960038562387048,1,0,2,1,1,1,1,1,1,1,1,3,-1.505976692069473,69.25,0,kaggle
7909-FIOIY,0,-0.43991649313097614,1,1,-0.5444780367182193,0,1,0,0,0,0,0,0,0,0,1,3,-1.3265026160515319,434.8,0,kaggle
4139-SUGLD,1,-0.43991649313097614,1,1,-0.055833672077855064,0,1,0,2,0,0,2,0,0,0,0,0,-0.9758634490164798,1077.5,1,kaggle
6857-VWJDT,0,-0.43991649313097614,0,0,-1.2774445836787656,1,2,1,0,0,0,0,2,2,0,0,3,1.0266019361836989,95.65,1,kaggle
6351-SCJKT,1,-0.43991649313097614,0,0,-1.1960038562387048,0,1,0,2,0,2,2,0,0,0,0,3,-0.7781096059967111,107.25,0,kaggle
5468-BPMMO,1,-0.43991649313097614,1,0,0.5549717837226001,1,0,2,1,1,1,1,1,1,0,0,2,-1.5009913010689746,851.2,0,kaggle
5624-BQSSA,0,-0.43991649313097614,0,0,-1.2774445836787656,1,0,2,1,1,1,1,1,1,0,0,3,-1.4561227820644893,20.95,1,kaggle
0197-PNKNK,0,-0.43991649313097614,1,1,1.4915401492832983,1,2,1,2,0,2,0,0,0,1,0,0,0.6543594081464871,5848.6,0,kaggle
2439-QKJUL,1,-0.43991649313097614,0,0,-1.1145631287986442,1,0,2,1,1,1,1,1,1,0,0,3,-1.479387940066815,109.8,0,kaggle
1194-SPVSP,1,-0.43991649313097614,0,0,-1.2774445836787656,1,0,2,1,1,1,1,1,1,0,0,0,-1.4993295040688086,19.65,0,kaggle
9534-NSXEM,1,-0.43991649313097614,0,0,-0.2594354906780068,1,0,2,1,1,1,1,1,1,1,1,1,-1.4660935640654862,595.5,0,kaggle
2408-WITXK,0,2.273158691738958,0,0,-0.9109613101984924,0,1,0,0,0,0,0,0,2,0,1,2,-0.9991286070188055,329.8,1,kaggle
8929-KSWIH,1,-0.43991649313097614,0,0,-0.30015585439803716,1,0,1,0,0,2,2,2,2,2,0,0,1.1479131171958254,2513.5,0,kaggle
2250-IVBWA,1,-0.43991649313097614,1,1,1.2879383306831464,1,0,1,2,2,0,0,0,0,0,0,2,0.5413572121351905,5135.35,0,kaggle
1810-MVMAI,1,-0.43991649313097614,1,1,-0.0965540357978854,1,2,0,2,2,2,2,0,0,0,0,2,0.09433381909050333,2000.2,0,kaggle
9506-UXUSK,1,-0.43991649313097614,0,0,-0.7888002190384014,1,0,1,0,0,0,0,0,0,0,1,2,0.179085466098976,931.75,0,kaggle
1229-RCALF,0,-0.43991649313097614,1,0,1.2879383306831464,1,2,1,2,2,2,2,2,2,1,1,2,1.6697173752479884,7396.15,0,kaggle
3572-UOLYZ,0,-0.43991649313097614,0,1,0.5549717837226001,1,2,1,0,0,2,2,0,0,0,1,0,0.6659919871476498,3958.85,0,kaggle
1429-UYJSV,0,-0.43991649313097614,0,0,-0.8295205827584317,1,0,2,1,1,1,1,1,1,1,0,3,-1.4976677070686424,260.9,0,kaggle
5577-OTWWW,0,-0.43991649313097614,0,0,-0.7073594915983407,1,0,2,1,1,1,1,1,1,0,0,0,-1.4960059100684764,297.3,1,kaggle
6100-QQHEB,1,-0.43991649313097614,1,1,-0.62591876415828,1,2,1,0,0,0,0,2,2,0,1,2,0.9235705221733989,1515.1,1,kaggle
6366-XIVKZ,0,-0.43991649313097614,1,1,-0.7888002190384014,1,0,0,2,0,2,0,0,2,0,1,3,-0.05356611392428149,816.8,0,kaggle
3470-OBUET,0,-0.43991649313097614,1,1,1.4100994218432374,1,2,0,2,2,0,2,2,0,2,0,1,0.3070438351117673,4868.4,0,kaggle
2770-NSVDG,1,-0.43991649313097614,1,0,-0.3408762181180675,0,1,0,0,0,2,0,0,0,0,0,2,-1.1852498710374113,688.0,0,kaggle
9375-MHRRS,1,-0.43991649313097614,0,0,-1.0738427650786138,1,0,0,0,0,0,2,0,0,0,0,3,-0.4889569279678058,288.35,0,kaggle
2634-HCZGT,1,2.273158691738958,1,0,0.8400143297628127,1,2,0,2,0,0,2,0,0,1,1,2,-0.15659752793458118,3229.65,1,kaggle
7503-QQRVF,1,2.273158691738958,1,0,-0.6666391278783103,1,0,1,0,2,0,0,0,0,0,1,1,0.3170146171127639,1178.25,1,kaggle
4860-YZGZM,1,-0.43991649313097614,0,0,-0.9109613101984924,1,0,2,1,1,1,1,1,1,0,0,2,-1.4876969250676457,185.4,0,kaggle
6599-GZWCM,0,-0.43991649313097614,0,0,-0.7888002190384014,1,0,1,0,2,0,0,0,0,1,1,3,0.32864719611392706,966.25,0,kaggle
2691-NZETQ,1,-0.43991649313097614,0,0,-0.9516816739185228,1,2,1,0,0,0,0,2,0,0,1,2,0.684271754149477,758.6,1,kaggle
4404-HIBDJ,0,-0.43991649313097614,0,0,-0.30015585439803716,1,0,0,2,2,2,2,2,0,1,0,3,0.3170146171127639,1863.8,1,kaggle
5533-NHFRF,1,2.273158691738958,0,0,-1.0331224013585834,0,1,0,0,2,0,2,0,2,0,1,2,-0.6767399889865777,265.8,0,kaggle
7037-MTYVW,1,-0.43991649313097614,1,1,0.22920887396235737,1,2,0,2,0,2,2,2,2,2,1,0,0.6859335511496436,3297.0,0,kaggle
4760-THGOT,0,-0.43991649313097614,1,0,0.43281069256250915,1,2,1,2,2,0,0,0,2,0,1,2,0.9750862291785486,4107.3,0,kaggle
7295-JOMMD,0,-0.43991649313097614,0,1,-1.1552834925186746,1,0,1,0,0,2,2,2,2,0,1,0,1.1080299891918384,396.3,1,kaggle
4016-BJKTZ,0,-0.43991649313097614,0,0,-0.30015585439803716,1,2,1,0,2,2,2,2,2,2,0,2,1.4669781412277214,2809.05,0,kaggle
6584-VQMYT,1,-0.43991649313097614,0,1,-0.21871512695797646,1,0,0,2,2,0,0,0,0,1,0,3,-0.2845558969473725,1567.55,0,kaggle
9838-BFCQT,1,-0.43991649313097614,1,1,1.6137012404433893,1,2,2,1,1,1,1,1,1,2,0,3,-1.2849576910473786,1851.45,0,kaggle
2790-XUYMV,1,-0.43991649313097614,0,1,1.5729808767233588,1,2,1,2,2,0,0,0,0,1,1,1,0.6875953481498096,6028.95,0,kaggle
0581-MDMPW,0,-0.43991649313097614,0,0,-0.3408762181180675,1,2,1,0,0,2,0,2,0,0,1,1,0.8039211381614382,2072.75,0,kaggle
5013-SBUIH,0,-0.43991649313097614,0,0,0.7178532386027215,1,2,1,2,2,0,2,2,2,2,1,2,1.4919050962302134,5551.15,1,kaggle
1023-BQXZE,1,-0.43991649313097614,0,0,1.002895784642934,1,0,0,2,0,2,0,2,2,2,1,0,0.31867641411292996,4317.35,0,kaggle
9163-GHAYE,0,-0.43991649313097614,0,0,-0.7073594915983407,1,0,0,0,2,0,0,0,0,0,0,2,-0.5288400559717926,736.8,0,kaggle
3904-UKFRE,1,-0.43991649313097614,0,0,-1.1552834925186746,1,2,1,2,0,0,0,0,0,0,1,2,0.5097830691320341,336.15,0,kaggle
5353-WILCI,0,-0.43991649313097614,0,0,-0.1779947632379461,1,0,0,2,2,0,0,0,0,0,0,2,-0.28954128794787104,1522.65,0,kaggle
0709-TVGUR,0,2.273158691738958,0,0,-0.9516816739185228,1,2,1,0,0,0,0,0,0,0,1,2,0.32532360211359457,622.9,1,kaggle
0058-EVZWM,0,-0.43991649313097614,1,0,0.9214550572028734,1,2,1,2,0,0,0,2,0,0,1,0,0.8321716871642622,4959.6,0,kaggle
6023-YEBUP,1,-0.43991649313097614,0,0,-1.1960038562387048,1,2,1,0,0,2,0,2,2,0,1,2,1.2027524182013078,329.95,1,kaggle
7209-JCUDS,1,-0.43991649313097614,0,0,-0.9109613101984924,1,0,1,0,0,2,0,2,2,0,1,2,1.001674981181207,1048.85,1,kaggle
7009-PCARS,1,-0.43991649313097614,0,1,0.9214550572028734,1,0,2,1,1,1,1,1,1,1,0,0,-1.517609271070636,1001.5,0,kaggle
0519-DRGTI,0,-0.43991649313097614,1,1,-0.5037576729981889,1,0,2,1,1,1,1,1,1,0,0,3,-1.4760643460664828,442.6,0,kaggle
1017-FBQMM,0,-0.43991649313097614,1,1,1.2064976032430856,1,2,1,0,2,0,2,2,2,1,1,1,1.3722557122182522,6703.5,0,kaggle
3001-CBHLQ,1,2.273158691738958,1,0,-0.015113308357824713,1,2,1,0,0,2,2,2,2,0,1,2,1.3340343812144315,3351.55,1,kaggle
1985-MBRYP,0,-0.43991649313097614,0,0,0.43281069256250915,1,0,2,1,1,1,1,1,1,2,1,0,-1.4993295040688086,779.25,0,kaggle
6158-DWPZT,1,-0.43991649313097614,1,0,-0.9516816739185228,0,1,0,0,0,0,0,0,0,1,0,0,-1.3514295710540236,259.8,1,kaggle
9372-TXXPS,0,-0.43991649313097614,1,0,1.125056875803025,1,0,0,2,2,0,2,0,0,2,0,0,-0.16324471593524553,3483.45,0,kaggle
3259-QMXUN,1,-0.43991649313097614,1,0,1.0436161483629645,1,2,0,2,2,2,0,2,2,2,1,2,0.7091987091519689,4890.5,0,kaggle
1015-JPFYW,1,-0.43991649313097614,0,1,-1.0331224013585834,1,0,2,1,1,1,1,1,1,1,0,3,-1.505976692069473,136.75,0,kaggle
6645-MXQJT,1,-0.43991649313097614,1,1,-1.2367242199587352,1,0,1,2,0,0,0,2,2,0,0,2,1.074794049188516,184.15,0,kaggle
4360-QRAVE,1,2.273158691738958,0,0,0.18848851024232702,0,1,0,0,2,2,0,0,0,0,0,2,-0.9343185240123267,1315.0,0,kaggle
8433-WPJTV,0,2.273158691738958,1,1,1.3286586944031769,1,2,1,0,0,2,2,2,2,1,1,0,1.300798441211109,6767.1,0,kaggle
5804-JMYIO,0,-0.43991649313097614,1,1,0.26992923768238775,1,0,2,1,1,1,1,1,1,2,0,3,-1.4960059100684764,757.95,0,kaggle
3763-GCZHZ,1,-0.43991649313097614,1,0,1.369379058123207,1,2,1,0,2,0,2,2,2,1,1,2,1.3057838322116073,6890.0,1,kaggle
6484-LATFU,1,-0.43991649313097614,0,0,1.4508197855632678,1,2,2,1,1,1,1,1,1,2,0,3,-1.3364733980525287,1657.4,0,kaggle
7599-NTMDP,0,-0.43991649313097614,1,1,1.2064976032430856,0,1,0,2,2,0,2,2,0,2,0,0,-0.533825446972291,3008.55,0,kaggle
0772-GYEQQ,1,-0.43991649313097614,0,0,-1.1960038562387048,1,0,1,0,0,2,2,2,0,0,1,3,0.7839795741594444,262.05,1,kaggle
0536-ACXIP,0,-0.43991649313097614,1,0,1.6137012404433893,1,2,1,2,2,2,0,2,2,2,1,2,1.4885815022298807,8165.1,0,kaggle
0936-NQLJU,0,-0.43991649313097614,1,0,0.35136996512244845,1,0,2,1,1,1,1,1,1,2,0,1,-1.4660935640654862,875.55,0,kaggle
4831-EOBFE,1,-0.43991649313097614,1,1,-0.13727439951791576,1,0,1,2,0,0,0,2,2,0,0,1,0.9933659961803764,2649.15,1,kaggle
1575-KRZZE,0,-0.43991649313097614,0,0,-1.1552834925186746,1,0,0,2,2,0,0,0,0,0,0,2,-0.31779183695069496,220.65,0,kaggle
3251-YMVWZ,1,-0.43991649313097614,0,0,0.8400143297628127,1,2,2,1,1,1,1,1,1,1,0,0,-1.3530913680541898,1301.9,0,kaggle
4102-OQUPX,1,2.273158691738958,1,0,-1.2774445836787656,1,2,1,0,0,0,0,0,0,0,1,2,0.32033821111309646,74.4,1,kaggle
9170-GYZJC,0,-0.43991649313097614,1,1,0.35136996512244845,1,2,0,2,2,2,2,0,2,0,0,1,0.50313588113137,3326.2,1,kaggle
4884-LEVMQ,1,-0.43991649313097614,1,0,0.26992923768238775,1,0,2,1,1,1,1,1,1,2,1,0,-1.4727407520661506,790.0,0,kaggle
8857-CUPFQ,1,-0.43991649313097614,1,0,1.247217966963116,1,0,2,1,1,1,1,1,1,2,0,3,-1.5126238800701375,1237.65,0,kaggle
7610-TVOPG,1,-0.43991649313097614,0,0,-0.7073594915983407,1,2,2,1,1,1,1,1,1,0,1,2,-1.2766487060465481,378.6,0,kaggle
3638-DIMPH,0,-0.43991649313097614,1,0,-0.7888002190384014,1,0,0,0,0,0,0,0,0,1,0,2,-0.6966815529885713,592.65,0,kaggle
1845-ZLLIG,1,-0.43991649313097614,0,0,-1.2774445836787656,1,0,0,0,2,0,0,0,0,0,1,3,-0.4856333339674735,50.15,0,kaggle
8559-WNQZS,1,-0.43991649313097614,0,0,-1.2774445836787656,1,0,2,1,1,1,1,1,1,2,0,3,-1.4727407520661506,20.45,0,kaggle
3999-QGRJH,1,2.273158691738958,0,0,-0.9924020376385531,1,0,1,0,0,0,0,0,0,0,1,2,0.16412929309748078,560.85,1,kaggle
1699-UOTXU,1,-0.43991649313097614,0,0,1.125056875803025,1,0,0,2,2,2,0,0,0,2,0,2,-0.11172900893009581,3638.25,0,kaggle
2454-RPBRZ,0,2.273158691738958,1,0,-0.8295205827584317,1,2,1,0,2,2,0,2,0,0,1,2,1.1080299891918384,1060.2,1,kaggle
0635-WKOLD,1,-0.43991649313097614,1,0,0.3106496014024181,1,2,0,0,2,0,2,2,0,1,0,1,0.19902703010096928,2921.75,0,kaggle
5993-JSUWV,0,-0.43991649313097614,0,0,1.369379058123207,1,0,0,2,2,2,0,0,0,2,1,0,-0.12003799393092641,4017.45,0,kaggle
4518-FZBSX,1,-0.43991649313097614,1,1,0.3920903288424788,1,0,2,1,1,1,1,1,1,1,0,3,-1.479387940066815,854.9,0,kaggle
5387-ASZNZ,0,2.273158691738958,0,0,1.369379058123207,1,2,0,2,2,0,2,0,0,1,1,1,-0.030300955921955676,4174.35,0,kaggle
6988-CJEYV,1,-0.43991649313097614,0,0,0.6771328748826912,1,2,1,0,2,0,0,2,2,0,0,2,1.1279715531938321,4920.55,0,kaggle
2002-MZHWP,0,-0.43991649313097614,0,0,-1.2774445836787656,1,0,2,1,1,1,1,1,1,0,0,3,-1.4710789550659844,20.5,1,kaggle
3097-FQTVJ,0,-0.43991649313097614,0,0,0.35136996512244845,1,0,2,1,1,1,1,1,1,2,0,3,-1.4876969250676457,810.3,0,kaggle
5465-BUBFA,0,-0.43991649313097614,1,1,0.35136996512244845,1,0,2,1,1,1,1,1,1,2,0,0,-1.5109620830699715,772.4,0,kaggle
7299-GNVPL,0,-0.43991649313097614,1,1,-0.38159658183809786,1,0,1,2,2,0,2,0,0,0,0,3,0.6526976111463211,1936.85,0,kaggle
9743-DQKQW,1,-0.43991649313097614,0,0,-1.1960038562387048,0,1,0,0,0,0,0,0,0,0,0,2,-1.3181936310507012,79.8,0,kaggle
1215-VFYVK,0,-0.43991649313097614,0,0,-1.1552834925186746,0,1,0,2,0,2,2,0,2,0,0,3,-0.5487816199737862,202.25,0,kaggle
9371-BITHB,0,-0.43991649313097614,1,1,0.7992939660427822,1,0,2,1,1,1,1,1,1,2,0,3,-1.4926823160681442,1070.5,0,kaggle
2265-CYWIV,0,2.273158691738958,1,0,-1.1552834925186746,1,2,1,2,0,0,0,2,2,0,1,2,1.157883899196822,347.65,1,kaggle
9093-FPDLG,0,-0.43991649313097614,0,0,-0.8702409464784621,1,0,1,0,2,2,2,0,2,0,1,2,0.9784098231788811,999.9,0,kaggle
0541-FITGH,0,-0.43991649313097614,1,0,-1.2367242199587352,1,0,0,2,0,0,0,0,2,0,1,3,-0.08680205392760396,113.1,0,kaggle
6985-HAYWX,0,-0.43991649313097614,1,0,-0.2594354906780068,1,2,1,0,2,0,0,0,0,0,0,0,0.4831943171293762,2015.8,0,kaggle
7508-KBIMB,1,-0.43991649313097614,1,1,-0.3408762181180675,1,0,0,2,0,2,0,0,0,1,1,1,-0.28289409994720643,1454.25,0,kaggle
6838-HVLXG,0,-0.43991649313097614,0,0,-0.8295205827584317,1,0,2,1,1,1,1,1,1,0,0,3,-1.477726143066649,246.7,0,kaggle
2277-DJJDL,1,2.273158691738958,1,0,1.125056875803025,1,2,1,0,0,0,2,2,2,0,1,2,1.1379423351948288,6017.9,0,kaggle
1897-OKVMW,0,-0.43991649313097614,1,1,1.2879383306831464,1,2,0,2,2,2,2,2,2,2,1,3,0.85876043916692,5817.45,0,kaggle
5485-ITNPC,1,-0.43991649313097614,1,0,1.369379058123207,1,0,0,2,2,2,2,2,2,2,1,0,0.7025515211513048,5595.3,0,kaggle
0233-FTHAV,0,-0.43991649313097614,0,0,1.125056875803025,1,2,1,0,0,2,0,0,0,1,1,0,0.47987072312904416,4765.0,0,kaggle
4644-PIZRT,1,-0.43991649313097614,1,1,-0.62591876415828,1,2,0,2,0,2,0,2,0,1,1,0,0.1857326540996401,1201.65,0,kaggle
8922-NPKBJ,1,-0.43991649313097614,1,1,0.3920903288424788,1,0,2,1,1,1,1,1,1,2,0,3,-1.5093002860698053,867.3,0,kaggle
2740-TVLFN,1,-0.43991649313097614,0,0,-1.2774445836787656,1,2,0,0,0,0,0,0,0,0,1,2,-0.4856333339674735,50.15,0,kaggle
7771-CFQRQ,0,-0.43991649313097614,1,1,0.5956921474426305,1,0,0,0,2,0,2,0,2,2,0,0,-0.03196275292212194,3007.25,0,kaggle
9512-PHSMG,0,-0.43991649313097614,1,0,-0.9109613101984924,1,0,2,1,1,1,1,1,1,0,1,3,-1.4694171580658184,252.75,0,kaggle
6963-EZQEE,1,2.273158691738958,1,0,1.5322605130033284,1,2,0,2,2,2,2,2,2,2,1,1,0.7906267621601091,6306.5,0,kaggle
2452-KDRRH,1,2.273158691738958,0,0,1.4100994218432374,1,2,1,0,0,2,0,2,2,0,1,1,1.217708591202803,6841.05,0,kaggle
2004-OCQXK,0,-0.43991649313097614,0,0,-1.2774445836787656,1,0,1,0,0,0,0,0,2,0,1,2,0.5712695581381809,81.95,1,kaggle
5027-QPKTE,1,-0.43991649313097614,1,0,-1.0331224013585834,1,0,1,0,0,0,0,0,0,0,1,2,0.15249671409631763,451.1,1,kaggle
4146-SVFUD,1,-0.43991649313097614,0,0,-1.2774445836787656,1,0,0,0,0,0,0,0,0,0,0,3,-0.6700928009859131,44.6,0,kaggle
1564-HJUVY,1,-0.43991649313097614,0,0,-1.1552834925186746,1,0,0,0,2,0,2,2,0,0,1,0,-0.033624549922287965,226.2,0,kaggle
3617-XLSGQ,0,-0.43991649313097614,1,1,1.369379058123207,1,2,1,2,2,2,0,2,2,2,0,0,1.478610720228884,7082.5,0,kaggle
7517-LDMPS,0,-0.43991649313097614,0,0,-0.8295205827584317,1,0,1,0,2,0,0,0,2,0,1,2,0.6593447991469852,1017.35,0,kaggle
7244-KXYZN,0,-0.43991649313097614,0,0,-0.3408762181180675,1,0,2,1,1,1,1,1,1,1,0,1,-1.4727407520661506,527.35,0,kaggle
5226-NOZFC,1,-0.43991649313097614,0,0,-0.2594354906780068,1,0,1,0,2,0,0,2,0,0,1,2,0.6975661301508063,2146.5,0,kaggle
2672-HUYVI,0,-0.43991649313097614,0,0,-1.0738427650786138,1,0,1,0,0,0,0,2,2,0,1,2,0.8753784091685812,455.3,1,kaggle
1400-WIVLL,1,-0.43991649313097614,1,0,1.002895784642934,1,2,1,0,0,2,2,2,2,2,0,2,1.435403998224565,5969.85,0,kaggle
7508-MYBOG,1,-0.43991649313097614,1,0,-0.748079855318371,1,2,1,0,0,0,0,2,0,0,1,2,0.7091987091519689,1235.55,1,kaggle
8148-NLEGT,0,-0.43991649313097614,1,1,0.3920903288424788,1,2,2,1,1,1,1,1,1,2,0,2,-1.3896509020578445,1014.25,0,kaggle
0148-DCDOS,1,-0.43991649313097614,0,0,-0.30015585439803716,1,2,1,0,0,0,0,2,2,0,1,0,0.9950277931805424,2362.1,1,kaggle
8347-GDTMP,0,-0.43991649313097614,1,0,1.2879383306831464,1,0,2,1,1,1,1,1,1,2,0,1,-1.505976692069473,1225.65,0,kaggle
9992-RRAMN,1,-0.43991649313097614,1,0,-0.4223169455581282,1,2,1,0,0,0,0,0,2,0,1,2,0.6759627691486464,1873.7,1,kaggle
6746-WAUWT,1,-0.43991649313097614,0,0,-0.5444780367182193,1,0,2,1,1,1,1,1,1,1,1,1,-1.4976677070686424,386.5,0,kaggle
0310-MVLET,0,-0.43991649313097614,1,1,1.1657772395230555,1,2,1,0,2,0,0,2,2,0,1,2,1.1429277261953275,6010.05,1,kaggle
0428-IKYCP,1,-0.43991649313097614,1,0,-0.4223169455581282,1,0,1,0,0,2,0,2,0,0,1,0,0.7391110551549593,1850.65,0,kaggle
4550-VBOFE,1,2.273158691738958,1,0,1.5322605130033284,1,2,1,0,2,2,0,2,2,0,1,2,1.2692242982079527,7101.5,1,kaggle
2187-PKZAY,1,-0.43991649313097614,0,0,-0.8295205827584317,1,0,1,0,0,0,0,0,2,0,1,0,0.5047976781315361,1043.4,0,kaggle
4003-OCTMP,0,-0.43991649313097614,1,0,-0.055833672077855064,1,0,0,2,0,0,2,0,2,1,1,2,-0.025315564921457354,1910.75,0,kaggle
6652-YFFJO,0,-0.43991649313097614,0,0,-0.8702409464784621,1,0,0,0,0,0,0,2,2,0,1,2,0.004596781081533054,716.1,0,kaggle
7225-IILWY,1,-0.43991649313097614,1,1,1.4508197855632678,1,2,2,1,1,1,1,1,1,2,0,3,-1.2965902700485417,1686.15,0,kaggle
5248-RPYWW,0,2.273158691738958,1,1,1.6137012404433893,1,2,0,2,2,2,2,2,2,2,1,0,0.8438042661654253,6716.45,0,kaggle
7923-IYJWY,1,2.273158691738958,0,0,1.4100994218432374,1,2,1,2,2,2,2,2,2,2,1,1,1.7062769092516428,7839.85,0,kaggle
3170-GWYKC,0,-0.43991649313097614,0,0,1.125056875803025,1,0,1,2,0,2,2,2,2,0,1,0,1.3356961782145975,6236.75,0,kaggle
5696-QURRL,1,-0.43991649313097614,0,0,-1.2774445836787656,1,0,0,0,0,0,0,0,0,0,1,3,-0.6551366279844181,45.05,1,kaggle
7409-KIUTL,0,2.273158691738958,0,1,-1.2774445836787656,1,0,1,0,0,0,0,0,0,0,1,2,0.2073360151017999,71.0,1,kaggle
9830-ECLEN,1,-0.43991649313097614,1,1,1.0436161483629645,0,1,0,2,2,2,0,2,0,1,0,3,-0.4906187249679718,2919.85,0,kaggle
1732-VHUBQ,0,2.273158691738958,1,1,0.5956921474426305,1,0,1,0,0,0,0,0,0,0,0,0,0.19237984210030468,3309.25,1,kaggle
0495-RVCBF,0,-0.43991649313097614,0,0,-1.2774445836787656,1,0,1,0,0,0,0,0,2,0,1,2,0.4964886931307054,79.7,1,kaggle
2668-TZSPS,1,-0.43991649313097614,0,0,-1.2774445836787656,1,0,2,1,1,1,1,1,1,0,0,3,-1.4727407520661506,20.45,0,kaggle
7854-EDSSA,1,-0.43991649313097614,0,0,-0.4223169455581282,1,2,0,2,2,0,0,0,0,0,0,2,-0.19149526493806968,1254.7,1,kaggle
8869-TORSS,0,-0.43991649313097614,0,0,0.6364125111626608,1,0,0,2,0,2,2,0,0,1,1,1,-0.1466267459335843,2896.4,1,kaggle
7446-SFAOA,0,-0.43991649313097614,1,0,0.18848851024232702,1,0,2,1,1,1,1,1,1,1,1,0,-1.4926823160681442,717.5,0,kaggle
9522-ZSINC,1,-0.43991649313097614,0,0,-0.7888002190384014,1,0,2,1,1,1,1,1,1,1,1,2,-1.4893587220678117,253.8,0,kaggle
8234-GSZYK,1,-0.43991649313097614,0,0,0.43281069256250915,1,2,2,1,1,1,1,1,1,2,0,0,-1.2733251120462157,1110.05,0,kaggle
6505-OZNPG,0,-0.43991649313097614,0,0,-1.0738427650786138,0,1,0,2,2,2,2,2,2,2,1,3,-0.04525712892345088,348.8,0,kaggle
6164-HAQTX,1,-0.43991649313097614,0,0,1.5729808767233588,0,1,0,2,2,2,2,2,0,2,0,0,-0.35933676195484804,3888.65,0,kaggle
0679-IDSTG,0,2.273158691738958,1,1,-1.2774445836787656,1,0,1,0,0,0,0,0,0,0,1,2,0.14917312009598557,69.25,1,kaggle
7765-LWVVH,0,-0.43991649313097614,1,1,1.6137012404433893,1,2,1,2,2,0,0,2,0,2,1,2,1.0083221691818711,6843.15,0,kaggle
1658-TJVOA,0,2.273158691738958,0,0,-1.0738427650786138,1,0,1,2,0,0,0,0,0,0,1,2,0.31036742911209936,450.9,0,kaggle
0953-LGOVU,1,-0.43991649313097614,1,1,-0.8295205827584317,0,1,0,0,2,0,2,0,0,0,0,3,-0.9725398550161476,432.25,0,kaggle
2115-BFTIW,1,-0.43991649313097614,0,0,-0.30015585439803716,1,0,1,0,0,0,0,0,0,0,0,3,0.20567421810163386,1767.35,1,kaggle
4692-NNQRU,0,-0.43991649313097614,1,0,-0.46303730927815856,1,0,1,0,0,2,2,0,0,1,0,2,0.47987072312904416,1742.45,0,kaggle
7742-MYPGI,0,-0.43991649313097614,1,1,-1.0738427650786138,1,0,0,0,0,0,2,0,0,0,1,3,-0.5305018529719588,297.35,0,kaggle
0611-DFXKO,1,-0.43991649313097614,1,0,-0.5037576729981889,1,0,1,0,0,0,0,2,2,0,1,3,0.8055829351616043,1820.45,1,kaggle
7780-OTDSO,1,-0.43991649313097614,1,0,-0.5851984004382496,1,2,1,2,0,0,0,2,2,0,1,2,1.1512367111961581,1742.95,1,kaggle
9619-GSATL,0,-0.43991649313097614,0,0,0.43281069256250915,1,0,0,0,2,0,2,0,0,1,0,2,-0.3094828519498643,2444.25,0,kaggle
5622-UEJFI,0,-0.43991649313097614,1,1,0.10704778280226633,1,2,2,1,1,1,1,1,1,2,1,1,-1.3082228490497045,949.8,0,kaggle
9747-DDZOS,0,-0.43991649313097614,0,0,-1.2774445836787656,1,0,1,0,0,2,0,0,0,0,0,0,0.29042586511010604,73.5,1,kaggle
0674-DGMAQ,1,2.273158691738958,1,0,-0.015113308357824713,1,2,1,0,2,2,0,0,2,0,1,2,0.9551446651765553,2970.8,0,kaggle
6203-HBZPA,1,-0.43991649313097614,0,0,0.7992939660427822,0,1,0,2,2,2,2,2,2,2,0,1,-0.028639158921789646,3334.95,0,kaggle
0484-FFVBJ,1,-0.43991649313097614,0,0,-0.015113308357824713,1,0,0,0,0,0,0,2,2,1,1,0,0.0029349840813665527,2010.95,0,kaggle
0301-FIDRB,0,-0.43991649313097614,1,1,1.6137012404433893,0,1,0,2,2,2,2,2,2,2,1,0,-0.03196275292212194,4684.3,0,kaggle
4139-JPIAM,1,-0.43991649313097614,0,0,0.758573602322752,0,1,0,2,0,0,2,0,2,0,1,1,-0.6750781919864114,2181.55,0,kaggle
2181-TIDSV,1,-0.43991649313097614,1,1,1.4508197855632678,1,0,2,1,1,1,1,1,1,2,1,0,-1.4893587220678117,1303.25,0,kaggle
2761-XECQW,1,2.273158691738958,1,0,-0.9924020376385531,0,1,0,0,2,2,0,0,2,0,1,3,-0.7116377259900661,371.4,0,kaggle
1936-CZAKF,1,-0.43991649313097614,1,0,0.6771328748826912,0,1,0,0,2,0,0,2,2,2,0,1,-0.5022513039691348,2409.9,0,kaggle
9453-PATOS,0,-0.43991649313097614,1,0,1.6137012404433893,1,0,0,2,2,2,2,2,2,2,0,3,0.6759627691486464,6155.4,0,kaggle
0564-JJHGS,1,-0.43991649313097614,0,0,-0.9516816739185228,1,2,1,0,0,0,0,2,2,0,1,2,1.0216165451832002,829.1,1,kaggle
3348-CFRNX,0,-0.43991649313097614,1,0,-0.1779947632379461,1,0,1,2,0,0,0,2,2,0,1,3,0.9169233341727343,2602.9,1,kaggle
4402-FTBXC,1,-0.43991649313097614,0,0,0.880734693482843,1,0,1,2,0,2,0,2,0,0,0,3,0.8321716871642622,4667.0,0,kaggle
1428-GTBJJ,1,-0.43991649313097614,0,0,-0.8702409464784621,1,0,1,0,2,0,0,0,0,0,1,2,0.32532360211359457,824.75,1,kaggle
2931-XIQBR,0,-0.43991649313097614,1,1,0.7178532386027215,1,0,1,0,0,2,2,2,2,1,0,3,1.2725478922082847,5153.5,0,kaggle
0106-UGRDO,0,-0.43991649313097614,1,0,1.4915401492832983,1,2,1,2,2,2,2,2,2,2,1,2,1.7029533152513108,8182.85,0,kaggle
5542-TBBWB,1,-0.43991649313097614,0,0,-1.2774445836787656,1,0,1,0,0,0,0,0,0,0,1,2,0.17077648109814536,69.9,0,kaggle
1930-QPBVZ,1,-0.43991649313097614,1,1,1.4508197855632678,1,0,1,2,2,0,2,0,2,2,0,0,1.0083221691818711,6683.4,0,kaggle
2606-PKWJB,1,-0.43991649313097614,0,1,0.3106496014024181,0,1,0,2,2,0,2,0,0,1,0,3,-0.8146691400003658,1564.05,0,kaggle
5322-ZSMZY,1,-0.43991649313097614,1,1,-0.055833672077855064,1,2,2,1,1,1,1,1,1,2,0,3,-1.2965902700485417,755.6,0,kaggle
8059-UDZFY,0,2.273158691738958,0,1,0.025607055362205634,1,2,1,0,2,2,0,2,2,0,1,0,1.3489905542159264,3465.05,0,kaggle
7740-BTPUX,1,2.273158691738958,1,0,0.9214550572028734,1,2,1,0,2,2,2,2,2,2,1,2,1.6231870592433366,6292.7,0,kaggle
5220-AGAAX,1,-0.43991649313097614,1,1,1.4508197855632678,1,2,2,1,1,1,1,1,1,2,1,0,-1.3547531650543558,1664.3,0,kaggle
0208-BPQEJ,0,-0.43991649313097614,1,1,-0.8295205827584317,1,0,2,1,1,1,1,1,1,0,0,0,-1.5076384890696393,198.1,0,kaggle
9435-JMLSX,1,-0.43991649313097614,1,0,1.5729808767233588,1,0,0,2,2,2,2,2,2,2,1,0,0.7091987091519689,6045.9,0,kaggle
3352-ALMCK,1,-0.43991649313097614,0,0,0.3106496014024181,1,2,1,0,2,2,0,2,2,0,1,3,1.259253516206956,4108.15,0,kaggle
5312-IRCFR,0,-0.43991649313097614,1,1,1.2879383306831464,1,2,1,0,2,2,0,0,2,1,1,2,0.9335413041743955,5980.75,0,kaggle
5294-IMHHT,1,-0.43991649313097614,1,0,0.8400143297628127,1,2,1,0,2,0,2,0,2,1,0,0,1.0963974101906757,5043.2,0,kaggle
8802-UNOJF,1,2.273158691738958,0,0,-0.8295205827584317,1,0,1,0,2,2,2,0,0,0,1,3,0.6327560471443273,1029.75,1,kaggle
6313-GIDIT,1,2.273158691738958,0,0,0.8400143297628127,0,1,0,0,2,2,0,2,2,0,1,2,-0.3427187919531868,2854.55,1,kaggle
6176-YJWAS,1,-0.43991649313097614,1,0,1.6137012404433893,1,2,1,2,2,2,0,2,0,2,1,1,1.1030445981913404,7114.25,0,kaggle
5310-NOOVA,1,-0.43991649313097614,0,0,0.5549717837226001,1,0,2,1,1,1,1,1,1,2,0,2,-1.4893587220678117,907.05,0,kaggle
4526-EXKKN,1,-0.43991649313097614,0,0,0.3106496014024181,1,2,2,1,1,1,1,1,1,2,1,3,-1.3348116010523623,973.95,0,kaggle
5311-IHLEI,1,-0.43991649313097614,0,0,-0.8295205827584317,0,1,0,2,2,0,2,2,0,0,1,0,-0.4590445819648154,605.75,0,kaggle
3987-KQDDU,1,-0.43991649313097614,0,0,-0.9516816739185228,1,0,1,2,0,0,0,0,0,0,0,2,0.36022133911708304,661.55,0,kaggle
3404-JNXAX,0,-0.43991649313097614,1,1,0.758573602322752,1,2,1,0,0,0,2,0,0,0,1,2,0.531386430134194,4116.9,0,kaggle
5131-PONJI,1,-0.43991649313097614,1,1,0.6771328748826912,1,0,1,0,2,2,0,2,0,0,1,1,0.8521132511662559,4494.65,0,kaggle
2845-AFFTX,1,2.273158691738958,1,0,0.35136996512244845,1,2,1,0,0,2,0,2,2,0,1,2,1.1645310871974868,4259.3,1,kaggle
3489-VSFRD,0,-0.43991649313097614,0,0,0.9621754209229036,1,0,0,2,0,2,2,0,0,1,1,1,-0.1499503399339166,3282.75,0,kaggle
3345-JHUEO,1,-0.43991649313097614,0,0,-1.1552834925186746,1,0,2,1,1,1,1,1,1,0,1,2,-1.481049737066981,55.7,0,kaggle
5815-HGGHV,1,-0.43991649313097614,1,0,-0.5037576729981889,1,0,0,2,0,0,2,0,2,1,1,3,-0.020330173920958795,1274.45,0,kaggle
5260-UMPWX,0,-0.43991649313097614,1,1,-0.2594354906780068,1,0,2,1,1,1,1,1,1,0,1,1,-1.479387940066815,493.95,0,kaggle
2249-YPRNG,0,-0.43991649313097614,1,1,-0.5037576729981889,1,2,1,0,2,2,0,2,2,0,1,0,1.3656085242175875,2239.65,1,kaggle
7410-YTJIK,0,-0.43991649313097614,0,0,-1.0331224013585834,1,2,1,0,0,0,0,0,0,0,0,3,0.35523594811658493,480.75,1,kaggle
4626-GYCZP,1,-0.43991649313097614,0,0,-1.0331224013585834,1,2,1,0,0,0,0,2,2,0,1,2,0.966777244177718,635.6,1,kaggle
5649-RXQTV,1,-0.43991649313097614,0,0,0.758573602322752,1,0,1,0,2,2,0,2,2,0,1,2,1.1379423351948288,5038.15,0,kaggle
2674-MIAHT,0,-0.43991649313097614,0,0,-1.1552834925186746,1,2,1,0,2,0,0,0,0,0,1,3,0.5164302571326987,324.2,0,kaggle
2576-HXMPA,0,-0.43991649313097614,0,0,-1.2774445836787656,1,0,2,1,1,1,1,1,1,0,0,1,-1.502653098069141,19.55,0,kaggle
7587-AOVVU,1,-0.43991649313097614,1,1,-0.21871512695797646,1,2,1,2,2,0,2,2,0,0,0,2,1.1961052302006432,2793.55,0,kaggle
5590-BYNII,1,-0.43991649313097614,0,0,-0.4223169455581282,1,2,1,2,0,0,0,2,2,0,1,2,1.1961052302006432,2095.0,1,kaggle
6898-MDLZW,1,-0.43991649313097614,0,0,-0.8295205827584317,1,0,0,0,2,0,2,0,0,0,1,3,-0.3659839499555126,648.65,0,kaggle
3237-AJGEH,0,-0.43991649313097614,1,1,-1.1960038562387048,0,1,0,0,0,0,2,0,0,0,1,3,-1.1221015850310987,95.05,1,kaggle
4707-YNOQA,0,-0.43991649313097614,1,1,0.06632741908223598,1,2,2,1,1,1,1,1,1,1,1,1,-1.3015756610490399,917.15,0,kaggle
9357-UJRUN,1,-0.43991649313097614,1,0,-0.3408762181180675,1,2,0,2,0,0,2,0,0,1,1,2,-0.2130986259402292,1346.9,0,kaggle
1591-NFNLQ,1,-0.43991649313097614,0,0,0.758573602322752,1,2,1,0,0,2,0,0,0,0,0,1,0.5064594751317021,4242.35,1,kaggle
8648-PFRMP,0,2.273158691738958,0,0,-0.748079855318371,0,1,0,0,0,0,0,2,2,0,1,2,-0.6119299059800988,672.7,0,kaggle
7663-CUXZB,1,-0.43991649313097614,1,0,1.0843365120829946,1,2,1,2,2,2,2,2,2,2,0,2,1.6281724502438353,6561.25,0,kaggle
0258-NOKBL,1,-0.43991649313097614,0,0,-1.1960038562387048,1,0,1,0,2,2,0,0,2,0,0,2,0.8521132511662559,268.45,0,kaggle
1163-VIPRI,0,-0.43991649313097614,1,1,1.3286586944031769,1,2,1,2,0,2,2,2,2,2,0,2,1.48027251722905,7337.55,0,kaggle
2815-CPTUL,1,2.273158691738958,0,0,-1.1145631287986442,1,0,1,0,0,0,0,0,0,0,1,3,0.18240906009930805,331.9,1,kaggle
9348-ROUAI,0,-0.43991649313097614,1,1,1.0843365120829946,1,2,0,2,2,2,2,2,2,2,0,1,0.8487896571659234,5194.05,0,kaggle
9443-JUBUO,1,-0.43991649313097614,1,1,1.6137012404433893,0,1,0,2,2,2,2,2,2,2,1,1,0.016229360082695727,4478.85,0,kaggle
0596-BQCEQ,0,-0.43991649313097614,1,1,1.2064976032430856,1,0,1,0,2,2,0,2,2,0,1,2,1.1761636661986499,6283.3,1,kaggle
1481-ZUWZA,1,-0.43991649313097614,0,0,-0.1779947632379461,1,2,1,2,2,0,0,0,2,0,1,1,0.9883806051798778,2659.4,1,kaggle
3043-TYBNO,1,-0.43991649313097614,0,0,-1.1960038562387048,1,0,0,0,0,0,2,0,2,0,0,3,-0.13665596393258767,196.9,0,kaggle
4830-FAXFM,1,-0.43991649313097614,0,1,-0.5444780367182193,1,2,2,1,1,1,1,1,1,0,1,1,-1.3514295710540236,439.2,0,kaggle
5906-BFOZT,1,-0.43991649313097614,0,0,-1.2774445836787656,1,0,2,1,1,1,1,1,1,0,1,3,-1.504314895069307,19.5,0,kaggle
2960-NKRSO,1,-0.43991649313097614,0,0,-0.3408762181180675,1,0,1,0,2,2,2,0,0,0,1,2,0.7042133181514708,2107.15,0,kaggle
8996-ZROXE,1,2.273158691738958,0,0,1.002895784642934,1,0,0,0,0,2,2,0,0,1,1,2,-0.3742929349563432,3035.8,0,kaggle
5598-IKHQQ,0,-0.43991649313097614,0,0,1.6137012404433893,1,2,2,1,1,1,1,1,1,2,0,1,-1.3065610520495383,1866.45,0,kaggle
0397-ZXWQF,1,-0.43991649313097614,0,0,1.4100994218432374,1,0,2,1,1,1,1,1,1,2,0,0,-1.4710789550659844,1430.95,0,kaggle
5266-PFRQK,1,-0.43991649313097614,1,1,0.7992939660427822,1,0,2,1,1,1,1,1,1,1,1,1,-1.4594463760648215,1071.6,0,kaggle
4674-HGNUA,1,-0.43991649313097614,1,1,1.5729808767233588,1,2,0,2,2,2,2,2,2,2,0,1,0.8354952811645946,6457.15,0,kaggle
6765-MBQNU,0,-0.43991649313097614,1,0,-0.2594354906780068,1,2,2,1,1,1,1,1,1,1,0,3,-1.288281285047711,684.05,0,kaggle
9786-IJYDL,0,-0.43991649313097614,0,0,0.10704778280226633,1,2,1,2,2,2,2,2,2,2,1,3,1.609892683242008,3914.05,0,kaggle
1303-SRDOK,0,-0.43991649313097614,1,1,0.9214550572028734,1,0,1,0,0,0,0,0,0,2,1,1,0.142525932095321,3842.6,0,kaggle
3769-MHZNV,0,-0.43991649313097614,1,1,0.025607055362205634,1,0,2,1,1,1,1,1,1,2,0,3,-1.4843733310673135,670.35,0,kaggle
6295-OSINB,1,-0.43991649313097614,1,0,1.6137012404433893,1,2,1,2,2,2,0,2,2,2,1,2,1.4919050962302134,7880.25,0,kaggle
3308-MHOOC,1,-0.43991649313097614,0,1,-1.2774445836787656,1,0,2,1,1,1,1,1,1,0,1,3,-1.5142856770703037,19.2,0,kaggle
2309-OSFEU,1,-0.43991649313097614,0,0,-0.9109613101984924,0,1,0,0,0,0,0,0,2,0,1,3,-1.0257173590214634,298.45,1,kaggle
2207-QPJED,0,2.273158691738958,1,0,0.18848851024232702,1,0,1,0,0,2,2,2,0,0,0,2,0.8388188751649267,3371.75,0,kaggle
4177-JPDFU,1,-0.43991649313097614,0,0,-0.8295205827584317,0,1,0,0,2,0,2,0,0,0,0,3,-1.0223937650211312,442.45,0,kaggle
2239-CFOUJ,1,-0.43991649313097614,1,1,-1.2774445836787656,1,0,2,1,1,1,1,1,1,1,0,3,-1.4744025490663168,20.4,0,kaggle
8046-DNVTL,1,-0.43991649313097614,1,0,1.2064976032430856,0,1,0,2,2,0,2,0,0,2,1,1,-0.8695084410058479,2345.55,0,kaggle
2209-XADXF,0,-0.43991649313097614,0,0,-1.2774445836787656,0,1,0,0,0,0,0,0,0,0,0,0,-1.3132082400502028,25.25,0,kaggle
6620-JDYNW,0,-0.43991649313097614,0,0,-0.5851984004382496,1,2,0,2,0,2,0,0,0,0,1,3,-0.1383177609327537,1156.35,0,kaggle
1891-FZYSA,1,2.273158691738958,1,0,1.4915401492832983,1,2,1,0,2,0,0,2,0,0,1,2,0.8371570781647607,6143.15,1,kaggle
4770-UEZOX,1,-0.43991649313097614,0,0,-1.2367242199587352,1,0,1,0,2,0,0,0,0,0,1,2,0.3319707901142591,144.8,0,kaggle
1038-RQOST,1,-0.43991649313097614,1,1,-0.5444780367182193,1,0,2,1,1,1,1,1,1,0,0,3,-1.4677553610656522,414.95,0,kaggle
7613-LLQFO,1,-0.43991649313097614,0,0,-0.8295205827584317,1,2,1,0,0,0,0,2,0,0,1,2,0.6543594081464871,1059.55,1,kaggle
4568-TTZRT,1,-0.43991649313097614,0,0,-0.9516816739185228,1,0,2,1,1,1,1,1,1,0,0,3,-1.4744025490663168,181.8,0,kaggle
9513-DXHDA,1,-0.43991649313097614,0,0,-0.21871512695797646,1,0,0,2,0,2,2,2,2,1,0,2,0.5629605731373504,2212.55,0,kaggle
2640-PMGFL,1,-0.43991649313097614,0,1,-0.21871512695797646,1,2,1,0,0,0,2,0,0,0,1,2,0.4898415051300408,2180.55,1,kaggle
3801-HMYNL,1,-0.43991649313097614,1,1,-1.2774445836787656,1,0,1,0,0,0,0,2,2,0,0,3,0.8105683261621028,89.15,1,kaggle
0516-QREYC,0,2.273158691738958,0,0,-0.3408762181180675,1,0,2,1,1,1,1,1,1,0,1,3,-1.477726143066649,459.95,0,kaggle
9685-WKZGT,1,2.273158691738958,0,0,-0.748079855318371,1,2,1,0,0,0,0,0,0,0,1,2,0.3386179781149237,1036.75,1,kaggle
6022-UGGSO,0,2.273158691738958,0,0,-0.015113308357824713,1,0,1,0,2,0,0,0,0,0,1,2,0.32033821111309646,2276.95,1,kaggle
8084-OIVBS,0,-0.43991649313097614,0,0,-0.8702409464784621,1,0,2,1,1,1,1,1,1,1,0,3,-1.4876969250676457,211.95,0,kaggle
8896-BQTTI,1,-0.43991649313097614,0,0,-1.2774445836787656,1,2,2,1,1,1,1,1,1,0,1,3,-1.3215172250510334,25.0,0,kaggle
3865-QBWSJ,1,2.273158691738958,0,1,0.22920887396235737,1,2,1,2,0,0,0,0,0,0,1,3,0.5214156481331973,3162.65,0,kaggle
3352-RICWQ,0,-0.43991649313097614,1,1,-0.9516816739185228,1,0,2,1,1,1,1,1,1,2,0,3,-1.4960059100684764,210.65,0,kaggle
2160-GPFXD,1,-0.43991649313097614,1,1,0.880734693482843,1,2,0,2,2,0,2,0,0,2,1,1,0.0295237360840249,3566.7,0,kaggle
2065-MMKGR,0,-0.43991649313097614,0,0,-0.13727439951791576,1,2,0,0,0,0,0,2,2,1,1,1,0.2073360151017999,2080.1,0,kaggle
5857-TYBCJ,1,2.273158691738958,1,0,0.47353105628253944,1,2,1,0,0,2,0,2,0,0,1,2,0.8122301231622688,4040.2,0,kaggle
1498-NHTLT,1,-0.43991649313097614,1,1,1.0843365120829946,1,0,0,2,2,2,2,2,2,2,1,2,0.7308020701541287,5186.0,0,kaggle
4484-CGXFK,0,-0.43991649313097614,0,0,-1.1960038562387048,1,0,0,0,0,0,0,0,2,0,1,2,-0.31446824295036285,196.15,1,kaggle
1402-PTHGN,0,-0.43991649313097614,1,1,-0.5851984004382496,1,0,0,2,2,0,2,0,0,1,1,3,-0.10840541492976351,1087.45,0,kaggle
4176-RELJR,1,2.273158691738958,0,0,1.4100994218432374,1,2,2,1,1,1,1,1,1,2,0,1,-1.3181936310507012,1672.15,0,kaggle
6214-EDAKZ,0,-0.43991649313097614,1,1,-0.4223169455581282,1,0,0,0,2,0,2,0,0,0,0,2,-0.3194536339508612,1206.05,1,kaggle
5199-FPUSP,1,-0.43991649313097614,0,1,0.025607055362205634,0,1,0,2,0,0,2,0,0,1,0,1,-1.0207319680209652,1113.95,0,kaggle
6377-KSLXC,1,-0.43991649313097614,0,0,-1.1145631287986442,1,0,2,1,1,1,1,1,1,0,0,3,-1.4893587220678117,107.05,0,kaggle
1796-JANOW,0,-0.43991649313097614,0,0,-1.2367242199587352,1,0,2,1,1,1,1,1,1,0,0,3,-1.4893587220678117,38.15,0,kaggle
0238-WHBIQ,1,-0.43991649313097614,1,1,1.6137012404433893,1,2,0,2,2,2,2,2,2,2,0,1,0.82884809316393,6339.3,0,kaggle
8735-NBLWT,1,-0.43991649313097614,0,1,-0.9516816739185228,1,0,2,1,1,1,1,1,1,0,0,3,-1.4744025490663168,184.1,0,kaggle
6651-RLGGM,1,-0.43991649313097614,1,1,1.4100994218432374,1,2,2,1,1,1,1,1,1,2,0,3,-1.2783105030467143,1688.9,0,kaggle
6127-ISGTU,0,-0.43991649313097614,1,0,-0.6666391278783103,1,2,1,0,0,0,0,2,0,0,1,2,0.6709773781481484,1378.25,1,kaggle
1614-JBEBI,0,-0.43991649313097614,0,0,-0.9924020376385531,1,0,2,1,1,1,1,1,1,0,1,3,-1.46443176706532,137.6,0,kaggle
8740-XLHDR,1,-0.43991649313097614,0,0,-1.1145631287986442,0,1,0,2,2,2,2,0,0,0,1,3,-0.7149613199903985,219.0,1,kaggle
1208-DNHLN,1,-0.43991649313097614,1,1,-0.38159658183809786,1,2,0,0,0,0,0,0,0,1,1,1,-0.5454580259734538,1067.15,1,kaggle
1761-AEZZR,1,-0.43991649313097614,0,0,-1.2774445836787656,1,0,1,0,0,0,0,2,0,0,1,2,0.4915033021302069,79.55,1,kaggle
3923-CSIHK,0,2.273158691738958,1,0,0.7178532386027215,1,0,1,0,0,0,0,0,0,0,1,2,0.2089978121019659,3444.85,1,kaggle
5696-EXCYS,1,-0.43991649313097614,0,0,-0.62591876415828,1,0,2,1,1,1,1,1,1,2,0,1,-1.505976692069473,369.05,0,kaggle
5795-KTGUD,0,-0.43991649313097614,1,0,1.4508197855632678,1,2,1,2,2,2,0,2,2,2,1,0,1.5301264272340338,7553.6,0,kaggle
7120-RFMVS,1,-0.43991649313097614,0,0,-1.2774445836787656,1,2,1,0,0,0,0,2,0,0,0,2,0.6560212051466532,84.5,1,kaggle
7924-GJZFI,0,2.273158691738958,1,0,-0.30015585439803716,1,0,1,0,0,0,0,0,0,0,1,2,0.1508349170961516,1813.1,0,kaggle
4702-HDRKD,1,-0.43991649313097614,0,0,1.4100994218432374,0,1,0,2,0,2,2,2,0,1,1,0,-0.5122220859701314,3321.35,0,kaggle
8512-WIWYV,1,-0.43991649313097614,0,0,-0.015113308357824713,1,0,2,1,1,1,1,1,1,1,0,1,-1.4760643460664828,707.5,0,kaggle
5897-ZYEKH,0,2.273158691738958,1,0,1.4100994218432374,1,2,1,2,2,0,0,2,2,1,1,2,1.3572995392167568,7112.15,0,kaggle
5456-ITGIC,1,2.273158691738958,1,0,1.6137012404433893,0,1,0,2,2,2,2,2,2,2,1,1,-0.010359391919962149,4641.1,0,kaggle
7317-GGVPB,1,-0.43991649313097614,1,0,1.5729808767233588,1,2,1,0,2,2,2,2,2,2,1,1,1.4570073592267243,7690.9,1,kaggle
1406-PUQVY,1,-0.43991649313097614,0,1,-1.2774445836787656,1,0,0,0,2,0,0,0,0,0,1,2,-0.49394231896830415,49.9,0,kaggle
1322-AGOQM,1,-0.43991649313097614,0,0,0.5549717837226001,0,1,0,0,2,0,0,0,0,0,0,0,-1.1453667430334245,1380.1,1,kaggle
3677-IYRBF,0,2.273158691738958,0,0,-1.2367242199587352,0,1,0,0,0,2,0,0,0,0,1,2,-1.1420431490330922,78.65,1,kaggle
5692-FPTAH,0,-0.43991649313097614,0,0,-1.2774445836787656,1,0,0,0,0,0,0,0,0,0,1,3,-0.6435040489832552,45.4,1,kaggle
9114-AAFQH,0,-0.43991649313097614,1,0,0.6364125111626608,1,0,0,0,2,2,0,0,2,1,1,2,0.0295237360840249,3094.65,0,kaggle
8715-KKTFG,0,-0.43991649313097614,1,0,1.1657772395230555,1,2,1,0,0,2,2,2,2,1,1,0,1.2808568772091153,6518.35,0,kaggle
1550-LOAHA,0,-0.43991649313097614,1,0,-0.015113308357824713,1,0,1,0,2,0,0,0,2,0,0,0,0.6443886261454905,2585.95,1,kaggle
1728-BQDMA,0,-0.43991649313097614,0,0,-1.2367242199587352,1,0,0,0,0,0,0,0,0,0,0,2,-0.6750781919864114,82.7,0,kaggle
0268-QKIWO,0,-0.43991649313097614,0,0,-1.1960038562387048,1,0,2,1,1,1,1,1,1,0,0,2,-1.4960059100684764,58.85,1,kaggle
0876-WDUUZ,0,-0.43991649313097614,0,0,-1.1145631287986442,1,0,1,0,0,0,2,0,2,0,1,1,0.6859335511496436,425.9,1,kaggle
5117-ZSMHQ,0,-0.43991649313097614,1,1,1.5729808767233588,1,2,0,2,2,2,2,2,2,2,0,0,0.8354952811645946,6342.7,0,kaggle
5151-HQRDG,1,-0.43991649313097614,1,0,0.18848851024232702,1,2,0,2,0,0,0,0,0,0,1,3,-0.3227772279511935,2030.75,0,kaggle
0960-HUWBM,1,-0.43991649313097614,1,1,1.3286586944031769,1,2,1,0,0,2,2,2,2,2,1,0,1.3074456292117733,6700.05,0,kaggle
6465-GSRCL,0,-0.43991649313097614,0,1,1.4100994218432374,1,2,1,0,2,0,2,2,2,1,1,0,1.3905354792200795,7244.7,0,kaggle
0617-FHSGK,1,-0.43991649313097614,0,1,0.6771328748826912,1,2,1,0,0,0,0,0,0,0,0,1,0.3469269631157543,3678.3,1,kaggle
0263-FJTQO,1,-0.43991649313097614,1,1,0.7178532386027215,1,2,0,2,0,0,2,2,0,2,1,1,0.19071804510013865,3486.65,0,kaggle
7319-ZNRTR,1,-0.43991649313097614,1,1,-0.30015585439803716,1,0,2,1,1,1,1,1,1,1,0,2,-1.5009913010689746,411.15,0,kaggle
2858-MOFSQ,0,-0.43991649313097614,0,1,-0.62591876415828,1,2,0,0,0,2,0,0,0,1,1,3,-0.29618847594853537,937.5,1,kaggle
7503-EPSZW,0,-0.43991649313097614,1,1,1.2879383306831464,1,2,2,1,1,1,1,1,1,2,1,3,-1.3530913680541898,1559.15,0,kaggle
7089-XXAYG,1,-0.43991649313097614,1,0,-0.30015585439803716,0,1,0,0,0,2,0,2,0,1,1,1,-0.8861264110075091,970.4,0,kaggle
8118-LSUEL,1,2.273158691738958,0,0,-0.38159658183809786,1,2,1,0,2,2,0,2,2,0,1,2,1.3838882912194153,2483.5,1,kaggle
8070-AAWZP,1,2.273158691738958,1,0,-0.3408762181180675,0,1,0,0,0,2,2,0,0,0,0,3,-1.0140847800203006,828.2,0,kaggle
1666-JXLKU,0,-0.43991649313097614,0,0,0.18848851024232702,1,2,1,0,0,2,0,2,2,0,1,2,1.1728400721983174,3810.55,0,kaggle
7855-DIWPO,0,-0.43991649313097614,0,0,-0.46303730927815856,1,0,1,0,0,0,0,0,0,0,1,2,0.12923155609399228,1493.2,0,kaggle
5133-POWUA,1,-0.43991649313097614,0,0,-1.2774445836787656,1,0,0,0,0,0,0,0,0,0,1,3,-0.6302096729819263,45.8,0,kaggle
5652-MSDEY,0,-0.43991649313097614,0,0,-0.9109613101984924,1,2,1,0,0,0,0,0,0,0,1,3,0.3652067301175816,777.3,0,kaggle
7005-CCBKV,1,-0.43991649313097614,0,0,-1.0738427650786138,1,0,1,0,2,0,0,0,2,0,1,2,0.6526976111463211,556.35,1,kaggle
1810-BOHSY,1,-0.43991649313097614,1,0,0.758573602322752,1,2,1,2,2,0,0,0,2,1,1,1,1.0515288911861906,4911.05,0,kaggle
1784-BXEFA,0,-0.43991649313097614,0,0,-0.9109613101984924,1,0,2,1,1,1,1,1,1,0,1,3,-1.4694171580658184,187.35,0,kaggle
7351-MHQVU,0,-0.43991649313097614,0,0,-1.0738427650786138,0,1,0,2,2,0,2,0,2,0,0,1,-0.4590445819648154,307.6,0,kaggle
9224-VTYID,1,-0.43991649313097614,1,1,0.5956921474426305,1,2,0,2,2,2,2,2,2,2,1,3,0.8554368451665879,4318.35,0,kaggle
9500-IWPXQ,0,-0.43991649313097614,1,1,1.1657772395230555,1,2,0,2,2,2,2,0,2,1,1,2,0.48651791112970877,4820.55,0,kaggle
5762-TJXGK,0,-0.43991649313097614,0,0,0.7992939660427822,0,1,0,2,2,2,0,2,2,2,1,0,-0.19980424993890028,3038.55,0,kaggle
4504-YOULA,0,-0.43991649313097614,1,1,0.10704778280226633,1,2,0,2,2,0,0,0,0,0,1,1,-0.17653909193657447,2136.9,0,kaggle
5569-IDSEY,1,-0.43991649313097614,1,0,1.5729808767233588,1,2,1,0,2,2,0,2,2,1,1,0,1.3606231332170895,7472.15,0,kaggle
4250-FDVOU,0,-0.43991649313097614,0,0,-1.0738427650786138,1,0,0,2,2,0,0,0,0,0,0,2,-0.28289409994720643,389.1,1,kaggle
7284-ZZLOH,1,-0.43991649313097614,1,0,0.5142514200025698,1,0,0,2,0,2,0,0,0,2,0,1,-0.3809401229570078,2296.25,0,kaggle
5277-ZLOOR,0,2.273158691738958,0,0,-1.2367242199587352,1,2,1,0,0,0,0,2,0,0,1,2,0.6909189421501416,187.45,1,kaggle
2141-RRYGO,0,-0.43991649313097614,0,0,-1.1552834925186746,1,0,0,0,2,0,0,2,2,0,1,0,0.12923155609399228,261.25,1,kaggle
1777-JYQPJ,1,-0.43991649313097614,0,0,-1.2367242199587352,0,1,0,0,0,0,0,0,0,0,0,3,-1.3447823830533592,38.45,0,kaggle
6376-GAHQE,1,-0.43991649313097614,0,0,-1.1552834925186746,1,0,1,0,0,0,0,2,0,0,0,2,0.4350022041245586,299.2,1,kaggle
3401-URHDA,1,-0.43991649313097614,0,0,0.758573602322752,1,2,0,2,0,0,2,0,0,1,0,1,-0.1615829189350795,3043.6,0,kaggle
1599-EAHXY,1,-0.43991649313097614,1,1,1.125056875803025,1,2,2,1,1,1,1,1,1,1,0,1,-1.3564149620545218,1506.4,0,kaggle
8631-XVRZL,1,-0.43991649313097614,0,0,-0.9516816739185228,1,0,2,1,1,1,1,1,1,1,1,3,-1.4827115340671475,163.7,0,kaggle
5052-PNLOS,1,-0.43991649313097614,0,0,-1.1960038562387048,1,2,1,0,2,2,0,2,2,0,1,0,1.3489905542159264,323.25,1,kaggle
3853-LYGAM,1,-0.43991649313097614,0,0,-0.62591876415828,1,2,1,0,0,2,2,0,2,0,1,0,1.0266019361836989,1640.0,0,kaggle
6979-ZNSFF,0,-0.43991649313097614,0,0,-0.9924020376385531,1,2,1,0,0,0,0,2,0,0,1,2,0.7407728521551253,762.1,1,kaggle
5751-USDBL,1,-0.43991649313097614,1,1,0.5549717837226001,1,0,0,2,0,2,2,2,2,2,0,3,0.5396954151350245,3846.35,0,kaggle
5680-LQOGP,0,-0.43991649313097614,0,0,1.4508197855632678,1,0,0,2,2,2,2,2,2,2,1,1,0.5878875281398422,5646.6,0,kaggle
2386-LAHRK,1,-0.43991649313097614,0,0,-1.2774445836787656,1,0,0,0,0,0,0,2,0,0,1,3,-0.3742929349563432,53.5,1,kaggle
8189-DUKMV,0,-0.43991649313097614,1,0,-1.1552834925186746,1,0,2,1,1,1,1,1,1,1,0,0,-1.4710789550659844,79.05,0,kaggle
6032-IGALN,0,-0.43991649313097614,0,0,-1.2774445836787656,0,1,0,0,0,0,0,0,0,0,1,3,-1.3181936310507012,25.1,1,kaggle
9931-DCEZH,1,-0.43991649313097614,0,1,-0.1779947632379461,1,0,0,0,2,0,2,0,0,1,1,1,-0.34438058895335305,1516.6,0,kaggle
1898-JSNDC,0,-0.43991649313097614,0,0,0.26992923768238775,1,0,0,0,2,0,0,2,0,1,1,1,-0.2047896409393986,2224.5,0,kaggle
0315-LVCRK,1,-0.43991649313097614,0,0,-0.8702409464784621,1,0,1,0,0,2,0,0,2,0,0,2,0.6659919871476498,888.75,0,kaggle
3911-RSNHI,0,-0.43991649313097614,1,0,1.5729808767233588,0,1,0,0,2,2,2,2,2,2,1,1,-0.11172900893009581,4310.35,0,kaggle
2410-CIYFZ,1,-0.43991649313097614,0,1,-1.2367242199587352,1,0,2,1,1,1,1,1,1,0,0,3,-1.4744025490663168,42.9,0,kaggle
4248-HCETZ,1,2.273158691738958,1,0,-0.0965540357978854,1,0,1,0,2,2,0,0,0,0,1,3,0.4948268961305394,2365.15,1,kaggle
5505-OVWQW,0,-0.43991649313097614,0,0,-0.62591876415828,1,0,2,1,1,1,1,1,1,1,0,3,-1.4827115340671475,353.65,0,kaggle
7271-AJDTL,0,-0.43991649313097614,1,0,0.9214550572028734,1,2,1,0,2,2,0,2,0,0,1,1,0.9867188081797118,5073.1,0,kaggle
1867-TJHTS,0,-0.43991649313097614,0,0,1.0436161483629645,1,2,1,2,0,0,0,0,0,0,1,0,0.4998122871310375,4526.85,0,kaggle
0516-WJVXC,0,-0.43991649313097614,0,0,-1.1145631287986442,1,0,0,2,0,0,2,0,0,0,0,2,-0.3510277769540174,308.25,1,kaggle
9174-FKWZE,0,2.273158691738958,0,0,-1.2774445836787656,1,0,2,1,1,1,1,1,1,0,1,2,-1.505976692069473,19.45,1,kaggle
6860-YRJZP,1,2.273158691738958,0,0,-0.9516816739185228,1,2,1,0,0,0,0,0,0,0,1,2,0.3087056321119333,678.45,0,kaggle
4429-WYGFR,1,-0.43991649313097614,0,0,-0.2594354906780068,1,0,0,0,0,0,2,0,0,0,0,0,-0.518869273970796,1237.3,0,kaggle
2817-LVCPP,0,-0.43991649313097614,0,0,0.7178532386027215,1,0,2,1,1,1,1,1,1,2,0,1,-1.5076384890696393,1023.95,0,kaggle
5038-ETMLM,0,-0.43991649313097614,1,0,1.6137012404433893,1,2,1,2,2,2,2,2,2,2,1,0,1.624848856243503,8182.75,0,kaggle
5056-FIMPT,0,-0.43991649313097614,0,1,0.43281069256250915,1,0,1,2,2,0,2,2,2,1,1,1,1.3705939152180862,4532.3,0,kaggle
4521-WFJAI,1,-0.43991649313097614,0,0,0.9621754209229036,1,2,2,1,1,1,1,1,1,2,1,0,-1.289943082047877,1444.05,0,kaggle
6569-KTMDU,0,-0.43991649313097614,0,0,-1.2774445836787656,1,0,2,1,1,1,1,1,1,0,0,3,-1.517609271070636,19.1,0,kaggle
8809-RIHDD,1,-0.43991649313097614,1,1,1.6137012404433893,1,2,1,0,2,2,0,2,2,2,1,2,1.284180471209448,7372.65,1,kaggle
8809-XKHMD,1,-0.43991649313097614,1,0,1.6137012404433893,1,2,1,2,2,0,2,0,2,2,1,0,1.1894580421999785,7325.1,0,kaggle
0396-YCHWO,1,-0.43991649313097614,1,0,0.14776814652229667,1,2,1,0,0,0,0,2,2,0,1,2,1.0182929511828682,3474.2,0,kaggle
0867-LDTTC,1,-0.43991649313097614,0,0,-1.1145631287986442,1,0,0,0,0,2,2,2,2,0,0,0,0.34526516611558833,392.65,0,kaggle
4822-NGOCH,0,-0.43991649313097614,0,0,-0.7888002190384014,1,2,1,0,2,2,0,0,0,0,1,2,0.6543594081464871,1058.6,1,kaggle
9391-DXGGG,0,2.273158691738958,0,0,0.47353105628253944,1,0,1,0,2,2,0,0,2,1,0,1,0.8105683261621028,3990.75,0,kaggle
9844-FELAJ,0,2.273158691738958,1,1,1.5322605130033284,1,2,1,0,2,2,2,2,2,1,1,2,1.433742201224399,7475.85,0,kaggle
2122-SZZZD,1,-0.43991649313097614,0,0,0.47353105628253944,1,0,2,1,1,1,1,1,1,1,0,1,-1.504314895069307,835.5,0,kaggle
5307-DZCVC,0,2.273158691738958,1,0,-0.015113308357824713,1,2,1,0,0,0,0,2,0,0,1,1,0.7042133181514708,2628.6,1,kaggle
3148-AOIQT,0,-0.43991649313097614,1,0,1.4915401492832983,1,2,2,1,1,1,1,1,1,2,1,1,-1.3231790220511994,1718.35,0,kaggle
8679-JOEVF,0,2.273158691738958,0,0,-0.6666391278783103,1,0,0,0,0,0,2,2,0,0,0,2,-0.17820088893674074,1023.9,1,kaggle
8395-ETZKQ,1,2.273158691738958,1,1,1.4508197855632678,1,0,2,1,1,1,1,1,1,1,0,0,-1.504314895069307,1193.55,0,kaggle
6692-YQHXC,1,-0.43991649313097614,0,0,-0.6666391278783103,1,0,1,0,0,0,0,0,0,0,1,1,0.1724382780983114,1205.5,0,kaggle
3889-VWBID,1,-0.43991649313097614,1,1,1.4508197855632678,1,0,0,2,2,0,2,2,2,2,0,0,0.6011819041411709,5776.45,0,kaggle
5222-JCXZT,1,-0.43991649313097614,0,0,-1.1552834925186746,1,0,2,1,1,1,1,1,1,0,0,3,-1.5209328650709681,78.9,0,kaggle
9754-CLVZW,0,-0.43991649313097614,1,1,-0.2594354906780068,0,1,0,2,2,0,2,0,0,0,0,1,-0.8611994560050172,1025.15,0,kaggle
1432-FPAXX,0,-0.43991649313097614,0,0,-0.13727439951791576,0,1,0,0,2,0,0,0,0,0,1,2,-1.1353959610324276,856.35,1,kaggle
2739-CCZMB,1,-0.43991649313097614,0,1,-1.1145631287986442,1,0,2,1,1,1,1,1,1,0,0,1,-1.4760643460664828,122.0,0,kaggle
7080-TNUWP,1,-0.43991649313097614,1,0,1.5322605130033284,1,2,1,0,2,2,0,2,0,1,1,0,1.0049985751815391,6602.9,0,kaggle
0496-AHOOK,1,-0.43991649313097614,1,0,-0.3408762181180675,1,0,0,2,0,0,2,2,2,1,0,0,0.32033821111309646,1712.9,0,kaggle
8336-TAVKX,0,2.273158691738958,1,0,1.6137012404433893,1,2,0,2,2,2,2,0,2,2,0,0,0.45494376812655235,5682.25,0,kaggle
2468-SJFLM,1,-0.43991649313097614,0,0,-1.2774445836787656,1,0,1,0,0,0,2,0,0,0,1,3,0.3170146171127639,74.3,0,kaggle
3181-VTHOE,1,-0.43991649313097614,1,0,1.5322605130033284,0,1,0,0,2,2,2,0,2,1,1,0,-0.45572098796448335,3635.15,0,kaggle
7168-HDQHG,0,-0.43991649313097614,1,1,0.14776814652229667,1,0,2,1,1,1,1,1,1,0,0,0,-1.5142856770703037,702.9,0,kaggle
4803-AXVYP,0,2.273158691738958,0,0,0.22920887396235737,1,2,1,0,0,0,2,2,2,0,1,2,1.156222102196656,3734.25,1,kaggle
3884-HCSWG,0,-0.43991649313097614,0,0,-0.62591876415828,1,0,1,0,0,0,0,0,0,0,1,2,0.17410007509847744,1144.5,1,kaggle
4567-AKPIA,0,-0.43991649313097614,1,1,0.35136996512244845,1,2,1,0,2,2,2,2,2,1,1,0,1.4736253292283856,4454.25,0,kaggle
5077-DXTCG,0,-0.43991649313097614,0,0,-1.2774445836787656,1,0,0,0,0,0,0,0,0,0,1,2,-0.6468276429835875,45.3,1,kaggle
1142-WACZW,1,-0.43991649313097614,0,0,-1.2367242199587352,0,1,0,0,0,0,2,0,0,0,0,0,-1.1603229160349193,75.6,1,kaggle
7901-HXJVA,1,-0.43991649313097614,0,0,-0.748079855318371,1,0,1,0,0,2,0,0,0,0,0,2,0.3884718881199074,1117.55,0,kaggle
5649-ANRML,1,2.273158691738958,0,0,-1.2367242199587352,1,0,1,0,2,2,2,0,2,0,1,1,1.0083221691818711,180.25,1,kaggle
4892-VLANZ,1,-0.43991649313097614,0,0,-1.2774445836787656,1,0,2,1,1,1,1,1,1,0,0,3,-1.4943441130683104,19.8,1,kaggle
5924-IFQTT,1,-0.43991649313097614,1,1,-0.7888002190384014,1,2,0,0,2,2,2,2,0,0,1,2,0.2671607071077802,930.05,0,kaggle
7968-QUXNS,1,-0.43991649313097614,0,0,-1.0738427650786138,1,0,2,1,1,1,1,1,1,0,0,3,-1.5225946620711341,110.15,0,kaggle
2919-HBCJO,0,-0.43991649313097614,0,0,-1.1552834925186746,1,0,1,0,2,0,0,0,0,0,1,0,0.395119076120572,333.6,1,kaggle
4236-XPXAV,0,-0.43991649313097614,1,1,-1.1145631287986442,1,0,1,0,2,0,2,2,2,0,1,3,1.1429277261953275,465.05,1,kaggle
8903-WMRNW,0,-0.43991649313097614,1,0,-0.7073594915983407,1,0,1,2,0,2,0,2,2,0,0,2,1.2293411702039656,1669.4,0,kaggle
2452-SNHFZ,0,-0.43991649313097614,0,0,0.5956921474426305,1,0,1,2,0,0,0,0,0,0,0,1,0.35523594811658493,3545.1,0,kaggle
3629-WEAAM,0,-0.43991649313097614,0,0,-0.9924020376385531,1,0,0,0,0,2,2,0,2,0,0,3,-0.021991970921125294,504.05,0,kaggle
6029-CSMJE,1,-0.43991649313097614,0,0,-0.62591876415828,0,1,0,0,0,0,0,0,0,0,1,3,-1.2999138640488739,440.2,0,kaggle
7993-NQLJE,1,-0.43991649313097614,1,1,-0.7073594915983407,1,0,1,2,0,0,0,0,0,0,0,3,0.3436033691154218,1151.55,0,kaggle
9909-DFRJA,0,-0.43991649313097614,0,0,-0.2594354906780068,1,0,1,2,0,2,2,0,2,1,1,0,1.0332491241843629,2475.35,0,kaggle
9099-FTUHS,0,-0.43991649313097614,0,0,-0.38159658183809786,1,2,0,2,0,0,0,0,0,0,0,2,-0.34438058895335305,1249.25,0,kaggle
0581-BXBUB,0,2.273158691738958,0,0,-1.1552834925186746,1,0,1,0,2,0,0,0,0,0,0,2,0.2654989101076142,317.75,0,kaggle
4962-CHQPW,1,-0.43991649313097614,0,1,-0.13727439951791576,1,0,2,1,1,1,1,1,1,1,0,3,-1.4926823160681442,535.05,0,kaggle
9467-ROOLM,0,-0.43991649313097614,0,0,-0.30015585439803716,1,0,2,1,1,1,1,1,1,0,0,3,-1.5192710680708021,461.3,0,kaggle
3030-YZADT,1,-0.43991649313097614,0,0,-0.9516816739185228,1,0,0,0,0,0,0,0,0,0,0,3,-0.6584602219847502,431.0,1,kaggle
7410-KTVFV,1,-0.43991649313097614,1,0,-0.5851984004382496,1,0,0,0,0,2,0,0,0,0,1,3,-0.5055748979694671,878.35,1,kaggle
5150-ITWWB,1,2.273158691738958,0,0,-1.1960038562387048,1,2,1,0,0,0,0,2,2,0,1,2,1.0000131841810405,335.75,0,kaggle
2253-KPMNB,0,-0.43991649313097614,1,1,1.4915401492832983,0,1,0,2,2,2,2,0,0,2,0,0,-0.6152534999804311,3121.4,0,kaggle
1345-ZUKID,1,-0.43991649313097614,0,0,-0.748079855318371,1,0,2,1,1,1,1,1,1,1,0,3,-1.5093002860698053,324.8,0,kaggle
6429-SHBCB,1,-0.43991649313097614,0,0,-0.5444780367182193,1,2,0,0,0,0,0,2,2,0,0,3,0.16080569909714826,1394.55,0,kaggle
9281-OFDMF,1,2.273158691738958,0,0,0.26992923768238775,1,2,1,0,2,0,0,0,2,0,0,2,0.8620840331672525,3413.25,0,kaggle
2603-HVKCG,1,-0.43991649313097614,0,0,-0.055833672077855064,1,0,1,0,2,2,0,2,2,0,1,2,1.217708591202803,3143.65,0,kaggle
1834-WULEG,1,-0.43991649313097614,1,1,-0.3408762181180675,1,0,2,1,1,1,1,1,1,1,0,3,-1.479387940066815,439.75,0,kaggle
9097-ZUBYC,1,-0.43991649313097614,1,0,-0.748079855318371,1,0,0,0,0,0,2,0,0,0,0,0,-0.5305018529719588,664.4,0,kaggle
5148-ORICT,0,-0.43991649313097614,1,0,1.2879383306831464,1,0,0,2,2,2,2,0,2,2,1,3,0.31867641411292996,4759.55,0,kaggle
4893-GYUJU,0,-0.43991649313097614,0,0,0.7178532386027215,1,0,2,1,1,1,1,1,1,1,1,3,-1.5093002860698053,1033.0,0,kaggle
4578-PHJYZ,1,-0.43991649313097614,1,1,0.7992939660427822,1,0,0,0,2,2,2,2,0,1,1,2,0.13255515009432434,3482.85,0,kaggle
7272-QDCKA,1,-0.43991649313097614,0,0,-0.1779947632379461,1,2,1,0,2,0,0,2,2,1,0,2,1.1778254631988159,2688.45,0,kaggle
8908-SLFCJ,0,-0.43991649313097614,0,0,-0.46303730927815856,1,0,2,1,1,1,1,1,1,2,1,1,-1.4594463760648215,435.25,0,kaggle
8393-DLHGA,1,-0.43991649313097614,0,1,-0.30015585439803716,1,0,1,0,2,0,0,2,2,0,1,2,1.0349109211845293,2448.75,1,kaggle
9766-HGEDE,0,-0.43991649313097614,1,0,-0.62591876415828,1,0,2,1,1,1,1,1,1,1,0,3,-1.5093002860698053,307.0,0,kaggle
6968-MHOMU,1,-0.43991649313097614,1,0,1.0436161483629645,0,1,0,0,0,0,0,2,2,1,1,1,-0.6567984249845842,2689.35,0,kaggle
7395-IGJOS,1,2.273158691738958,1,0,-0.62591876415828,1,0,1,0,0,0,0,0,2,0,0,0,0.5563133851366857,1329.2,1,kaggle
5044-XDPYX,0,-0.43991649313097614,1,0,0.758573602322752,1,2,2,1,1,1,1,1,1,2,0,3,-1.304899255049372,1281.25,0,kaggle
1814-WFGVS,1,-0.43991649313097614,1,1,1.6137012404433893,0,1,0,2,0,2,2,2,0,2,0,3,-0.5271782589716266,3527.0,0,kaggle
2834-SPCJV,1,-0.43991649313097614,1,0,0.7992939660427822,1,0,1,2,0,0,0,2,0,0,0,2,0.642726829145324,4348.65,1,kaggle
3721-WKIIL,0,-0.43991649313097614,0,0,-0.21871512695797646,1,0,2,1,1,1,1,1,1,2,1,3,-1.5009913010689746,561.15,0,kaggle
6734-CKRSM,0,-0.43991649313097614,0,0,-1.1960038562387048,1,0,2,1,1,1,1,1,1,0,0,3,-1.4876969250676457,63.6,0,kaggle
1265-ZFOSD,0,-0.43991649313097614,1,0,1.2879383306831464,1,2,0,2,2,2,2,0,2,2,1,3,0.5496661971360212,5129.3,0,kaggle
6568-POCUI,0,-0.43991649313097614,1,0,0.5142514200025698,1,0,1,0,0,0,2,2,2,2,1,1,1.0116457631822036,4285.8,0,kaggle
7890-VYYWG,1,2.273158691738958,1,0,-1.1960038562387048,0,1,0,0,0,0,0,2,0,0,1,3,-0.9409657120129912,93.7,1,kaggle
5197-LQXXH,0,-0.43991649313097614,1,0,1.5729808767233588,1,2,0,0,2,2,2,2,2,2,1,1,0.6161380771426661,5894.5,0,kaggle
9907-SWKKF,0,2.273158691738958,0,0,-1.2774445836787656,0,1,0,0,0,0,0,0,0,0,0,3,-1.3198554280508674,25.05,1,kaggle
3457-PQBYH,0,-0.43991649313097614,1,1,1.0436161483629645,1,0,2,1,1,1,1,1,1,2,0,1,-1.477726143066649,1160.75,0,kaggle
7682-AZNDK,1,-0.43991649313097614,1,1,0.06632741908223598,1,0,1,0,2,2,0,2,0,0,1,2,0.8338334841644282,3091.75,0,kaggle
0587-DMGBH,0,-0.43991649313097614,0,0,-0.9924020376385531,1,0,0,2,0,0,0,0,0,0,1,2,-0.49560411596847015,365.55,1,kaggle
5384-ZTTWP,0,-0.43991649313097614,1,1,-0.7073594915983407,1,0,2,1,1,1,1,1,1,0,0,3,-1.4943441130683104,272.95,0,kaggle
3745-HRPHI,1,-0.43991649313097614,1,1,1.369379058123207,0,1,0,0,0,2,2,2,2,2,0,0,-0.33607160395252245,3632.0,0,kaggle
7636-OWBPG,1,2.273158691738958,0,0,-0.8295205827584317,0,1,0,0,2,0,0,0,0,0,1,1,-1.1769408860365806,381.2,0,kaggle
1231-YNDEK,1,-0.43991649313097614,0,0,1.0436161483629645,1,0,2,1,1,1,1,1,1,2,1,0,-1.51594747407047,1035.5,0,kaggle
1407-DIGZV,0,-0.43991649313097614,1,1,-1.1960038562387048,1,0,2,1,1,1,1,1,1,2,0,3,-1.517609271070636,52.0,0,kaggle
6397-JNZZG,0,2.273158691738958,1,0,0.43281069256250915,0,1,0,0,2,2,0,2,2,0,0,1,-0.30615925794953225,2342.2,1,kaggle
0570-BFQHT,0,-0.43991649313097614,0,0,-0.9516816739185228,1,0,1,0,2,2,0,0,0,0,0,2,0.5247392421335293,653.9,0,kaggle
4393-OBCRR,0,-0.43991649313097614,0,0,-1.1960038562387048,1,0,2,1,1,1,1,1,1,1,0,3,-1.479387940066815,71.2,0,kaggle
3523-QRQLL,0,-0.43991649313097614,1,1,-0.4223169455581282,1,0,0,0,2,0,0,2,2,1,1,0,0.1574821050968162,1498.2,1,kaggle
8564-LDKFL,1,-0.43991649313097614,1,0,0.3106496014024181,1,2,1,0,2,2,0,2,2,1,1,0,1.3705939152180862,4178.65,0,kaggle
3696-DFHHB,0,-0.43991649313097614,0,0,1.4508197855632678,1,2,2,1,1,1,1,1,1,2,0,0,-1.304899255049372,1821.8,0,kaggle
0895-DQHEW,1,-0.43991649313097614,1,0,0.880734693482843,1,2,1,0,2,2,0,2,2,0,1,2,1.3140928172124378,5278.15,1,kaggle
4717-GHADL,0,-0.43991649313097614,0,0,0.7178532386027215,1,2,0,0,2,0,2,2,2,2,1,3,0.4931650991303729,4024.2,0,kaggle
5501-TVMGM,1,-0.43991649313097614,0,0,-1.2774445836787656,1,0,0,0,0,0,0,0,2,0,1,2,-0.3161300399505289,55.25,0,kaggle
5879-HMFFH,0,-0.43991649313097614,1,0,1.6137012404433893,1,2,0,2,2,2,2,2,2,2,0,0,0.7740087921584478,6520.8,0,kaggle
6772-WFQRD,1,-0.43991649313097614,0,1,0.3106496014024181,1,0,2,1,1,1,1,1,1,1,1,0,-1.4744025490663168,854.9,0,kaggle
3810-DVDQQ,0,-0.43991649313097614,1,1,1.6137012404433893,1,2,1,2,2,2,2,2,2,2,1,0,1.7561308192566265,8308.9,0,kaggle
6972-SNKKW,0,-0.43991649313097614,0,0,-1.0738427650786138,1,0,2,1,1,1,1,1,1,0,0,3,-1.4876969250676457,109.2,0,kaggle
3694-GLTJM,0,-0.43991649313097614,0,0,-1.1145631287986442,1,0,2,1,1,1,1,1,1,0,1,1,-1.4993295040688086,92.05,0,kaggle
8550-XSXUQ,1,-0.43991649313097614,1,0,0.6364125111626608,1,2,0,0,2,2,0,0,2,1,1,1,0.19237984210030468,3420.5,0,kaggle
8149-RSOUN,0,-0.43991649313097614,0,0,-1.2774445836787656,1,2,1,0,0,0,0,2,2,0,1,2,0.966777244177718,93.85,1,kaggle
9055-MOJJJ,0,-0.43991649313097614,1,1,1.2879383306831464,1,0,0,2,0,0,2,2,0,1,0,3,0.034509127084522986,4068.0,0,kaggle
4359-INNWN,0,-0.43991649313097614,0,0,-0.62591876415828,1,0,2,1,1,1,1,1,1,1,0,1,-1.4860351280674797,337.9,0,kaggle
0585-EGDDA,1,-0.43991649313097614,1,0,0.3106496014024181,1,0,1,0,2,2,0,0,0,0,1,2,0.5064594751317021,3168.75,0,kaggle
4032-RMHCI,0,-0.43991649313097614,1,1,0.35136996512244845,0,1,0,2,0,2,0,0,0,1,0,1,-0.9758634490164798,1412.4,0,kaggle
0549-CYCQN,1,2.273158691738958,0,0,0.758573602322752,1,2,1,0,2,0,0,0,0,1,1,0,0.4931650991303729,3974.7,0,kaggle
3481-JHUZH,1,-0.43991649313097614,1,0,0.35136996512244845,1,2,1,0,2,0,0,0,0,0,1,2,0.5147684601325326,3439.0,0,kaggle
7250-EQKIY,0,-0.43991649313097614,1,1,-1.2774445836787656,1,0,0,0,0,2,0,0,0,0,0,3,-0.4756625519664766,50.45,1,kaggle
3594-IVHJZ,0,-0.43991649313097614,0,0,-1.2367242199587352,1,0,2,1,1,1,1,1,1,0,1,3,-1.4727407520661506,42.45,0,kaggle
6869-FGJJC,1,-0.43991649313097614,0,0,1.4508197855632678,1,0,1,0,2,2,0,0,0,1,0,1,0.4931650991303729,5461.45,0,kaggle
3896-ZVNET,0,-0.43991649313097614,1,1,-0.3408762181180675,1,2,2,1,1,1,1,1,1,2,0,3,-1.33148800705203,571.75,0,kaggle
8205-VSLRB,1,-0.43991649313097614,1,0,1.5322605130033284,1,2,0,2,0,2,2,0,2,2,0,1,0.4167224371227313,5498.2,0,kaggle
5960-MVTUK,1,-0.43991649313097614,0,0,-1.1960038562387048,0,1,0,0,0,0,2,0,0,0,1,2,-1.1636465100352518,96.85,0,kaggle
6817-WTYHE,1,-0.43991649313097614,0,0,-1.2367242199587352,1,0,0,0,0,0,0,0,0,0,0,0,-0.6601220189849164,111.05,0,kaggle
3082-VQXNH,1,-0.43991649313097614,1,0,-1.1960038562387048,0,1,0,0,2,0,0,0,0,0,0,1,-1.1619847130350858,94.4,0,kaggle
4013-UBXWQ,0,-0.43991649313097614,0,0,-1.0331224013585834,1,2,0,0,0,0,2,2,2,0,1,2,0.32864719611392706,521.1,1,kaggle
4931-TRZWN,0,-0.43991649313097614,0,0,-0.7888002190384014,1,0,0,2,0,0,0,2,2,0,1,2,0.23891015810495633,923.85,0,kaggle
0750-EKNGL,1,-0.43991649313097614,0,0,-1.0331224013585834,1,0,2,1,1,1,1,1,1,0,0,3,-1.462769970065154,141.1,0,kaggle
7669-LCRSD,1,-0.43991649313097614,1,1,-0.8295205827584317,1,0,0,0,0,0,0,2,0,0,1,3,-0.28123230294704044,628.65,0,kaggle
3567-PQTSO,1,-0.43991649313097614,1,1,0.8400143297628127,1,2,1,0,2,2,0,2,2,1,1,2,1.3456669602155942,5576.3,0,kaggle
5519-NPHVG,0,-0.43991649313097614,0,0,-0.8295205827584317,1,2,1,0,0,0,0,2,2,0,1,2,0.9784098231788811,1046.1,1,kaggle
8043-PNYSD,1,-0.43991649313097614,1,1,1.247217966963116,1,0,2,1,1,1,1,1,1,2,0,3,-1.502653098069141,1245.6,0,kaggle
9938-EKRGF,0,-0.43991649313097614,0,0,-0.7073594915983407,1,0,0,2,2,2,2,2,2,0,0,3,0.6543594081464871,1287.85,0,kaggle
2703-AMTUL,1,-0.43991649313097614,1,1,0.14776814652229667,1,0,0,2,2,0,0,0,0,1,0,3,-0.3693075439558449,1939.35,0,kaggle
0928-JMXNP,1,2.273158691738958,1,0,-1.1552834925186746,0,1,0,0,0,2,0,0,0,0,1,2,-1.1586611190347533,118.25,0,kaggle
8173-RXAYP,0,-0.43991649313097614,1,1,-0.3408762181180675,1,0,2,1,1,1,1,1,1,2,0,3,-1.4976677070686424,452.55,0,kaggle
4825-XJGDM,0,-0.43991649313097614,0,0,1.1657772395230555,0,1,0,2,2,2,2,0,0,1,0,1,-0.7000051469889033,2696.55,0,kaggle
5402-HTOTQ,1,-0.43991649313097614,0,0,-0.6666391278783103,1,2,0,0,2,0,0,0,0,0,0,2,-0.31446824295036285,875.35,0,kaggle
6734-JDTTV,1,-0.43991649313097614,1,1,1.3286586944031769,1,0,2,1,1,1,1,1,1,2,1,1,-1.4926823160681442,1267.05,0,kaggle
7850-THJMU,0,-0.43991649313097614,1,1,-0.2594354906780068,1,0,2,1,1,1,1,1,1,2,0,1,-1.4993295040688086,494.9,0,kaggle
3890-RTCMS,1,-0.43991649313097614,0,0,-0.6666391278783103,1,0,0,0,0,0,2,0,0,0,1,3,-0.5088984919697991,799.0,0,kaggle
8849-GYOKR,0,-0.43991649313097614,1,0,0.880734693482843,1,2,1,2,2,0,0,2,2,1,0,0,1.3888736822199135,5763.3,1,kaggle
3148-BLQJT,1,-0.43991649313097614,0,0,-1.2774445836787656,1,0,2,1,1,1,1,1,1,0,0,3,-1.4843733310673135,20.1,1,kaggle
3717-FDJFU,1,-0.43991649313097614,0,1,-1.1145631287986442,1,0,2,1,1,1,1,1,1,2,0,3,-1.4727407520661506,106.9,0,kaggle
3665-JATSN,0,-0.43991649313097614,0,0,-0.5444780367182193,0,1,0,0,2,0,0,0,2,0,1,2,-0.8329489070021932,710.05,0,kaggle
7966-YOTQW,1,-0.43991649313097614,0,0,-0.9109613101984924,1,2,0,2,0,0,0,0,0,0,1,1,-0.3410569949530208,568.2,0,kaggle
0461-CVKMU,0,-0.43991649313097614,1,1,-0.38159658183809786,1,0,1,0,2,2,2,0,0,0,0,2,0.6327560471443273,1900.25,1,kaggle
8806-EAGWC,1,-0.43991649313097614,0,0,-1.1960038562387048,1,0,0,0,0,0,0,2,0,0,0,3,-0.3194536339508612,159.15,1,kaggle
8853-TZDGH,0,-0.43991649313097614,0,0,1.6137012404433893,1,2,1,0,2,2,2,2,2,2,1,0,1.5567151792366918,8012.75,0,kaggle
7779-LGOVN,1,2.273158691738958,1,0,-0.9109613101984924,1,2,1,0,0,0,0,0,2,0,1,2,0.7274784761537967,856.65,1,kaggle
4324-BZCKL,0,-0.43991649313097614,1,1,-0.9109613101984924,1,0,0,0,2,2,0,0,0,0,1,3,-0.30615925794953225,551.3,0,kaggle
6924-TDGMT,1,-0.43991649313097614,1,0,-0.8702409464784621,1,0,2,1,1,1,1,1,1,1,1,3,-1.4694171580658184,184.95,0,kaggle
9710-ZUSHQ,0,2.273158691738958,0,0,0.18848851024232702,1,2,1,2,2,0,0,2,2,0,1,0,1.395520870220578,4056.75,1,kaggle
1536-YHDOE,1,-0.43991649313097614,1,1,-0.62591876415828,1,2,0,2,0,0,2,0,0,1,1,3,-0.08846385092776998,1096.65,0,kaggle
8123-QBNAZ,0,-0.43991649313097614,1,1,0.14776814652229667,1,2,1,2,0,2,0,2,2,0,1,1,1.3207400052131024,3684.95,0,kaggle
3629-ZNKXA,1,2.273158691738958,0,0,-0.62591876415828,1,0,1,0,2,2,0,2,2,0,1,2,1.2310029672041316,1752.45,0,kaggle
4827-LTQRJ,0,2.273158691738958,1,1,1.369379058123207,1,2,1,2,2,0,2,2,2,1,1,1,1.5234792392333694,7210.85,0,kaggle
7711-YIJWC,1,-0.43991649313097614,1,1,1.1657772395230555,1,0,0,2,2,2,2,2,2,1,0,0,0.6693155811479823,5264.5,0,kaggle
5482-VXSXJ,1,-0.43991649313097614,0,0,-0.4223169455581282,1,0,1,0,2,0,0,2,2,0,1,3,0.9451738831755587,2157.3,0,kaggle
7365-BVCJH,1,-0.43991649313097614,0,0,-1.2774445836787656,0,1,0,0,0,0,0,0,0,0,1,2,-1.341458789053027,24.4,0,kaggle
9620-ENEJV,0,-0.43991649313097614,0,0,-1.0738427650786138,1,0,1,0,0,0,0,0,0,0,0,1,0.19237984210030468,433.95,0,kaggle
4183-WCSEP,1,-0.43991649313097614,0,0,-0.055833672077855064,1,0,1,0,2,0,2,0,0,0,1,2,0.45494376812655235,2435.15,1,kaggle
2378-YIZKA,0,-0.43991649313097614,1,1,1.4508197855632678,1,0,0,2,2,2,2,2,2,2,1,1,0.6726391751483144,5607.75,0,kaggle
5498-TXHLF,0,-0.43991649313097614,1,1,0.06632741908223598,1,2,1,0,0,2,0,2,0,0,0,2,0.7540672281564545,2874.15,1,kaggle
0689-DSXGL,0,-0.43991649313097614,1,1,0.7992939660427822,1,0,1,0,2,2,2,0,0,0,0,0,0.6992279271509723,4433.3,0,kaggle
6818-DJXAA,0,-0.43991649313097614,0,1,-0.9109613101984924,1,0,1,0,0,2,2,2,0,0,1,2,0.8753784091685812,964.35,0,kaggle
9722-UJOJR,1,-0.43991649313097614,1,1,-0.13727439951791576,1,0,1,0,0,0,0,0,0,0,1,2,0.19902703010096928,1974.8,1,kaggle
0464-WJTKO,0,-0.43991649313097614,1,1,1.6137012404433893,1,0,2,1,1,1,1,1,1,2,0,0,-1.4843733310673135,1460.85,0,kaggle
8902-ZEOVF,1,-0.43991649313097614,1,1,0.5956921474426305,1,0,2,1,1,1,1,1,1,1,0,3,-1.4860351280674797,951.55,0,kaggle
6778-EICRF,1,-0.43991649313097614,1,1,-0.3408762181180675,1,2,0,2,0,0,0,2,2,1,0,3,0.33363258711442517,1821.2,0,kaggle
2662-NNTDK,1,-0.43991649313097614,0,0,1.3286586944031769,1,2,2,1,1,1,1,1,1,1,0,1,-1.328164413051698,1600.95,0,kaggle
4132-KALRO,0,-0.43991649313097614,0,0,-1.1552834925186746,1,2,1,0,0,0,2,2,2,0,1,3,1.1994288242009752,399.25,0,kaggle
3902-FOIGH,1,2.273158691738958,1,0,-0.8295205827584317,1,2,1,0,2,0,0,2,2,0,1,2,1.2160467942026365,1218.55,1,kaggle
6772-KSATR,1,-0.43991649313097614,0,0,-1.2774445836787656,1,2,1,2,0,0,0,0,0,0,1,2,0.5629605731373504,81.7,1,kaggle
7112-OPOTK,1,-0.43991649313097614,0,0,0.025607055362205634,1,0,1,0,0,0,0,0,0,0,0,2,0.11593718009266311,2171.15,1,kaggle
2874-YXVVA,0,-0.43991649313097614,0,0,0.06632741908223598,1,0,1,0,2,2,2,2,2,0,1,2,1.3406815692150957,3634.8,0,kaggle
1245-HARPS,0,-0.43991649313097614,1,0,-0.748079855318371,1,0,2,1,1,1,1,1,1,2,0,3,-1.4744025490663168,292.4,0,kaggle
4210-QFJMF,0,-0.43991649313097614,0,0,-1.1552834925186746,1,0,1,0,0,0,0,0,2,0,1,2,0.47820892612887816,317.25,1,kaggle
4323-ELYYB,1,-0.43991649313097614,1,1,-0.7888002190384014,1,0,2,1,1,1,1,1,1,1,0,3,-1.4876969250676457,218.55,0,kaggle
4293-ETKAP,0,-0.43991649313097614,1,1,1.3286586944031769,1,2,0,0,2,0,2,2,2,2,1,0,0.48651791112970877,5071.9,0,kaggle
6064-PUPMC,1,-0.43991649313097614,1,1,-0.38159658183809786,1,0,0,2,0,0,2,0,0,1,0,1,-0.25131995694405,1423.35,0,kaggle
6504-VBLFL,1,-0.43991649313097614,1,0,0.9214550572028734,1,0,0,2,2,2,0,0,0,2,0,2,-0.2047896409393986,3068.6,0,kaggle
6322-PJJDJ,1,-0.43991649313097614,1,0,0.6771328748826912,1,0,1,0,2,0,0,2,2,2,1,2,0.9983513871808745,4690.65,0,kaggle
0330-BGYZE,1,-0.43991649313097614,1,0,1.125056875803025,1,2,1,0,2,2,0,2,2,1,0,0,1.2542681252064576,6157.6,0,kaggle
1085-LDWAM,0,-0.43991649313097614,1,1,1.4915401492832983,1,0,2,1,1,1,1,1,1,1,1,1,-1.4760643460664828,1442.65,0,kaggle
7586-ZATGZ,1,-0.43991649313097614,0,0,0.3106496014024181,1,2,1,0,0,0,0,2,0,0,1,2,0.6693155811479823,3369.05,0,kaggle
7197-VOJMM,1,-0.43991649313097614,1,0,1.4100994218432374,1,0,0,2,2,0,2,0,2,2,1,1,0.14751132309581955,4671.65,0,kaggle
3318-OSATS,1,2.273158691738958,0,0,0.10704778280226633,1,2,1,0,0,0,0,2,2,0,1,2,1.0199547481830342,3474.05,1,kaggle
5828-AVIPD,1,-0.43991649313097614,1,1,-0.5444780367182193,1,2,1,0,0,0,2,2,2,1,1,2,1.2027524182013078,1875.55,1,kaggle
1843-TLSGD,0,-0.43991649313097614,1,1,-0.7888002190384014,1,0,2,1,1,1,1,1,1,2,0,3,-1.4594463760648215,272.35,0,kaggle
9626-VFRGG,0,-0.43991649313097614,0,1,0.35136996512244845,1,2,1,0,2,0,0,2,0,0,1,0,0.788964965159943,3645.05,0,kaggle
7075-BNDVQ,0,-0.43991649313097614,0,0,-1.1552834925186746,0,1,0,2,0,2,0,0,0,0,0,3,-0.9891578250178088,135.75,0,kaggle
9143-CANJF,0,-0.43991649313097614,1,1,-0.3408762181180675,1,0,0,2,0,0,2,0,0,0,0,2,-0.3194536339508612,1319.85,0,kaggle
7284-BUYEC,0,-0.43991649313097614,0,0,-1.1145631287986442,0,1,0,0,2,0,0,2,2,0,1,1,-0.4590445819648154,229.4,0,kaggle
2041-JIJCI,0,-0.43991649313097614,0,0,-1.1145631287986442,1,2,0,0,2,0,0,0,2,0,1,2,-0.025315564921457354,370.25,0,kaggle
1086-LXKFY,0,-0.43991649313097614,1,1,-1.2774445836787656,1,0,1,0,0,0,0,0,0,0,1,3,0.14418772909548702,69.1,1,kaggle
4900-MSOMT,0,-0.43991649313097614,1,1,1.6137012404433893,1,2,0,2,2,2,2,2,0,2,0,0,0.5131066631323666,5714.2,0,kaggle
2229-VWQJH,0,-0.43991649313097614,0,0,-0.3408762181180675,1,0,0,0,0,2,0,0,0,0,1,1,-0.5138838829702976,1233.25,0,kaggle
9194-GFVOI,0,-0.43991649313097614,1,0,0.3920903288424788,1,2,0,2,0,2,2,2,2,2,0,1,0.6510358141461546,3571.6,0,kaggle
1336-EZFZY,0,-0.43991649313097614,0,0,-1.1552834925186746,1,0,2,1,1,1,1,1,1,0,0,3,-1.4860351280674797,83.3,0,kaggle
4282-MSACW,1,-0.43991649313097614,0,0,1.4508197855632678,1,2,1,2,2,2,2,2,2,1,1,1,1.7428364432552979,8035.95,0,kaggle
1403-LKLIK,0,-0.43991649313097614,1,1,0.025607055362205634,1,0,2,1,1,1,1,1,1,1,0,3,-1.4843733310673135,579.4,0,kaggle
2636-ALXXZ,0,2.273158691738958,0,0,-1.2774445836787656,1,0,1,0,0,0,0,0,0,0,1,2,0.16080569909714826,69.6,1,kaggle
7774-OJSXI,1,-0.43991649313097614,0,0,-0.055833672077855064,1,2,1,0,2,2,0,2,2,1,1,2,1.285842268209614,3066.45,1,kaggle
7786-WBJYI,0,-0.43991649313097614,0,0,-1.1552834925186746,1,2,1,0,2,0,0,0,0,0,0,0,0.4383257981248911,305.55,1,kaggle
0136-IFMYD,1,2.273158691738958,1,0,1.4915401492832983,1,2,1,0,2,2,2,2,2,2,1,2,1.5018758782312098,7634.25,0,kaggle
5144-TVGLP,1,2.273158691738958,0,0,0.22920887396235737,1,2,1,0,0,0,0,2,2,0,0,2,0.9966895901807084,3653.0,0,kaggle
9643-AVVWI,0,-0.43991649313097614,1,1,-1.1960038562387048,1,0,1,0,2,0,2,0,0,0,1,2,0.5064594751317021,241.3,0,kaggle
0253-ZTEOB,0,-0.43991649313097614,1,1,0.6364125111626608,1,2,0,0,2,0,2,2,2,2,0,2,0.4948268961305394,3870.3,0,kaggle
2706-QZIHY,0,-0.43991649313097614,1,0,-0.7073594915983407,1,2,2,1,1,1,1,1,1,2,0,3,-1.3148700370503688,387.9,0,kaggle
6061-PQHMK,0,-0.43991649313097614,0,0,-0.30015585439803716,1,0,2,1,1,1,1,1,1,1,0,1,-1.491020519067978,527.5,0,kaggle
9885-CSMWE,0,2.273158691738958,0,0,-1.2774445836787656,1,0,1,0,0,0,0,2,0,0,0,2,0.45494376812655235,78.45,1,kaggle
6137-MFAJN,0,-0.43991649313097614,0,0,0.6364125111626608,0,1,0,2,2,0,0,2,0,0,1,2,-0.6634456129852487,2104.55,0,kaggle
9122-UMROB,1,-0.43991649313097614,0,0,-1.2774445836787656,1,0,2,1,1,1,1,1,1,0,0,3,-1.477726143066649,20.3,0,kaggle
4232-JGKIY,1,-0.43991649313097614,0,0,-1.2774445836787656,1,0,2,1,1,1,1,1,1,0,0,2,-1.5142856770703037,19.2,0,kaggle
2402-TAIRZ,0,-0.43991649313097614,0,0,0.18848851024232702,1,0,1,0,2,2,0,0,0,1,0,2,0.5081212721318681,3019.1,0,kaggle
9659-ZTWSM,1,2.273158691738958,1,0,1.369379058123207,1,2,1,0,2,2,2,2,2,1,1,0,1.4154624342225712,7051.95,0,kaggle
9139-TWBAS,0,-0.43991649313097614,1,0,-0.2594354906780068,0,1,0,2,2,2,0,2,0,1,0,0,-0.562075995975115,1190.5,0,kaggle
6685-GBWJZ,1,-0.43991649313097614,1,0,1.247217966963116,1,0,0,2,2,0,2,2,0,1,0,1,0.2006888271011353,4448.8,0,kaggle
5016-ETTFF,1,-0.43991649313097614,0,0,-0.9109613101984924,0,1,0,0,0,2,0,0,0,0,0,3,-1.1719554950360824,255.25,1,kaggle
3866-MDTUB,0,-0.43991649313097614,0,0,-1.2367242199587352,1,0,0,2,0,0,0,2,2,0,1,2,0.19902703010096928,146.9,1,kaggle
2195-VVRJF,1,2.273158691738958,1,0,-0.5851984004382496,1,0,0,2,0,0,0,0,2,0,1,1,-0.18817167093773737,1011.05,0,kaggle
3913-RDSJZ,0,-0.43991649313097614,1,0,1.2879383306831464,1,2,2,1,1,1,1,1,1,2,0,3,-1.303237458049206,1714.95,0,kaggle
8058-JMEQO,0,2.273158691738958,0,0,-0.9516816739185228,1,2,1,0,0,0,0,0,2,0,1,2,0.6543594081464871,762.5,1,kaggle
4203-QGNZA,0,-0.43991649313097614,0,1,-0.1779947632379461,1,0,2,1,1,1,1,1,1,0,0,3,-1.479387940066815,535.35,0,kaggle
5043-TRZWM,0,-0.43991649313097614,0,0,-1.2774445836787656,1,0,1,0,0,2,0,0,0,0,0,2,0.358559542116917,75.55,0,kaggle
0697-ZMSWS,1,-0.43991649313097614,0,0,-1.1552834925186746,1,2,1,0,0,0,0,0,2,0,1,2,0.6942425361504742,338.9,1,kaggle
7657-DYEPJ,1,2.273158691738958,0,0,0.22920887396235737,1,0,0,0,2,2,2,2,0,1,1,1,0.179085466098976,2497.35,1,kaggle
9494-BDNNC,1,-0.43991649313097614,1,0,1.369379058123207,1,2,1,0,2,2,0,0,2,1,0,2,1.0149693571825356,6273.4,0,kaggle
1640-PLFMP,0,-0.43991649313097614,0,0,-1.2774445836787656,1,0,1,0,0,0,0,0,0,0,1,2,0.18240906009930805,70.25,0,kaggle
5366-OBVMR,0,-0.43991649313097614,1,0,-0.5851984004382496,1,0,0,0,0,0,2,0,0,0,1,3,-0.4806479429669752,908.75,0,kaggle
8276-MQBYC,1,2.273158691738958,0,0,0.758573602322752,1,2,1,0,0,2,0,2,2,0,1,2,1.0980592071908417,4913.3,1,kaggle
7644-OMVMY,1,-0.43991649313097614,1,1,-1.318164947398796,1,0,2,1,1,1,1,1,1,2,0,3,-1.4926823160681442,1397.475,0,kaggle
7593-XFKDI,1,-0.43991649313097614,0,0,-1.2774445836787656,1,0,0,0,0,0,0,0,0,0,0,3,-0.613591702980265,46.3,1,kaggle
4573-JKNAE,1,-0.43991649313097614,0,1,-0.8295205827584317,1,0,2,1,1,1,1,1,1,2,0,0,-1.5093002860698053,212.3,0,kaggle
0337-CNPZE,0,-0.43991649313097614,0,0,0.35136996512244845,1,2,1,0,2,2,0,2,2,0,1,2,1.3805646972190828,4443.45,1,kaggle
9817-APLHW,1,-0.43991649313097614,0,0,-0.8295205827584317,1,2,2,1,1,1,1,1,1,0,0,2,-1.3215172250510334,316.2,0,kaggle
8380-MQINP,0,-0.43991649313097614,1,1,0.9214550572028734,1,0,2,1,1,1,1,1,1,2,0,3,-1.477726143066649,1079.05,0,kaggle
0840-DFEZH,0,-0.43991649313097614,0,0,-1.0331224013585834,1,2,1,0,0,0,0,0,0,0,1,2,0.35191235411625243,564.65,0,kaggle
1513-XNPPH,0,-0.43991649313097614,0,0,-0.8295205827584317,1,0,1,0,0,2,2,0,2,0,1,2,0.8188773111629334,1095.65,1,kaggle
8690-ZVLCL,0,-0.43991649313097614,1,1,1.4508197855632678,1,2,0,2,2,2,2,2,2,2,0,1,0.7723469951582818,6161.9,0,kaggle
6015-VVHHE,0,2.273158691738958,0,0,-1.1145631287986442,1,2,1,0,0,0,0,2,0,0,1,1,0.611152686142168,446.05,1,kaggle
1125-SNVCK,0,2.273158691738958,0,0,0.6771328748826912,1,0,0,0,0,0,0,0,0,0,0,3,-0.6966815529885713,2106.05,0,kaggle
0384-LPITE,1,-0.43991649313097614,0,0,0.3106496014024181,0,1,0,2,2,2,0,2,2,1,0,1,-0.09012564792793624,2511.55,0,kaggle
4616-EWBNJ,0,-0.43991649313097614,0,0,-0.6666391278783103,1,0,2,1,1,1,1,1,1,1,0,0,-1.4843733310673135,318.6,0,kaggle
6347-DCUIK,1,-0.43991649313097614,0,0,-0.9109613101984924,1,2,1,0,0,0,0,0,0,0,1,3,0.31202922611226586,811.8,1,kaggle
1335-HQMKX,0,-0.43991649313097614,1,0,1.6137012404433893,1,2,1,0,2,2,0,2,2,1,1,2,1.2160467942026365,7323.15,0,kaggle
2545-EBUPK,0,2.273158691738958,0,0,-1.2367242199587352,1,2,1,0,0,0,0,0,2,0,1,2,0.641065032145158,186.05,0,kaggle
6923-AQONU,1,-0.43991649313097614,1,1,-0.38159658183809786,1,0,2,1,1,1,1,1,1,2,0,3,-1.4577845790646555,454.0,0,kaggle
2172-EJXVF,0,2.273158691738958,0,0,1.5729808767233588,1,2,1,0,2,2,0,2,2,1,1,2,1.3672703212177542,7521.95,0,kaggle
0897-FEGMU,0,-0.43991649313097614,1,0,-0.8702409464784621,1,2,1,0,0,2,0,2,2,0,1,2,1.15456030519649,1056.95,1,kaggle
7663-RGWBC,1,-0.43991649313097614,0,0,-1.2774445836787656,1,0,0,0,0,0,0,0,0,0,1,3,-0.6850489739874083,44.15,1,kaggle
1120-BMWUB,0,-0.43991649313097614,0,0,-0.6666391278783103,1,0,0,0,2,0,2,0,0,0,1,3,-0.36099855895501426,834.15,1,kaggle
9124-LHCJQ,0,-0.43991649313097614,0,0,-1.2774445836787656,1,2,1,0,0,0,0,0,2,0,1,3,0.6875953481498096,85.45,1,kaggle
4536-PLEQY,1,-0.43991649313097614,1,0,-0.8295205827584317,1,0,1,0,2,0,0,0,2,0,1,1,0.6743009721484804,999.8,0,kaggle
7029-IJEJK,0,-0.43991649313097614,0,0,0.880734693482843,0,1,0,2,0,0,2,0,2,1,0,0,-0.6867107709875744,2369.7,0,kaggle
8871-JLMHM,0,-0.43991649313097614,1,0,1.4508197855632678,1,2,1,0,2,2,2,0,0,2,0,1,0.8454660631655913,6297.65,0,kaggle
2235-ZGKPT,0,-0.43991649313097614,1,1,-1.1552834925186746,1,2,0,0,0,0,0,0,0,0,0,3,-0.4623681759651477,239.55,1,kaggle
3891-PUQOD,0,-0.43991649313097614,0,1,-1.2774445836787656,1,0,0,0,0,2,0,0,2,0,0,2,-0.18484807693740507,59.2,1,kaggle
5447-VYTKW,1,-0.43991649313097614,0,0,-0.21871512695797646,1,0,0,2,0,0,2,0,0,0,0,3,-0.37595473195650925,1461.45,0,kaggle
3623-FQBOX,1,-0.43991649313097614,0,0,-0.46303730927815856,1,0,2,1,1,1,1,1,1,0,1,3,-1.4893587220678117,416.4,0,kaggle
0689-NKYLF,1,-0.43991649313097614,0,0,-0.7888002190384014,1,0,1,0,0,2,0,2,0,0,1,2,0.612814483142334,1060.6,1,kaggle
8659-HDIYE,0,2.273158691738958,0,0,1.2879383306831464,1,2,0,0,2,2,2,0,2,0,0,1,0.32864719611392706,4869.35,0,kaggle
3658-KIBGF,0,-0.43991649313097614,0,0,-1.2774445836787656,1,0,0,2,2,0,0,0,0,0,1,2,-0.32776261895169184,54.9,1,kaggle
3474-BAFSJ,1,-0.43991649313097614,1,0,1.002895784642934,0,1,0,0,2,2,2,2,2,2,1,0,-0.24134917494305336,3265.95,0,kaggle
5519-YLDGW,0,-0.43991649313097614,1,0,-0.46303730927815856,1,2,1,2,0,2,0,2,2,0,1,2,1.300798441211109,2254.2,1,kaggle
3865-ZFZIB,1,-0.43991649313097614,0,0,-0.5444780367182193,1,0,2,1,1,1,1,1,1,2,0,3,-1.4993295040688086,358.15,0,kaggle
1855-AGAWH,1,-0.43991649313097614,1,0,-0.055833672077855064,1,0,1,0,0,2,0,2,2,1,1,2,0.9651154471775519,2939.8,0,kaggle
7109-CQYUZ,1,-0.43991649313097614,0,0,0.7992939660427822,1,2,0,2,2,2,2,2,2,2,1,3,0.8138919201624348,4652.4,0,kaggle
1370-GGAWX,0,-0.43991649313097614,0,0,0.5549717837226001,1,2,1,0,2,2,0,0,2,1,1,2,0.9767480261787151,4408.45,0,kaggle
4680-KUTAJ,0,2.273158691738958,0,0,-0.8702409464784621,1,2,0,2,0,0,0,0,0,0,1,2,-0.304497460949366,580.8,0,kaggle
5307-UVGNB,0,-0.43991649313097614,1,1,0.8400143297628127,0,1,0,2,2,2,0,0,2,0,1,0,-0.533825446972291,2495.2,0,kaggle
4946-EDSEW,0,-0.43991649313097614,1,1,-0.8702409464784621,1,0,2,1,1,1,1,1,1,0,1,3,-1.5126238800701375,180.3,1,kaggle
2883-ILGWO,1,2.273158691738958,0,0,1.002895784642934,1,2,1,0,2,0,2,2,2,0,1,0,1.3340343812144315,5913.95,0,kaggle
2516-VQRRV,0,2.273158691738958,0,0,-1.2367242199587352,1,2,1,0,0,0,0,0,0,0,1,3,0.35523594811658493,158.4,1,kaggle
7580-UGXNC,0,2.273158691738958,0,0,-1.2367242199587352,1,0,0,2,2,0,0,0,0,0,0,3,-0.32942441595185784,104.2,1,kaggle
3642-BYHDO,0,-0.43991649313097614,1,1,1.5729808767233588,1,0,2,1,1,1,1,1,1,2,0,0,-1.491020519067978,1389.35,0,kaggle
9629-NHXFW,0,-0.43991649313097614,1,1,-1.2774445836787656,1,0,2,1,1,1,1,1,1,0,1,3,-1.5076384890696393,19.4,0,kaggle
2696-RZVZW,1,-0.43991649313097614,1,0,1.4508197855632678,1,2,2,1,1,1,1,1,1,2,0,1,-1.3198554280508674,1629.2,0,kaggle
5766-FTRTS,1,-0.43991649313097614,1,0,1.6137012404433893,1,0,0,2,2,2,2,2,2,2,0,3,0.6543594081464871,6033.1,0,kaggle
0396-HUJBP,0,-0.43991649313097614,0,0,-1.2367242199587352,1,0,2,1,1,1,1,1,1,0,0,3,-1.5109620830699715,44.4,0,kaggle
5178-LMXOP,1,2.273158691738958,1,0,-1.2774445836787656,1,2,1,0,0,0,0,2,2,0,1,2,1.0083221691818711,95.1,1,kaggle
8879-ZKJOF,0,-0.43991649313097614,0,0,0.35136996512244845,1,0,0,2,0,2,2,2,2,1,1,0,0.5014740841312035,3320.75,0,kaggle
6285-FTQBF,1,-0.43991649313097614,1,1,1.6137012404433893,1,2,2,1,1,1,1,1,1,2,0,1,-1.303237458049206,1867.7,0,kaggle
8185-UPYBR,1,-0.43991649313097614,1,0,-1.0738427650786138,1,2,1,0,0,0,0,0,0,0,1,2,0.356897745116751,438.0,1,kaggle
4585-HETAI,0,-0.43991649313097614,1,1,-1.1552834925186746,1,0,1,0,0,2,0,0,0,0,1,2,0.29873485011093664,325.45,1,kaggle
7526-BEZQB,1,-0.43991649313097614,0,0,-0.8295205827584317,1,2,1,0,0,0,0,2,2,0,1,2,1.0398963121850275,1148.1,1,kaggle
1474-JUWSM,0,-0.43991649313097614,1,0,1.0436161483629645,1,2,0,2,0,0,2,0,2,1,1,2,0.12092257109316168,3972.25,0,kaggle
3530-CRZSB,0,-0.43991649313097614,0,0,-1.0331224013585834,1,0,2,1,1,1,1,1,1,0,0,3,-1.4660935640654862,155.9,0,kaggle
8498-XXGWA,0,-0.43991649313097614,1,0,1.3286586944031769,1,0,0,2,0,2,0,0,0,0,1,3,-0.3194536339508612,3673.15,0,kaggle
9617-INGJY,1,-0.43991649313097614,0,0,-1.2774445836787656,1,0,1,0,0,0,0,0,0,0,1,3,0.19404163910047073,70.6,0,kaggle
0621-TSSMU,1,-0.43991649313097614,1,0,0.9621754209229036,1,0,2,1,1,1,1,1,1,1,0,1,-1.4893587220678117,1126.75,0,kaggle
7234-KMNRQ,1,-0.43991649313097614,0,0,-1.1552834925186746,1,0,2,1,1,1,1,1,1,0,0,3,-1.5209328650709681,73.45,0,kaggle
7636-PEPNS,0,-0.43991649313097614,1,1,1.0436161483629645,1,0,0,0,0,0,0,0,0,1,1,3,-0.6867107709875744,2413.05,0,kaggle
4683-WYDOU,1,-0.43991649313097614,1,0,1.2064976032430856,1,2,1,0,0,2,2,2,2,2,1,0,1.423771419223402,6912.7,0,kaggle
9052-DHNKM,1,-0.43991649313097614,0,0,-0.2594354906780068,1,2,0,2,2,0,0,0,0,1,0,2,-0.10674361792959748,1581.95,0,kaggle
6794-HKIAJ,1,-0.43991649313097614,0,0,1.2064976032430856,1,2,1,2,2,2,0,0,0,0,0,0,0.8620840331672525,5586.45,0,kaggle
5578-NKCXI,0,-0.43991649313097614,1,1,1.0436161483629645,1,0,1,2,2,0,0,2,2,1,0,1,1.1462513201956595,5846.65,0,kaggle
1642-HMARX,0,-0.43991649313097614,1,0,1.4508197855632678,1,2,0,2,2,2,2,2,2,2,1,2,0.895319973170575,6424.7,0,kaggle
3096-WPXBT,0,-0.43991649313097614,1,1,1.1657772395230555,1,2,1,2,2,2,0,0,2,1,1,1,1.1944434332004772,6018.65,0,kaggle
8434-PNQZX,0,-0.43991649313097614,0,0,0.3920903288424788,1,2,0,0,0,2,2,2,2,2,1,1,0.45494376812655235,3373.4,0,kaggle
5950-AAAGJ,1,-0.43991649313097614,0,0,-0.5851984004382496,1,2,1,0,0,0,0,2,0,0,0,0,0.6493740171459885,1537.9,0,kaggle
4299-OPXEJ,0,-0.43991649313097614,0,0,0.9621754209229036,1,0,2,1,1,1,1,1,1,2,1,0,-1.502653098069141,1080.55,0,kaggle
4951-UKAAQ,0,-0.43991649313097614,0,0,-1.1552834925186746,1,2,1,0,2,0,0,0,2,0,1,2,0.8039211381614382,355.2,1,kaggle
9618-LFJRU,0,-0.43991649313097614,0,0,-1.1552834925186746,1,0,2,1,1,1,1,1,1,0,0,1,-1.4727407520661506,82.85,0,kaggle
6693-DJWTY,0,-0.43991649313097614,0,1,0.10704778280226633,1,0,0,2,2,0,0,0,0,1,0,1,-0.304497460949366,2016.45,0,kaggle
0744-GKNGE,0,-0.43991649313097614,1,1,1.2879383306831464,1,2,1,2,0,0,2,0,0,0,1,0,0.7324638671542947,5327.25,0,kaggle
6447-EGDIV,0,-0.43991649313097614,0,0,-0.055833672077855064,1,0,2,1,1,1,1,1,1,1,0,3,-1.4561227820644893,683.25,0,kaggle
1167-OYZJF,0,2.273158691738958,1,0,1.4100994218432374,1,0,2,1,1,1,1,1,1,2,1,0,-1.4860351280674797,1263.05,0,kaggle
2108-YKQTY,0,-0.43991649313097614,0,0,-1.1552834925186746,1,0,0,0,2,0,0,0,0,0,0,1,-0.467353566965646,151.3,1,kaggle
4806-DXQCE,0,2.273158691738958,1,0,1.5322605130033284,1,2,1,2,2,2,2,2,2,2,1,2,1.624848856243503,7714.65,0,kaggle
4918-QLLIW,1,-0.43991649313097614,0,0,-1.1960038562387048,1,0,0,0,0,0,0,2,0,0,0,1,-0.3776165289566755,188.7,1,kaggle
7056-IMHCC,1,2.273158691738958,1,0,0.8400143297628127,1,2,1,0,2,0,0,2,2,0,1,2,1.2343265612044643,5549.4,1,kaggle
4854-SSLTN,1,-0.43991649313097614,1,1,-1.2367242199587352,1,0,0,2,2,0,2,0,0,2,0,3,-0.17487729493640844,130.5,0,kaggle
5294-DMSFH,0,-0.43991649313097614,1,1,-0.13727439951791576,1,0,1,0,0,0,0,2,2,0,1,1,0.7656998071576172,2621.75,0,kaggle
4837-PZTIC,0,-0.43991649313097614,0,0,0.5956921474426305,0,1,0,2,0,2,2,0,0,2,0,3,-0.7598298389948839,1875.25,0,kaggle
1625-JAIIY,0,-0.43991649313097614,1,1,1.4508197855632678,1,2,1,0,0,0,0,2,0,1,1,2,0.6061672951416694,5685.8,1,kaggle
0603-OLQDC,1,-0.43991649313097614,0,1,-0.8295205827584317,1,0,0,2,0,0,0,2,2,0,1,3,0.16911468409797886,837.5,0,kaggle
3272-VUHPV,0,-0.43991649313097614,1,1,-0.9924020376385531,1,0,0,0,2,0,2,0,0,0,0,0,-0.28123230294704044,401.5,0,kaggle
4176-FXYBO,1,-0.43991649313097614,1,0,0.880734693482843,1,2,1,2,2,2,0,2,2,0,0,2,1.4885815022298807,6118.95,0,kaggle
1063-DHQJF,1,-0.43991649313097614,1,1,1.4915401492832983,1,0,1,0,2,0,2,2,0,2,1,3,0.9102761461720702,6480.9,0,kaggle
8663-UPDGF,0,-0.43991649313097614,0,0,-0.2594354906780068,1,2,0,2,2,0,0,2,0,0,1,0,0.1574821050968162,1800.05,0,kaggle
6719-FGEDO,0,-0.43991649313097614,1,0,1.6137012404433893,1,2,1,2,2,2,2,0,0,2,1,0,1.071470455188184,7104.2,0,kaggle
1837-YQUCE,0,-0.43991649313097614,0,0,1.5322605130033284,0,1,0,2,0,2,2,2,2,2,1,0,-0.2130986259402292,4214.25,0,kaggle
2947-DOMLJ,1,-0.43991649313097614,0,1,-1.2774445836787656,1,0,0,2,0,0,0,0,0,0,0,3,-0.47067716096597834,50.6,1,kaggle
4112-LUEIZ,1,-0.43991649313097614,0,0,-0.9109613101984924,1,0,1,0,0,0,0,2,2,0,1,2,0.8222009051632655,863.1,1,kaggle
0369-ZGOVK,0,-0.43991649313097614,1,1,-0.1779947632379461,1,0,1,0,0,0,0,0,0,1,1,0,0.1873944510998066,1992.2,0,kaggle
4510-HIMLV,1,-0.43991649313097614,0,0,-1.2774445836787656,1,0,1,0,0,0,0,0,0,0,1,2,0.16745288709781284,69.8,1,kaggle
9919-KNPOO,0,-0.43991649313097614,1,0,-0.46303730927815856,1,2,1,0,0,0,0,2,2,0,1,2,0.9817334171792131,1948.35,0,kaggle
8749-JMNKX,1,2.273158691738958,1,0,0.758573602322752,1,2,1,2,0,2,0,2,0,0,1,0,0.9651154471775519,4750.95,1,kaggle
7872-BAAZR,0,-0.43991649313097614,1,1,0.8400143297628127,1,0,2,1,1,1,1,1,1,1,0,0,-1.502653098069141,1007.9,0,kaggle
9391-LMANN,1,-0.43991649313097614,0,1,0.8400143297628127,1,0,1,2,2,2,0,0,2,1,0,2,1.0365727181846955,5036.9,0,kaggle
2430-USGXP,1,-0.43991649313097614,1,0,-0.3408762181180675,1,2,1,0,0,2,0,2,2,0,1,2,1.2060760122016398,2391.8,1,kaggle
8174-TBVCF,0,-0.43991649313097614,1,0,1.5322605130033284,1,2,0,2,2,2,2,2,2,2,1,1,0.9983513871808745,6859.05,0,kaggle
1698-XFZCI,1,-0.43991649313097614,0,0,1.1657772395230555,1,2,1,2,2,2,0,2,2,1,1,2,1.4287568102239003,6521.9,0,kaggle
1877-HKBQX,0,-0.43991649313097614,0,0,-0.8702409464784621,1,0,0,2,0,0,2,0,0,1,1,3,-0.33773340095268845,617.85,0,kaggle
4450-DLLMH,1,-0.43991649313097614,0,0,-1.2367242199587352,1,0,1,0,0,0,0,0,0,0,1,1,0.21730679710279655,157.75,0,kaggle
0428-AXXLJ,1,-0.43991649313097614,0,0,-0.30015585439803716,1,0,2,1,1,1,1,1,1,1,1,0,-1.504314895069307,516.3,0,kaggle
2746-DIJLO,0,-0.43991649313097614,0,0,0.35136996512244845,1,2,0,0,2,0,0,0,0,1,1,1,-0.28123230294704044,2364.0,0,kaggle
5955-ERIHD,1,-0.43991649313097614,1,0,-0.5851984004382496,1,2,1,0,0,0,0,2,2,0,1,2,0.9950277931805424,1687.95,1,kaggle
0917-EZOLA,1,2.273158691738958,1,0,1.6137012404433893,1,2,1,0,2,2,0,2,2,2,1,0,1.3091074262119398,7689.95,1,kaggle
3508-VLHCZ,0,-0.43991649313097614,1,1,1.5729808767233588,1,2,0,2,2,2,2,2,2,2,1,1,0.8570986421667539,6239.05,0,kaggle
4086-ATNFV,0,-0.43991649313097614,1,1,0.06632741908223598,1,0,0,2,2,2,0,0,0,1,1,3,-0.13167057293208934,2042.05,0,kaggle
0468-YRPXN,1,-0.43991649313097614,0,0,-0.13727439951791576,1,0,1,0,0,2,2,2,2,0,1,1,1.1312951471941644,2807.1,0,kaggle
5996-NRVXR,1,2.273158691738958,1,0,0.3106496014024181,1,0,1,2,2,2,2,2,0,1,1,1,1.109691786192005,4116.8,0,kaggle
3739-YBWAB,1,-0.43991649313097614,1,0,0.14776814652229667,0,1,0,2,0,2,0,0,0,1,0,3,-0.9775252460166459,1317.95,0,kaggle
7047-FWEYA,0,-0.43991649313097614,1,0,0.5549717837226001,1,2,1,0,2,0,2,2,2,1,1,2,1.2758714862086173,4594.65,0,kaggle
2000-MPKCA,0,-0.43991649313097614,0,0,1.0436161483629645,1,2,1,2,2,2,0,2,2,1,1,2,1.4287568102239003,6332.75,0,kaggle
9762-YAQAA,1,-0.43991649313097614,0,0,0.26992923768238775,1,2,1,0,2,0,0,0,0,1,0,1,0.5529897911363537,3213.75,0,kaggle
5949-EBSQK,1,-0.43991649313097614,1,1,-1.1552834925186746,1,0,0,0,0,0,2,0,2,0,0,1,-0.11006721192992953,229.55,1,kaggle
5473-KHBPS,0,-0.43991649313097614,1,1,0.7992939660427822,1,2,1,0,2,2,0,2,0,1,1,1,1.0282637331838649,4976.15,0,kaggle
0100-DUVFC,1,2.273158691738958,1,0,1.5322605130033284,1,2,1,0,2,2,0,2,2,1,1,2,1.330710787214099,7308.95,0,kaggle
5397-TUPSH,1,2.273158691738958,1,0,1.3286586944031769,1,0,1,0,0,0,0,0,0,1,1,0,0.20567421810163386,4555.2,0,kaggle
8950-MTZNV,1,-0.43991649313097614,0,0,-1.2774445836787656,1,0,0,0,0,0,0,0,0,0,1,3,-0.6584602219847502,44.95,0,kaggle
0326-VDYXE,0,-0.43991649313097614,1,0,1.5322605130033284,1,2,1,0,0,2,0,2,2,1,1,2,1.0930738161903437,6982.5,0,kaggle
6773-LQTVT,0,2.273158691738958,1,1,-0.13727439951791576,0,1,0,0,2,2,0,0,0,0,1,3,-0.9675544640156493,1025.15,0,kaggle
7274-RTAPZ,1,-0.43991649313097614,0,0,-1.2774445836787656,1,0,1,0,0,0,0,2,2,0,1,2,0.8570986421667539,90.55,1,kaggle
0436-TWFFZ,0,-0.43991649313097614,0,0,1.4100994218432374,1,2,0,2,0,2,2,2,2,2,1,3,0.6809481601491449,5714.2,0,kaggle
8566-YPRGL,0,-0.43991649313097614,0,0,-1.2774445836787656,1,0,2,1,1,1,1,1,1,0,1,3,-1.504314895069307,19.5,0,kaggle
0311-UNPFF,0,-0.43991649313097614,0,0,-0.2594354906780068,1,0,1,0,0,0,0,2,2,0,1,0,0.7989357471609396,2274.35,1,kaggle
6609-MXJHJ,0,-0.43991649313097614,1,1,-0.0965540357978854,1,2,2,1,1,1,1,1,1,2,1,3,-1.3181936310507012,789.55,0,kaggle
2669-OIDSD,0,-0.43991649313097614,1,0,0.6364125111626608,1,0,1,0,0,2,2,2,2,0,1,1,1.1728400721983174,4834.0,0,kaggle
8400-WZICQ,0,-0.43991649313097614,1,1,0.9214550572028734,1,0,0,2,2,0,0,0,0,0,0,2,-0.3011738669490337,3131.8,0,kaggle
3834-XUIFC,1,-0.43991649313097614,0,0,-1.0331224013585834,1,2,1,0,0,0,0,0,2,0,1,3,0.6792863631489789,602.55,1,kaggle
9576-SYUHJ,1,-0.43991649313097614,0,0,0.18848851024232702,1,2,1,2,0,0,0,2,0,0,1,2,0.8770402061687477,3369.25,0,kaggle
0410-IPFTY,0,-0.43991649313097614,1,0,-0.055833672077855064,1,0,1,0,2,0,0,0,2,0,1,0,0.6344178441444933,2674.15,0,kaggle
2831-EBWRN,1,-0.43991649313097614,0,0,-1.1552834925186746,1,0,0,0,0,0,0,0,0,0,1,2,-0.626886078981594,199.75,0,kaggle
9430-NKQLY,1,-0.43991649313097614,1,1,1.6137012404433893,1,2,2,1,1,1,1,1,1,2,1,1,-1.3181936310507012,1790.8,0,kaggle
8414-MYSHR,1,2.273158691738958,0,0,-1.1145631287986442,1,0,1,0,0,0,0,2,2,0,1,2,0.8853491911695783,449.75,1,kaggle
0247-SLUJI,1,-0.43991649313097614,1,1,-1.2774445836787656,1,0,2,1,1,1,1,1,1,0,0,3,-1.4976677070686424,19.7,0,kaggle
9402-ORRAH,0,2.273158691738958,0,0,-0.7073594915983407,1,0,1,0,0,0,0,2,2,0,1,2,0.8886727851699104,1400.3,0,kaggle
6483-OATDN,1,-0.43991649313097614,1,1,-0.9924020376385531,1,0,0,2,0,0,0,0,0,0,1,1,-0.44741200296365274,411.6,0,kaggle
1293-HHSHJ,0,-0.43991649313097614,0,0,0.10704778280226633,1,0,2,1,1,1,1,1,1,1,0,3,-1.451137391063991,741.0,0,kaggle
4840-ORQXB,0,2.273158691738958,0,0,0.9621754209229036,1,2,1,0,2,2,0,2,2,0,0,2,1.329048990213933,5841.35,0,kaggle
7599-FKVXZ,1,-0.43991649313097614,1,0,0.3920903288424788,1,2,1,0,0,2,2,2,2,0,1,0,1.3755793062185846,4512.7,1,kaggle
3982-DQLUS,1,2.273158691738958,1,1,1.3286586944031769,1,2,1,2,2,0,0,0,0,0,1,2,0.6975661301508063,5688.45,0,kaggle
8610-ZIKJJ,0,-0.43991649313097614,1,1,-1.2367242199587352,1,0,2,1,1,1,1,1,1,1,0,3,-1.477726143066649,31.9,0,kaggle
3756-VNWDH,1,2.273158691738958,1,0,1.3286586944031769,1,2,1,2,0,0,0,2,2,1,1,2,1.1961052302006432,6674.65,0,kaggle
7801-KICAO,0,-0.43991649313097614,0,0,-0.5851984004382496,1,2,1,0,0,0,0,0,0,0,1,2,0.31202922611226586,1345.75,0,kaggle
7673-LPRNY,0,-0.43991649313097614,0,0,-0.38159658183809786,1,2,0,2,0,2,0,2,2,1,1,2,0.4582673621268844,1843.05,0,kaggle
8229-TNIQA,0,-0.43991649313097614,0,0,-1.1552834925186746,1,0,0,0,0,0,0,0,0,0,1,3,-0.6468276429835875,196.95,1,kaggle
6060-QBMGV,1,-0.43991649313097614,1,0,1.5322605130033284,1,0,2,1,1,1,1,1,1,2,0,1,-1.4926823160681442,1433.8,0,kaggle
7339-POGZN,0,-0.43991649313097614,0,0,-1.1552834925186746,1,2,0,0,0,0,0,0,0,0,0,2,-0.467353566965646,214.55,0,kaggle
2828-SLQPF,1,-0.43991649313097614,0,0,-0.5444780367182193,1,0,0,0,0,0,0,0,0,0,1,0,-0.6567984249845842,865.85,0,kaggle
4465-VDKIQ,0,-0.43991649313097614,0,0,-0.5851984004382496,1,0,1,0,2,2,0,0,0,0,0,2,0.43334040712439253,1358.6,0,kaggle
2921-XWDJH,0,2.273158691738958,1,0,0.22920887396235737,1,0,1,2,0,0,0,0,2,0,1,2,0.6211234681431647,3147.15,0,kaggle
6221-AVQYL,1,-0.43991649313097614,0,0,-1.2367242199587352,1,2,1,0,0,0,0,0,0,0,1,1,0.28211688010927544,131.05,1,kaggle
2558-BUOZZ,1,-0.43991649313097614,0,0,0.5956921474426305,1,2,1,2,2,0,0,2,0,1,0,0,0.9983513871808745,4535.85,0,kaggle
9257-AZMTZ,0,-0.43991649313097614,1,1,0.7992939660427822,1,0,2,1,1,1,1,1,1,2,0,0,-1.4843733310673135,1078.75,0,kaggle
0003-MKNFE,1,-0.43991649313097614,0,0,-0.9516816739185228,1,2,0,0,0,0,0,0,2,0,0,3,-0.1615829189350795,542.4,0,kaggle
0975-UYDTX,0,-0.43991649313097614,1,0,-0.2594354906780068,1,2,0,2,2,2,2,2,2,1,1,1,0.8421424691652587,2312.55,0,kaggle
7743-EXURX,1,-0.43991649313097614,1,1,-0.9924020376385531,1,0,0,0,0,2,0,0,0,0,1,2,-0.45572098796448335,415.05,1,kaggle
4682-BLBUC,1,-0.43991649313097614,1,0,0.47353105628253944,1,0,0,0,2,2,2,2,0,1,1,2,0.20567421810163386,3250.45,0,kaggle
0975-VOOVL,0,-0.43991649313097614,0,0,-1.1960038562387048,0,1,0,0,2,0,0,0,0,0,0,3,-1.181926277037079,98.5,0,kaggle
5968-VXZLG,1,-0.43991649313097614,0,0,-1.2367242199587352,1,0,0,0,0,0,0,0,0,0,1,0,-0.6036209209792681,87.9,0,kaggle
5569-KGJHX,0,-0.43991649313097614,1,1,-0.9516816739185228,1,2,1,0,0,0,0,2,0,0,1,0,0.684271754149477,754.65,1,kaggle
4988-IQIGL,1,2.273158691738958,0,0,-1.2774445836787656,1,2,1,0,0,0,0,0,0,0,1,2,0.35191235411625243,75.35,1,kaggle
5201-FRKKS,1,-0.43991649313097614,0,0,-0.30015585439803716,1,0,1,2,0,0,0,0,0,0,0,0,0.3170146171127639,1952.25,0,kaggle
9799-CAYJJ,0,2.273158691738958,1,0,-1.2367242199587352,1,0,1,0,0,0,0,0,0,0,1,2,0.1508349170961516,153.8,0,kaggle
7730-IUTDZ,1,-0.43991649313097614,0,0,0.43281069256250915,1,0,1,2,0,0,0,0,0,0,1,2,0.3469269631157543,3198.6,1,kaggle
0426-TIRNE,0,-0.43991649313097614,0,0,-1.2774445836787656,1,0,2,1,1,1,1,1,1,0,0,3,-1.4577845790646555,20.9,1,kaggle
5443-SCMKX,0,-0.43991649313097614,1,0,1.0436161483629645,1,2,1,0,2,2,0,0,2,1,1,2,0.9817334171792131,5610.15,0,kaggle
8295-KMENE,0,-0.43991649313097614,1,1,1.0843365120829946,1,2,0,2,0,2,2,2,0,2,1,3,0.3884718881199074,4519.5,0,kaggle
6738-ISCBM,1,-0.43991649313097614,0,0,0.47353105628253944,0,1,0,2,0,2,0,2,2,1,1,2,-0.357674964954682,2440.25,0,kaggle
9821-BESNZ,1,-0.43991649313097614,0,0,1.369379058123207,1,2,1,0,2,0,2,2,2,1,1,2,1.3124310202122718,6860.6,0,kaggle
3678-MNGZX,1,-0.43991649313097614,1,1,1.4508197855632678,1,0,2,1,1,1,1,1,1,2,0,0,-1.4893587220678117,1377.7,0,kaggle
1335-NTIUC,1,-0.43991649313097614,0,0,-0.9516816739185228,0,1,0,0,0,0,0,0,0,0,1,2,-1.3231790220511994,190.25,0,kaggle
2916-BQZLN,1,-0.43991649313097614,0,0,-0.5444780367182193,1,2,1,2,0,2,0,0,0,0,1,2,0.6643301901474837,1651.95,0,kaggle
4558-CGYCZ,1,-0.43991649313097614,0,0,-1.1552834925186746,1,0,2,1,1,1,1,1,1,0,0,3,-1.4960059100684764,78.3,0,kaggle
2368-GAKKQ,0,-0.43991649313097614,0,0,1.5322605130033284,1,2,1,2,2,2,2,2,2,2,1,0,1.624848856243503,7939.25,0,kaggle
8710-YGLWG,1,-0.43991649313097614,0,0,-1.2774445836787656,1,0,0,0,0,0,0,0,0,0,1,3,-0.6601220189849164,44.9,0,kaggle
3199-XGZCY,0,-0.43991649313097614,0,0,-0.9924020376385531,1,2,1,0,0,0,0,0,0,0,1,2,0.3485887601159204,576.7,0,kaggle
3785-KTYSH,1,-0.43991649313097614,0,0,0.8400143297628127,1,2,2,1,1,1,1,1,1,2,0,3,-1.3348116010523623,1279.0,0,kaggle
6814-ZPWFQ,1,2.273158691738958,0,0,0.758573602322752,1,2,2,1,1,1,1,1,1,1,0,0,-1.3215172250510334,1260.7,0,kaggle
4063-EIKNQ,1,-0.43991649313097614,1,1,-0.8702409464784621,1,0,2,1,1,1,1,1,1,0,0,0,-1.4561227820644893,267.35,0,kaggle
6993-YCOBK,1,-0.43991649313097614,1,1,1.125056875803025,1,2,1,2,0,2,2,2,2,2,1,2,1.5234792392333694,6586.85,0,kaggle
5206-HPJKM,1,-0.43991649313097614,0,0,-0.62591876415828,1,0,0,2,2,0,0,0,0,0,1,1,-0.3078210549496983,934.15,0,kaggle
7587-RZNME,1,-0.43991649313097614,0,0,-1.1960038562387048,1,0,0,0,0,0,0,0,0,0,1,2,-0.7132995229902325,123.65,1,kaggle
0748-RDGGM,1,-0.43991649313097614,1,0,1.5322605130033284,1,0,1,2,2,2,2,2,2,1,1,0,1.4869197052297147,7534.65,1,kaggle
8393-JMVMB,1,-0.43991649313097614,0,0,-1.2774445836787656,1,0,2,1,1,1,1,1,1,0,0,3,-1.505976692069473,19.45,0,kaggle
5019-GQVCR,1,2.273158691738958,0,0,0.43281069256250915,1,2,1,0,0,0,0,2,0,0,1,2,0.6676537841478158,3645.6,0,kaggle
6036-TTFYU,0,-0.43991649313097614,1,0,-0.6666391278783103,1,0,2,1,1,1,1,1,1,0,0,3,-1.5009913010689746,314.45,0,kaggle
2550-AEVRU,0,-0.43991649313097614,1,1,1.002895784642934,1,0,0,2,2,0,0,0,0,1,0,2,-0.37595473195650925,3053.0,0,kaggle
0969-RGKCU,1,-0.43991649313097614,1,1,0.18848851024232702,1,0,2,1,1,1,1,1,1,1,0,1,-1.4943441130683104,677.05,0,kaggle
0378-CJKPV,0,-0.43991649313097614,1,0,1.6137012404433893,1,2,1,2,2,2,2,2,2,2,0,1,1.5733331492383529,7965.95,0,kaggle
4706-AXVKM,0,2.273158691738958,0,0,-0.8702409464784621,1,2,1,0,0,0,0,0,2,0,1,1,0.6659919871476498,906.85,1,kaggle
5889-JTMUL,0,2.273158691738958,1,0,0.7178532386027215,1,2,1,0,2,2,0,2,0,0,1,2,1.0066603721817051,4888.7,1,kaggle
9026-RNUJS,1,2.273158691738958,0,0,-1.1145631287986442,1,0,0,0,0,2,0,0,0,0,0,2,-0.47898614596680894,237.25,1,kaggle
3746-EUBYR,1,-0.43991649313097614,1,0,-1.2774445836787656,1,2,1,0,0,0,0,0,0,0,1,0,0.32698539911376057,74.6,1,kaggle
2332-EFBJY,1,-0.43991649313097614,0,0,-0.6666391278783103,1,0,2,1,1,1,1,1,1,0,1,3,-1.4976677070686424,342.4,1,kaggle
2880-FPNAE,1,2.273158691738958,1,0,-1.2367242199587352,1,0,1,0,0,2,0,0,0,0,1,2,0.31369102311243185,140.1,0,kaggle
1703-MGIAB,0,-0.43991649313097614,0,0,-0.62591876415828,1,2,0,0,0,2,2,2,0,0,1,3,0.14086413509515497,1108.0,0,kaggle
4311-QTTAI,0,-0.43991649313097614,0,0,-0.6666391278783103,1,0,2,1,1,1,1,1,1,1,0,1,-1.5093002860698053,295.55,0,kaggle
9474-PHLYD,0,-0.43991649313097614,0,0,-0.7073594915983407,1,0,0,0,0,2,0,0,2,0,1,2,-0.17653909193657447,892.65,1,kaggle
4318-RAJVY,0,-0.43991649313097614,0,0,-0.9109613101984924,1,0,2,1,1,1,1,1,1,1,1,3,-1.4943441130683104,198.25,0,kaggle
2165-VOEGB,0,-0.43991649313097614,0,1,0.5549717837226001,1,0,1,2,2,0,2,2,2,1,1,0,1.3440051632154282,4822.85,1,kaggle
3612-YUNGG,1,-0.43991649313097614,1,1,1.2879383306831464,1,2,1,0,2,2,2,2,2,2,1,1,1.476948923228718,6741.15,0,kaggle
2254-DLXRI,0,-0.43991649313097614,0,0,-1.2774445836787656,1,2,1,0,2,0,0,0,0,0,1,3,0.47820892612887816,79.15,0,kaggle
5062-CJJKH,1,-0.43991649313097614,1,1,-0.30015585439803716,1,0,0,0,2,2,0,0,0,1,0,3,-0.3693075439558449,1355.45,0,kaggle
9028-LIHRP,1,-0.43991649313097614,1,1,1.5729808767233588,1,0,1,2,2,2,2,2,0,2,0,1,1.1778254631988159,7209.0,0,kaggle
2219-MVUSO,1,-0.43991649313097614,0,0,-0.9924020376385531,1,0,0,0,0,0,0,0,0,0,1,3,-0.6518130339840859,438.4,1,kaggle
1053-MXTTK,0,-0.43991649313097614,1,1,1.6137012404433893,1,0,1,2,2,2,2,2,2,2,1,0,1.4586691562268908,7726.35,0,kaggle
1530-ZTDOZ,0,-0.43991649313097614,1,0,0.6771328748826912,0,1,0,2,0,0,0,2,0,0,0,0,-0.801374763999037,2070.75,0,kaggle
1301-LOPVR,1,-0.43991649313097614,1,1,-0.13727439951791576,0,1,0,2,2,2,2,0,2,1,1,1,-0.31280644595019663,1636.95,0,kaggle
0853-TWRVK,1,-0.43991649313097614,1,0,1.6137012404433893,1,2,1,2,2,2,2,0,2,2,0,0,1.3572995392167568,7581.5,0,kaggle
8914-RBTSB,1,-0.43991649313097614,1,0,-0.055833672077855064,1,2,1,0,2,2,0,2,0,0,0,2,0.9651154471775519,3019.5,1,kaggle
6212-ATMLK,0,-0.43991649313097614,0,0,0.7178532386027215,1,2,1,0,0,0,0,2,2,0,1,2,1.0282637331838649,4729.75,0,kaggle
8200-LGKSR,1,-0.43991649313097614,1,0,1.5729808767233588,1,2,0,2,0,2,2,2,2,2,0,2,0.612814483142334,6126.1,0,kaggle
1568-BEKZM,1,2.273158691738958,1,0,1.5322605130033284,1,2,0,2,2,2,2,2,2,2,0,1,0.8404806721650927,6333.4,0,kaggle
0670-ANMUU,1,-0.43991649313097614,0,0,1.5729808767233588,1,2,1,2,0,0,2,0,2,1,0,1,1.0930738161903437,6687.85,0,kaggle
6897-RWMUB,1,-0.43991649313097614,1,1,1.1657772395230555,1,0,0,2,2,2,2,0,0,2,1,0,0.10928999209199854,4158.25,0,kaggle
0963-ZBDRN,1,-0.43991649313097614,0,0,-0.015113308357824713,1,0,1,0,0,0,2,2,2,0,1,2,1.044881703185526,3183.4,1,kaggle
7594-RQHXR,0,-0.43991649313097614,0,1,-1.2774445836787656,1,0,1,0,0,0,0,0,2,0,1,2,0.4931650991303729,79.6,1,kaggle
6999-CHVCF,1,-0.43991649313097614,0,0,1.4508197855632678,1,2,1,2,2,2,0,0,2,2,1,0,1.2409737492051283,7149.35,0,kaggle
6134-KWTBV,1,-0.43991649313097614,0,0,1.2064976032430856,1,2,2,1,1,1,1,1,1,2,0,0,-1.3746947290563494,1429.65,0,kaggle
1077-HUUJM,0,-0.43991649313097614,0,1,-1.0331224013585834,1,0,1,0,0,0,0,0,0,0,1,2,0.2089978121019659,472.65,0,kaggle
6331-EWIEB,1,-0.43991649313097614,0,0,-0.5037576729981889,1,2,1,0,0,0,0,2,0,0,1,2,0.6809481601491449,1734.5,1,kaggle
0895-LNKRC,1,-0.43991649313097614,1,1,-1.0738427650786138,1,0,2,1,1,1,1,1,1,1,0,3,-1.505976692069473,113.5,0,kaggle
2045-BMBTJ,0,2.273158691738958,0,0,0.025607055362205634,0,1,0,2,2,2,0,2,2,0,1,0,-0.17653909193657447,1884.65,0,kaggle
8417-GSODA,1,-0.43991649313097614,1,1,-0.1779947632379461,1,2,1,0,0,0,0,2,2,1,0,0,0.9119379431722362,2568.15,0,kaggle
5171-EPLKN,1,-0.43991649313097614,0,0,-0.21871512695797646,1,0,2,1,1,1,1,1,1,2,0,1,-1.4926823160681442,470.0,0,kaggle
4452-QIIEB,1,-0.43991649313097614,0,0,-1.0331224013585834,1,0,0,0,0,0,0,0,0,0,0,3,-0.6933579589882389,278.4,0,kaggle
5998-VVEJY,1,-0.43991649313097614,0,0,-0.2594354906780068,1,2,1,0,0,0,2,0,0,0,1,2,0.5230774451333633,2088.8,1,kaggle
1624-NALOJ,1,2.273158691738958,0,0,-1.1145631287986442,1,2,1,0,2,0,0,0,2,0,1,2,0.8321716871642622,502.6,1,kaggle
6741-EGCBI,1,2.273158691738958,0,0,-0.0965540357978854,1,2,1,2,0,0,0,0,2,0,1,1,0.8554368451665879,2595.85,0,kaggle
7820-ZYGNY,1,-0.43991649313097614,0,0,1.247217966963116,1,2,1,0,2,0,0,0,2,1,0,1,0.8537750481664219,5825.5,0,kaggle
4317-VTEOA,1,-0.43991649313097614,0,0,-1.2774445836787656,1,0,0,0,2,0,0,0,0,0,1,2,-0.46569176996548,50.75,1,kaggle
9677-AVKED,0,-0.43991649313097614,0,1,0.8400143297628127,1,2,0,0,2,2,2,2,2,1,1,2,0.6593447991469852,4449.75,0,kaggle
1670-SVOWZ,0,-0.43991649313097614,1,1,-0.748079855318371,1,0,1,0,2,0,2,0,2,0,1,1,0.827186296163764,1208.35,1,kaggle
2227-JRSJX,0,-0.43991649313097614,0,0,-0.46303730927815856,1,0,1,0,2,0,2,2,2,0,1,0,1.1429277261953275,1956.4,0,kaggle
9847-HNVGP,1,-0.43991649313097614,0,0,-0.62591876415828,1,0,2,1,1,1,1,1,1,1,0,3,-1.4893587220678117,310.6,0,kaggle
6696-YDAYZ,1,-0.43991649313097614,1,1,-0.6666391278783103,1,0,2,1,1,1,1,1,1,2,0,3,-1.4710789550659844,290.55,0,kaggle
8980-WQFWL,0,-0.43991649313097614,0,0,0.10704778280226633,1,0,0,0,0,2,0,0,2,0,1,2,-0.08846385092776998,2096.1,0,kaggle
1730-ZMAME,0,2.273158691738958,0,0,-0.015113308357824713,1,0,1,0,0,0,0,0,2,0,1,2,0.4898415051300408,2665.0,0,kaggle
6506-EYCNH,0,-0.43991649313097614,1,1,-0.1779947632379461,1,0,2,1,1,1,1,1,1,0,1,0,-1.502653098069141,543.8,0,kaggle
4634-JLRJT,0,-0.43991649313097614,0,0,-1.2774445836787656,1,0,2,1,1,1,1,1,1,0,1,3,-1.4760643460664828,20.35,0,kaggle
9501-UKKNL,1,-0.43991649313097614,0,0,1.0843365120829946,0,1,0,0,0,0,2,2,2,0,1,2,-0.43411762696232353,3005.8,0,kaggle
2560-QTSBS,0,-0.43991649313097614,1,1,1.6137012404433893,1,2,2,1,1,1,1,1,1,1,1,0,-1.3780183230566818,1623.15,0,kaggle
7541-YLXCL,1,-0.43991649313097614,0,0,0.14776814652229667,1,0,0,0,2,0,2,0,2,1,1,3,0.021214751083194285,2498.4,1,kaggle
4795-WRNVT,0,-0.43991649313097614,0,0,0.3106496014024181,1,0,0,2,2,0,0,2,0,0,0,3,0.011243969082197169,2586.0,0,kaggle
6080-TCMYC,1,-0.43991649313097614,1,1,0.3106496014024181,1,2,1,0,0,2,0,0,0,0,1,2,0.5463426031356892,3292.3,0,kaggle
0260-ZDLGK,0,-0.43991649313097614,0,1,-0.9516816739185228,1,0,0,0,0,2,2,2,2,0,1,3,0.2704843011081128,651.4,1,kaggle
7860-UXCRM,1,-0.43991649313097614,1,1,1.247217966963116,1,0,0,2,2,2,2,2,0,2,0,1,0.3236618051134285,4674.55,0,kaggle
6357-JJPQT,0,-0.43991649313097614,0,0,-1.1960038562387048,1,0,1,0,0,0,0,2,0,0,1,2,0.5230774451333633,232.35,0,kaggle
2292-XQWSV,1,-0.43991649313097614,1,1,0.3106496014024181,0,1,0,0,2,2,2,2,2,1,0,3,-0.14828854293375057,2448.5,0,kaggle
9552-TGUZV,1,-0.43991649313097614,1,0,-0.9924020376385531,1,0,1,2,0,0,0,0,0,0,1,3,0.3402797751150897,658.1,0,kaggle
5913-INRQV,1,2.273158691738958,1,0,0.06632741908223598,1,0,1,2,0,0,2,2,0,1,0,3,0.8438042661654253,3128.8,0,kaggle
8722-NGNBH,1,-0.43991649313097614,0,0,-1.1145631287986442,0,1,0,2,0,2,2,0,0,0,0,3,-0.8229781250011965,223.45,1,kaggle
6210-KBBPI,1,2.273158691738958,0,0,-0.9516816739185228,1,2,1,0,2,0,0,2,2,0,1,1,1.1528985081963241,919.4,1,kaggle
9643-YBLUR,1,-0.43991649313097614,1,0,-0.9516816739185228,1,2,0,0,2,2,0,0,2,0,1,1,0.142525932095321,653.95,0,kaggle
8734-FNWVH,1,-0.43991649313097614,1,1,-0.055833672077855064,1,2,0,0,0,0,0,0,2,0,0,0,-0.16823010693574386,1825.5,0,kaggle
9447-YPTBX,0,-0.43991649313097614,1,0,0.7178532386027215,1,0,2,1,1,1,1,1,1,1,1,0,-1.4926823160681442,943.1,0,kaggle
0133-BMFZO,0,-0.43991649313097614,0,0,-1.2367242199587352,1,0,1,2,2,0,2,0,0,0,1,2,0.7141841001524675,181.65,1,kaggle
6128-CZOMY,0,-0.43991649313097614,0,0,-1.2774445836787656,1,0,0,0,0,0,0,0,0,0,1,2,-0.6351950639824246,45.65,1,kaggle
9540-JYROE,1,-0.43991649313097614,0,0,-0.9924020376385531,1,0,1,0,0,0,0,0,0,0,1,3,0.1774236690988095,551.35,1,kaggle
9026-LHEVG,0,-0.43991649313097614,0,0,-0.9516816739185228,0,1,0,0,2,0,0,0,2,0,0,2,-0.7980511699987046,359.4,0,kaggle
2260-USTRB,0,2.273158691738958,0,0,-1.2367242199587352,1,0,1,0,0,0,0,0,0,0,1,0,0.18074726309914202,115.95,1,kaggle
3656-TKRVZ,0,-0.43991649313097614,0,0,-1.1960038562387048,1,0,0,2,2,0,0,0,0,0,0,2,-0.31280644595019663,165.2,1,kaggle
7011-CVEUC,1,-0.43991649313097614,1,0,-0.30015585439803716,1,0,1,0,0,0,2,2,2,0,1,1,1.0282637331838649,2338.35,0,kaggle
6185-TASNN,1,2.273158691738958,0,0,-1.2774445836787656,1,0,0,0,0,0,0,0,0,0,0,2,-0.613591702980265,46.3,0,kaggle
7925-PNRGI,0,-0.43991649313097614,1,1,0.5142514200025698,1,2,0,2,2,2,2,2,0,0,0,3,0.5496661971360212,3541.1,0,kaggle
8623-TMRBY,1,2.273158691738958,1,1,0.758573602322752,1,2,1,0,2,2,0,0,0,0,1,2,0.6460504231456565,4146.05,1,kaggle
1552-CZCLL,0,-0.43991649313097614,1,1,0.9214550572028734,1,0,2,1,1,1,1,1,1,0,0,1,-1.4876969250676457,1087.25,0,kaggle
3038-PQIUY,0,-0.43991649313097614,0,0,0.22920887396235737,1,2,0,2,2,2,0,0,0,0,1,0,0.046141706085686136,2522.4,0,kaggle
1501-SGHBW,1,-0.43991649313097614,0,0,-1.2367242199587352,1,0,0,0,0,0,0,0,0,0,0,3,-0.62854787598176,81.0,1,kaggle
9313-CDOGY,1,-0.43991649313097614,1,1,0.22920887396235737,1,0,2,1,1,1,1,1,1,0,0,2,-1.5009913010689746,717.3,0,kaggle
8148-BPLZQ,1,-0.43991649313097614,0,0,0.06632741908223598,1,0,0,0,2,0,0,0,0,0,1,2,-0.4972659129686364,1734.2,0,kaggle
2623-DRYAM,0,-0.43991649313097614,1,0,1.5322605130033284,1,2,1,0,0,2,0,2,2,1,1,2,1.2293411702039656,7069.3,0,kaggle
9987-LUTYD,0,-0.43991649313097614,0,0,-0.7888002190384014,1,0,0,2,0,0,2,0,0,1,0,3,-0.3194536339508612,742.9,0,kaggle
3208-YPIOE,1,-0.43991649313097614,0,0,0.26992923768238775,1,2,1,0,0,0,0,0,0,0,0,2,0.3485887601159204,3017.65,1,kaggle
4488-KQFDT,0,-0.43991649313097614,0,0,1.1657772395230555,1,2,1,0,2,2,0,2,2,1,1,2,1.302460238211275,6423.0,0,kaggle
2612-RANWT,0,-0.43991649313097614,0,0,-0.8295205827584317,1,2,1,0,0,2,0,2,2,0,1,0,1.1761636661986499,1164.3,1,kaggle
5693-PIPCS,1,-0.43991649313097614,0,0,0.35136996512244845,1,0,1,0,2,0,2,2,2,2,1,1,1.1595456961969886,4220.35,0,kaggle
0491-KAPQG,1,-0.43991649313097614,0,0,-0.46303730927815856,1,2,1,0,0,0,0,0,0,0,1,2,0.29707305311077065,1558.7,0,kaggle
1925-LFCZZ,1,2.273158691738958,0,0,0.9214550572028734,0,1,0,0,0,2,0,2,2,1,1,0,-0.4889569279678058,2743.45,0,kaggle
8039-EQPIM,1,-0.43991649313097614,1,0,1.4915401492832983,0,1,0,2,0,2,2,2,2,2,0,0,-0.1499503399339166,4055.5,0,kaggle
6900-PXRMS,1,2.273158691738958,1,1,-0.2594354906780068,1,2,1,0,2,2,0,2,2,0,0,2,1.3622849302172555,2710.25,1,kaggle
8707-RMEZH,0,2.273158691738958,1,0,1.4915401492832983,1,0,1,2,2,0,0,0,2,1,0,1,0.749081837155956,6055.55,0,kaggle
3346-BRMIS,0,2.273158691738958,1,0,-0.5851984004382496,0,1,0,0,0,2,0,2,2,0,1,2,-0.5454580259734538,810.7,1,kaggle
3209-ZPKFI,1,-0.43991649313097614,1,1,0.5956921474426305,1,2,0,0,2,0,0,0,0,0,0,2,-0.3493659799538514,2538.2,0,kaggle
6479-VDGRK,0,-0.43991649313097614,1,1,1.6137012404433893,1,0,0,2,2,2,2,2,2,2,0,0,0.682609957149311,6129.2,0,kaggle
9373-WSLOY,1,2.273158691738958,1,0,0.025607055362205634,0,1,0,0,2,2,2,2,0,0,1,2,-0.4906187249679718,1750.85,0,kaggle
2933-FILNV,0,-0.43991649313097614,1,1,-1.2367242199587352,0,1,0,0,0,0,0,0,0,0,1,3,-1.341458789053027,36.55,1,kaggle
3569-JFODW,0,-0.43991649313097614,1,1,1.6137012404433893,1,2,0,2,2,2,2,2,2,2,0,1,0.8703930181680831,6652.45,0,kaggle
9819-FBNSV,1,2.273158691738958,1,0,0.18848851024232702,1,0,1,0,0,0,0,0,0,0,1,0,0.24888094010595296,2575.45,0,kaggle
9544-PYPSJ,0,2.273158691738958,1,1,1.2064976032430856,1,2,1,0,2,2,0,0,2,0,1,1,1.0415581091851935,6019.35,0,kaggle
1591-XWLGB,0,-0.43991649313097614,1,0,1.5729808767233588,1,0,2,1,1,1,1,1,1,2,0,1,-1.4926823160681442,1379.6,0,kaggle
0396-UKGAI,1,-0.43991649313097614,0,1,-0.38159658183809786,1,0,0,0,2,0,2,0,0,0,1,0,-0.31446824295036285,1284.2,0,kaggle
3243-ZHOHY,0,-0.43991649313097614,0,0,-0.6666391278783103,1,0,2,1,1,1,1,1,1,1,0,3,-1.4843733310673135,296.15,0,kaggle
5186-EJEGL,1,-0.43991649313097614,0,0,-0.9516816739185228,1,0,0,2,0,2,2,2,0,0,1,3,0.1574821050968162,653.25,0,kaggle
7527-QNRUS,1,-0.43991649313097614,1,1,-0.62591876415828,1,2,2,1,1,1,1,1,1,2,1,3,-1.3165318340505352,412.6,0,kaggle
9986-BONCE,0,-0.43991649313097614,0,0,-1.1552834925186746,1,0,2,1,1,1,1,1,1,0,0,0,-1.4561227820644893,85.5,1,kaggle
2722-JMONI,0,2.273158691738958,1,0,-1.2774445836787656,1,0,0,2,0,0,0,0,0,0,1,2,-0.5055748979694671,49.55,1,kaggle
2203-GHNWN,0,-0.43991649313097614,1,0,-0.3408762181180675,1,2,1,0,0,2,0,0,0,0,1,3,0.4948268961305394,1928.7,0,kaggle
3878-AVSOQ,0,2.273158691738958,0,0,-1.2774445836787656,1,0,1,0,0,0,0,0,0,0,1,2,0.21564500010263052,71.25,0,kaggle
3258-SYSWS,1,2.273158691738958,0,0,1.6137012404433893,1,2,1,2,2,2,2,2,2,2,0,0,1.6298342472440013,7845.8,0,kaggle
5296-PSYVW,0,-0.43991649313097614,1,0,1.6137012404433893,1,2,2,1,1,1,1,1,1,2,0,2,-1.3364733980525287,1750.7,0,kaggle
6319-QSUSR,0,-0.43991649313097614,0,1,-0.8702409464784621,1,0,2,1,1,1,1,1,1,0,0,1,-1.4976677070686424,216.2,0,kaggle
4083-EUGRJ,1,-0.43991649313097614,0,0,-0.9516816739185228,1,0,2,1,1,1,1,1,1,0,0,3,-1.479387940066815,178.5,1,kaggle
7579-OOPEC,0,2.273158691738958,1,0,-1.2367242199587352,1,0,0,0,2,0,0,0,0,0,0,1,-0.4856333339674735,115.1,1,kaggle
0512-FLFDW,0,2.273158691738958,1,0,1.125056875803025,1,2,1,0,0,2,0,2,2,1,1,1,1.1877962451998125,6029.0,0,kaggle
1771-OADNZ,1,2.273158691738958,1,0,-0.13727439951791576,1,2,1,0,2,2,0,0,2,0,1,2,1.0349109211845293,2745.2,1,kaggle
0487-CRLZF,0,-0.43991649313097614,0,0,0.6771328748826912,1,0,0,0,0,2,2,2,2,2,1,0,0.32200000811326246,3721.9,0,kaggle
2107-FBPTK,0,2.273158691738958,0,0,-0.0965540357978854,1,2,1,0,2,2,0,2,2,0,1,2,1.3074456292117733,3121.1,0,kaggle
9451-WLYRI,0,-0.43991649313097614,1,0,0.8400143297628127,1,0,2,1,1,1,1,1,1,1,0,1,-1.5192710680708021,990.45,0,kaggle
8219-VYBVI,1,-0.43991649313097614,0,1,0.26992923768238775,1,2,2,1,1,1,1,1,1,2,0,3,-1.3215172250510334,1004.35,0,kaggle
1991-VOPLL,0,-0.43991649313097614,0,0,-0.9516816739185228,1,0,2,1,1,1,1,1,1,0,0,3,-1.5192710680708021,157.65,0,kaggle
9738-QLWTP,1,-0.43991649313097614,0,0,0.26992923768238775,1,0,1,0,0,2,2,0,0,1,0,2,0.5696077611380149,3219.75,0,kaggle
1016-DJTSV,1,2.273158691738958,0,0,-0.9924020376385531,1,0,1,0,0,0,0,0,0,0,1,2,0.16412929309748078,572.85,0,kaggle
9419-IPPBE,0,-0.43991649313097614,1,1,0.758573602322752,1,2,1,0,0,2,0,0,2,1,1,2,0.8438042661654253,4554.85,0,kaggle
0174-QRVVY,1,-0.43991649313097614,1,1,1.5729808767233588,1,2,2,1,1,1,1,1,1,2,0,1,-1.3098846460498705,1847.55,0,kaggle
5699-BNCAS,1,2.273158691738958,0,0,1.5729808767233588,1,2,2,1,1,1,1,1,1,2,1,3,-1.3331498040521963,1766.75,0,kaggle
2900-PHPLN,0,2.273158691738958,1,0,1.5322605130033284,1,0,2,1,1,1,1,1,1,2,1,1,-1.502653098069141,1462.05,0,kaggle
0612-RTZZA,0,2.273158691738958,0,0,-1.2774445836787656,0,1,0,0,0,0,0,0,0,0,0,2,-1.3132082400502028,25.25,1,kaggle
8106-GWQOK,1,-0.43991649313097614,1,0,0.22920887396235737,0,1,0,2,2,0,2,2,2,2,1,0,-0.1582593249347472,2193.2,0,kaggle
8751-EDEKA,0,-0.43991649313097614,1,0,-0.1779947632379461,1,0,1,0,2,2,0,0,2,0,0,1,0.8354952811645946,2433.5,0,kaggle
6878-GGDWG,0,-0.43991649313097614,1,0,-0.015113308357824713,1,0,2,1,1,1,1,1,1,0,0,0,-1.5076384890696393,641.15,0,kaggle
4039-PIMHX,1,2.273158691738958,1,0,0.6771328748826912,1,0,0,0,2,0,0,0,0,2,0,3,-0.4972659129686364,2398.4,0,kaggle
8450-LUGUK,0,-0.43991649313097614,1,1,0.18848851024232702,1,2,2,1,1,1,1,1,1,2,1,0,-1.3514295710540236,861.85,0,kaggle
3604-WLABM,0,-0.43991649313097614,0,0,-0.9109613101984924,1,0,0,0,0,2,2,0,0,0,0,2,-0.3493659799538514,583.0,0,kaggle
0795-GMVQO,1,-0.43991649313097614,1,0,1.4100994218432374,1,2,1,2,2,2,0,2,2,1,0,1,1.5002140812310438,7332.4,0,kaggle
2259-OUUSZ,1,-0.43991649313097614,0,0,-1.0331224013585834,0,1,0,0,0,2,2,0,0,1,1,1,-0.9725398550161476,249.55,0,kaggle
1142-IHLOO,0,-0.43991649313097614,0,0,0.758573602322752,1,0,1,0,0,0,0,2,2,1,0,1,0.7573908221567865,4475.9,0,kaggle
6410-LEFEN,0,-0.43991649313097614,0,0,-0.9516816739185228,1,0,0,0,0,0,0,0,0,0,0,2,-0.6518130339840859,416.45,1,kaggle
4633-MKHYU,0,-0.43991649313097614,0,0,-0.9516816739185228,1,0,1,0,0,0,0,2,2,0,1,3,0.785641371159611,788.6,0,kaggle
6257-RJOHI,1,-0.43991649313097614,0,0,-1.1552834925186746,1,0,0,0,0,0,2,0,0,0,1,3,-0.46402997296531395,202.3,0,kaggle
1545-JFUML,1,-0.43991649313097614,1,0,1.5729808767233588,1,2,1,2,2,2,0,2,0,2,1,2,1.1379423351948288,6994.6,0,kaggle
3194-ORPIK,0,-0.43991649313097614,1,1,0.7178532386027215,1,2,1,0,0,0,0,2,0,0,1,0,0.6526976111463211,4116.15,1,kaggle
7826-VVKWT,0,2.273158691738958,1,1,-0.3408762181180675,1,0,1,0,0,2,0,2,2,2,1,2,1.0565142821866886,2263.45,0,kaggle
1353-GHZOS,1,-0.43991649313097614,1,0,-0.4223169455581282,1,0,0,2,0,0,0,2,0,1,1,0,-0.16656830993557784,1374.35,0,kaggle
2587-EKXTS,1,-0.43991649313097614,0,0,0.47353105628253944,1,2,1,2,2,2,0,2,2,0,1,2,1.5533915852363596,4915.15,0,kaggle
5442-BXVND,0,-0.43991649313097614,1,1,0.025607055362205634,1,2,2,1,1,1,1,1,1,0,0,0,-1.3464441800535252,838.5,0,kaggle
8816-VXNZD,0,-0.43991649313097614,0,0,-1.2774445836787656,1,2,1,0,0,0,0,0,0,0,1,2,0.3436033691154218,75.1,1,kaggle
9378-FXTIZ,0,-0.43991649313097614,1,0,0.880734693482843,1,2,0,0,0,0,0,2,2,1,1,1,0.179085466098976,3715.65,1,kaggle
1723-HKXJQ,1,-0.43991649313097614,0,0,0.3920903288424788,1,2,1,0,2,0,0,2,2,0,1,2,1.2293411702039656,4273.45,1,kaggle
7825-GKXMW,0,-0.43991649313097614,0,0,-1.2774445836787656,1,0,0,0,0,0,0,0,0,0,0,2,-0.6302096729819263,45.8,1,kaggle
9753-OYLBX,0,-0.43991649313097614,0,0,-1.2774445836787656,1,0,2,1,1,1,1,1,1,0,0,3,-1.4710789550659844,20.5,0,kaggle
2364-UFROM,1,-0.43991649313097614,0,0,-0.0965540357978854,1,0,0,2,2,0,2,2,0,1,0,2,0.1873944510998066,2044.75,0,kaggle
6656-JWRQX,0,-0.43991649313097614,0,0,-1.2774445836787656,0,1,0,0,0,0,2,0,0,0,0,3,-1.1370577580325938,30.55,0,kaggle
6473-ULUHT,1,-0.43991649313097614,1,1,-0.6666391278783103,1,2,0,2,2,0,2,2,2,0,0,2,0.6693155811479823,1398.25,0,kaggle
1240-KNSEZ,1,-0.43991649313097614,0,0,-1.2774445836787656,1,0,2,1,1,1,1,1,1,0,1,3,-1.4843733310673135,20.1,1,kaggle
0836-SEYLU,1,-0.43991649313097614,1,0,-0.9516816739185228,0,1,0,0,0,0,2,2,0,0,0,3,-0.801374763999037,328.95,1,kaggle
4433-JCGCG,1,2.273158691738958,1,0,0.5549717837226001,1,2,1,0,0,2,0,2,2,0,1,2,1.2044142152014738,4680.05,1,kaggle
3716-BDVDB,1,-0.43991649313097614,0,0,-1.2774445836787656,1,0,1,0,0,0,0,0,0,0,1,2,0.14418772909548702,69.1,1,kaggle
7688-AWMDX,1,-0.43991649313097614,1,0,1.5729808767233588,1,0,0,2,0,0,2,0,0,2,0,0,-0.3410569949530208,3778.2,0,kaggle
2842-BCQGE,1,-0.43991649313097614,0,0,0.43281069256250915,1,2,1,0,0,0,0,0,0,0,1,1,0.35191235411625243,3161.4,0,kaggle
7244-QWYHG,1,-0.43991649313097614,1,0,0.7178532386027215,0,1,0,2,0,0,2,2,0,1,1,0,-0.6750781919864114,2188.45,0,kaggle
5899-MQZZL,0,-0.43991649313097614,0,0,-0.7888002190384014,1,2,1,0,0,0,0,0,0,0,1,3,0.3402797751150897,999.45,1,kaggle
6849-OYAMU,1,-0.43991649313097614,1,1,-0.5444780367182193,1,0,1,0,2,0,2,2,2,1,0,0,1.1711782751981514,1888.65,1,kaggle
5312-UXESG,0,-0.43991649313097614,0,0,0.35136996512244845,1,2,1,0,0,2,0,2,2,0,0,0,1.1063681921916724,3990.6,0,kaggle
9488-HGMJH,0,2.273158691738958,0,0,-1.2774445836787656,1,0,1,0,0,0,0,0,0,0,1,2,0.21232140610229844,71.15,1,kaggle
6038-GCYEC,0,-0.43991649313097614,0,0,-0.3408762181180675,0,1,0,0,2,2,0,2,2,0,1,1,-0.35268957395418365,1240.25,1,kaggle
2150-WLKUW,0,-0.43991649313097614,1,0,0.3106496014024181,1,2,0,0,2,0,0,2,0,1,0,0,-0.028639158921789646,2635.0,0,kaggle
7159-FVYPK,0,-0.43991649313097614,1,1,-1.1960038562387048,1,2,0,0,2,2,0,2,0,0,1,0,0.14584952609565352,235.0,0,kaggle
7032-LMBHI,0,-0.43991649313097614,0,0,0.18848851024232702,1,2,0,2,0,0,0,2,0,1,0,0,-0.003712203919297562,2347.85,0,kaggle
1150-WFARN,0,-0.43991649313097614,1,1,1.4100994218432374,1,2,1,2,0,2,2,2,2,2,1,1,1.461992750227223,7156.2,1,kaggle
6088-BXMRG,0,-0.43991649313097614,1,1,-0.015113308357824713,1,2,1,0,2,0,0,2,2,0,1,2,1.1329569441943304,3089.6,0,kaggle
3144-AUDBS,0,-0.43991649313097614,1,0,-1.0738427650786138,1,0,0,0,0,0,2,0,0,0,1,2,-0.518869273970796,270.8,1,kaggle
4821-SJHJV,0,-0.43991649313097614,1,1,-0.015113308357824713,1,2,1,2,0,0,0,2,0,0,0,2,0.8255244991635975,2901.8,0,kaggle
7346-MEDWM,0,-0.43991649313097614,0,0,1.0843365120829946,1,2,1,0,2,2,0,0,0,0,1,2,0.6144762801425001,4949.1,0,kaggle
1137-DGOWI,0,-0.43991649313097614,1,0,-0.0965540357978854,1,0,0,0,2,2,2,0,2,1,0,0,0.18240906009930805,2198.9,0,kaggle
5616-PRTNT,1,-0.43991649313097614,0,1,-0.5037576729981889,1,0,2,1,1,1,1,1,1,0,1,2,-1.5076384890696393,374.5,1,kaggle
3812-LRZIR,0,-0.43991649313097614,1,1,-0.21871512695797646,1,2,2,1,1,1,1,1,1,2,0,2,-1.3381351950526947,761.95,0,kaggle
4818-QIUFN,0,2.273158691738958,0,0,-0.5037576729981889,1,2,1,2,0,0,0,0,0,0,1,2,0.47820892612887816,1520.9,1,kaggle
9483-GCPWE,1,-0.43991649313097614,0,1,-0.9516816739185228,1,0,2,1,1,1,1,1,1,1,0,3,-1.4843733310673135,190.25,0,kaggle
4227-OJHAL,0,-0.43991649313097614,1,1,1.4508197855632678,1,2,0,2,2,2,0,2,0,1,1,1,0.27380789510844483,5163.0,0,kaggle
9220-CXRSC,0,-0.43991649313097614,1,1,1.4915401492832983,1,2,0,2,0,0,2,0,0,2,0,1,-0.11172900893009581,4059.85,0,kaggle
4993-JCRGJ,1,-0.43991649313097614,0,0,-0.2594354906780068,1,2,1,0,0,2,2,0,0,0,1,3,0.6493740171459885,2281.6,0,kaggle
9537-JALFH,1,-0.43991649313097614,1,1,1.4915401492832983,1,0,2,1,1,1,1,1,1,2,0,0,-1.491020519067978,1356.7,0,kaggle
6698-OXETB,1,-0.43991649313097614,0,0,-0.8702409464784621,1,0,2,1,1,1,1,1,1,2,0,3,-1.4744025490663168,231.45,0,kaggle
2103-ZRXFN,1,-0.43991649313097614,0,0,-1.2774445836787656,1,2,0,0,0,0,0,0,0,0,0,3,-0.46569176996548,50.75,0,kaggle
3724-BSCVH,1,-0.43991649313097614,1,1,-0.9109613101984924,1,0,2,1,1,1,1,1,1,1,0,3,-1.4727407520661506,242.4,0,kaggle
4877-TSOFF,0,-0.43991649313097614,1,1,0.9214550572028734,1,2,0,2,2,0,2,0,2,1,1,0,0.3652067301175816,4264.25,0,kaggle
9209-NWPGU,1,-0.43991649313097614,0,0,0.47353105628253944,1,0,0,2,0,0,2,2,0,1,0,2,0.021214751083194285,2774.55,0,kaggle
6961-VCPMC,1,2.273158691738958,1,0,0.5549717837226001,1,0,1,0,0,0,0,0,2,0,1,2,0.5197538511330312,3605.2,1,kaggle
7306-YDSOI,1,-0.43991649313097614,1,1,1.4915401492832983,1,0,0,2,2,2,0,0,0,2,1,0,-0.16656830993557784,4069.9,0,kaggle
5288-AHOUP,1,2.273158691738958,0,0,-0.8702409464784621,1,0,1,0,0,0,0,0,2,0,1,2,0.45660556512671835,874.2,0,kaggle
6688-UZPWD,0,-0.43991649313097614,1,0,-0.8702409464784621,1,2,1,0,2,0,0,2,2,0,1,2,1.2376501552047963,1145.35,1,kaggle
0655-YDGFJ,1,-0.43991649313097614,0,0,-0.13727439951791576,1,0,0,0,0,2,0,0,0,0,0,0,-0.5255164619714603,1323.7,0,kaggle
8468-EHYJA,0,-0.43991649313097614,1,0,1.002895784642934,1,2,1,2,0,0,0,2,2,0,1,2,1.1595456961969886,5497.05,0,kaggle
6823-SIDFQ,1,-0.43991649313097614,0,0,-0.1779947632379461,1,0,2,1,1,1,1,1,1,1,0,1,-1.5458598200734601,534.7,0,kaggle
1097-FSPVW,0,-0.43991649313097614,0,0,0.3920903288424788,1,0,0,2,0,2,0,0,0,0,0,1,-0.3393951979528547,2455.05,0,kaggle
2839-RFSQE,0,-0.43991649313097614,0,0,-1.2367242199587352,1,0,2,1,1,1,1,1,1,0,0,3,-1.4660935640654862,38.7,1,kaggle
8328-SKJNO,1,-0.43991649313097614,0,1,-0.38159658183809786,0,1,0,2,2,0,2,0,0,1,0,0,-0.801374763999037,947.4,0,kaggle
7010-ZMVBF,0,-0.43991649313097614,1,1,-0.5851984004382496,1,0,2,1,1,1,1,1,1,0,0,3,-1.4727407520661506,357.0,0,kaggle
5201-CBWYG,1,-0.43991649313097614,1,1,1.2064976032430856,1,2,2,1,1,1,1,1,1,1,0,0,-1.328164413051698,1476.25,0,kaggle
0968-GSIKN,0,-0.43991649313097614,0,0,-1.2774445836787656,1,0,1,0,0,0,0,0,0,0,1,3,0.2006888271011353,70.8,1,kaggle
1965-DDBWU,1,-0.43991649313097614,0,0,-0.6666391278783103,1,2,1,0,0,0,2,0,2,0,1,1,0.8072447321617703,1448.6,1,kaggle
9057-SIHCH,0,-0.43991649313097614,0,0,-1.1960038562387048,1,2,1,0,0,0,0,2,2,0,1,2,1.0581760791868549,291.9,1,kaggle
6352-GIGGQ,1,-0.43991649313097614,0,0,1.4100994218432374,1,2,0,2,2,2,2,2,2,1,1,0,0.7989357471609396,5903.15,0,kaggle
3635-QQRQD,1,-0.43991649313097614,0,0,1.2064976032430856,1,0,2,1,1,1,1,1,1,2,1,1,-1.4860351280674797,1201.65,0,kaggle
6771-XWBDM,0,-0.43991649313097614,1,0,1.002895784642934,1,2,1,0,2,2,0,2,2,0,1,1,1.3207400052131024,5921.35,1,kaggle
2897-DOVND,1,-0.43991649313097614,0,0,-1.2367242199587352,1,0,1,0,0,0,0,0,0,0,1,2,0.16745288709781284,146.65,0,kaggle
3082-YVEKW,0,-0.43991649313097614,1,1,-0.38159658183809786,1,2,0,2,0,2,2,2,0,2,1,0,0.4117370461222332,1759.4,0,kaggle
0191-EQUUH,0,-0.43991649313097614,0,1,-0.30015585439803716,0,1,0,2,0,0,2,0,0,2,0,0,-0.9874960280176428,844.45,0,kaggle
7134-HBPBS,0,2.273158691738958,0,0,1.6137012404433893,1,2,1,0,2,2,2,2,2,2,1,0,1.440389389225063,7774.05,0,kaggle
3489-HHPFY,0,-0.43991649313097614,1,0,-1.2367242199587352,1,2,1,0,0,0,0,2,0,0,1,2,0.641065032145158,134.05,0,kaggle
2926-JEJJC,0,-0.43991649313097614,0,0,-0.9924020376385531,1,0,2,1,1,1,1,1,1,1,1,0,-1.481049737066981,140.95,0,kaggle
8601-QACRS,0,-0.43991649313097614,0,0,-1.1145631287986442,1,2,0,0,0,0,0,0,0,0,1,3,-0.47067716096597834,249.95,1,kaggle
4950-BDEUX,1,-0.43991649313097614,0,0,0.10704778280226633,0,1,0,0,0,2,0,2,2,0,0,2,-0.5172074769706297,1701.65,0,kaggle
5789-LDFXO,1,-0.43991649313097614,0,0,-0.3408762181180675,1,2,2,1,1,1,1,1,1,1,0,2,-1.3348116010523623,592.65,0,kaggle
0508-OOLTO,0,-0.43991649313097614,1,1,-1.2367242199587352,1,0,1,0,0,0,0,0,0,0,1,2,0.22893937610395967,135.75,0,kaggle
2984-TBYKU,1,-0.43991649313097614,1,1,1.6137012404433893,1,2,1,2,2,2,2,0,2,2,1,1,1.3340343812144315,7732.65,0,kaggle
9822-WMWVG,0,-0.43991649313097614,0,0,0.35136996512244845,1,2,1,2,2,2,2,2,0,0,1,2,1.3872118852197473,4282.4,0,kaggle
2391-SOORI,1,-0.43991649313097614,0,1,-1.1552834925186746,1,0,0,2,0,0,0,0,0,0,0,2,-0.5122220859701314,219.65,1,kaggle
9040-KZVWO,1,-0.43991649313097614,0,0,-0.2594354906780068,1,0,1,0,2,0,0,0,0,1,0,0,0.356897745116751,2018.1,0,kaggle
2645-QTLMB,1,-0.43991649313097614,0,0,-1.0331224013585834,1,0,1,0,2,0,0,2,2,0,1,2,0.9800716201790471,669.0,1,kaggle
4806-HIPDW,0,-0.43991649313097614,1,0,-1.2774445836787656,1,0,1,0,0,0,0,0,0,0,1,2,0.13920233809498894,68.95,1,kaggle
1548-ARAGG,0,-0.43991649313097614,1,1,-1.1552834925186746,1,2,0,0,2,0,2,0,0,0,1,3,-0.2081132349397309,224.85,0,kaggle
6339-RZCBJ,1,-0.43991649313097614,0,0,0.6364125111626608,1,0,0,0,2,2,2,2,2,2,0,1,0.46989994112804756,3771.5,0,kaggle
4424-TKOPW,1,2.273158691738958,0,0,-1.2367242199587352,1,2,1,0,0,0,0,2,2,0,1,2,0.966777244177718,196.75,1,kaggle
4415-WNGVR,0,2.273158691738958,1,0,-0.8295205827584317,1,0,0,2,0,2,2,2,2,1,1,2,0.47987072312904416,943.85,0,kaggle
2522-AHJXR,1,-0.43991649313097614,1,0,1.125056875803025,1,2,1,2,0,2,2,2,2,0,1,0,1.4852579082295487,6572.85,0,kaggle
0412-UCCNP,1,-0.43991649313097614,0,0,0.9214550572028734,1,0,0,2,0,2,2,0,0,2,1,2,-0.18484807693740507,3175.85,0,kaggle
1816-FLZDK,1,-0.43991649313097614,0,0,-1.2774445836787656,0,1,0,0,0,0,2,0,0,0,0,3,-1.1835880740372453,29.15,0,kaggle
7096-UCLNH,1,-0.43991649313097614,0,0,-1.2774445836787656,1,0,2,1,1,1,1,1,1,0,0,3,-1.4860351280674797,20.05,0,kaggle
8443-ZRDBZ,1,-0.43991649313097614,0,0,-1.1552834925186746,1,2,1,0,0,0,0,0,0,0,1,2,0.37517751211857825,318.9,1,kaggle
9136-ALYBR,1,-0.43991649313097614,0,0,-1.2774445836787656,0,1,0,0,0,0,0,0,0,0,1,3,-1.3397969920528607,24.45,1,kaggle
4615-PIVVU,0,-0.43991649313097614,0,0,0.3920903288424788,1,0,0,0,0,2,2,0,2,2,0,1,0.05777428508684881,2762.75,0,kaggle
8885-QSQBX,0,-0.43991649313097614,0,0,-1.2774445836787656,1,0,0,2,0,0,0,0,0,0,0,0,-0.5055748979694671,49.55,0,kaggle
7479-NITWS,1,-0.43991649313097614,0,0,-1.0331224013585834,1,2,1,0,0,2,0,2,0,0,1,1,0.8172155141627669,631.85,1,kaggle
8617-ENBDS,1,-0.43991649313097614,0,0,-1.1960038562387048,1,0,1,0,0,2,0,0,0,0,1,1,0.2937494591104381,232.5,0,kaggle
9385-NXKDA,0,-0.43991649313097614,1,0,1.6137012404433893,1,2,0,2,2,2,0,2,2,2,1,1,0.5945347161405068,5919.35,0,kaggle
0430-IHCDJ,1,-0.43991649313097614,0,0,-0.7073594915983407,1,2,0,0,0,0,0,0,0,0,1,2,-0.5238546649712943,749.25,0,kaggle
2959-MJHIC,1,-0.43991649313097614,1,0,-1.1552834925186746,1,0,1,0,0,0,0,2,0,0,1,2,0.5180920541328647,307.4,1,kaggle
6674-KVJHG,0,-0.43991649313097614,0,0,-0.8702409464784621,1,2,2,1,1,1,1,1,1,1,0,2,-1.3148700370503688,245.15,0,kaggle
1814-DKOLC,0,-0.43991649313097614,0,0,-1.1145631287986442,1,2,2,1,1,1,1,1,1,0,0,3,-1.3065610520495383,134.75,0,kaggle
4201-JMNGR,0,2.273158691738958,0,0,-1.2774445836787656,1,0,0,2,0,2,0,0,0,0,1,2,-0.29785027294870164,55.8,1,kaggle
9351-HXDMR,1,-0.43991649313097614,1,0,1.6137012404433893,1,2,1,2,0,2,2,2,2,2,1,1,1.5334500212343665,8240.85,0,kaggle
3537-HPKQT,0,-0.43991649313097614,1,0,0.9214550572028734,1,2,1,0,2,0,0,0,0,0,1,1,0.43167861012422654,4266.4,0,kaggle
2129-ALKBS,0,-0.43991649313097614,1,1,0.3106496014024181,1,2,2,1,1,1,1,1,1,0,1,2,-1.2816340970470463,1077.5,0,kaggle
5821-MMEIL,0,-0.43991649313097614,1,0,1.002895784642934,1,0,2,1,1,1,1,1,1,2,0,0,-1.491020519067978,1115.6,0,kaggle
5960-WPXQM,1,-0.43991649313097614,0,0,-1.2774445836787656,1,0,1,0,0,0,0,2,0,0,1,2,0.4748853321285456,79.05,1,kaggle
0684-AOSIH,1,-0.43991649313097614,1,0,-1.2774445836787656,1,0,1,2,0,0,0,2,2,0,1,2,1.0049985751815391,95.0,1,kaggle
8260-NGFNY,0,-0.43991649313097614,0,0,-1.2774445836787656,0,1,0,0,0,0,0,0,0,0,0,3,-1.3148700370503688,25.2,1,kaggle
1309-XGFSN,1,2.273158691738958,1,1,0.7992939660427822,1,2,0,0,2,2,0,2,2,1,1,2,0.534710024134526,4079.55,0,kaggle
1866-RZZQS,1,2.273158691738958,0,0,0.35136996512244845,1,2,1,0,0,2,0,2,2,0,1,2,1.1180007711928355,4187.75,1,kaggle
6968-URWQU,1,-0.43991649313097614,1,0,0.43281069256250915,1,0,0,0,0,0,0,2,0,1,1,3,-0.27957050594687416,2391.15,0,kaggle
4742-TXUEX,0,-0.43991649313097614,1,1,0.5956921474426305,1,0,2,1,1,1,1,1,1,2,0,0,-1.5109620830699715,890.5,0,kaggle
9631-XEYKE,1,-0.43991649313097614,0,0,-1.1960038562387048,1,2,0,0,0,0,0,0,0,0,0,0,-0.4773243489666429,137.25,0,kaggle
8631-NBHFZ,1,2.273158691738958,1,1,1.369379058123207,1,2,0,2,2,2,2,2,0,2,0,1,0.48651791112970877,5154.6,1,kaggle
1335-MXCSE,1,-0.43991649313097614,1,1,0.9214550572028734,1,0,0,0,0,2,2,0,0,2,1,1,-0.3161300399505289,3119.9,0,kaggle
8873-TMKGR,1,-0.43991649313097614,0,0,-0.13727439951791576,1,0,2,1,1,1,1,1,1,1,0,3,-1.517609271070636,529.5,0,kaggle
8800-JOOCF,0,-0.43991649313097614,0,1,-0.8295205827584317,1,2,1,0,0,0,0,2,0,0,1,2,0.641065032145158,966.55,0,kaggle
1469-LBJQJ,0,-0.43991649313097614,1,0,1.369379058123207,1,2,1,0,2,2,0,2,2,0,1,2,1.3440051632154282,6936.85,0,kaggle
4958-XCBDQ,1,2.273158691738958,0,0,0.10704778280226633,1,2,1,0,0,2,0,2,2,0,1,2,1.217708591202803,3496.3,1,kaggle
8337-UPOAQ,1,2.273158691738958,1,0,-0.9109613101984924,1,2,1,0,0,2,0,0,2,0,1,2,0.8321716871642622,914.3,1,kaggle
0064-YIJGF,1,-0.43991649313097614,1,1,-0.21871512695797646,1,2,1,0,0,0,0,0,0,0,1,0,0.3652067301175816,1929.0,0,kaggle
2386-OWURY,0,-0.43991649313097614,0,0,1.0436161483629645,1,0,1,0,0,0,2,2,2,0,1,2,1.0149693571825356,5817.7,0,kaggle
1725-IQNIY,1,-0.43991649313097614,1,0,0.880734693482843,1,0,1,2,2,2,2,2,2,2,0,0,1.4952286902305454,6110.2,1,kaggle
0310-VQXAM,1,-0.43991649313097614,0,0,-0.9516816739185228,1,0,2,1,1,1,1,1,1,0,0,3,-1.4926823160681442,178.8,0,kaggle
6598-RFFVI,1,-0.43991649313097614,0,0,-1.2367242199587352,1,0,2,1,1,1,1,1,1,1,0,1,-1.5109620830699715,28.3,1,kaggle
3453-RTHJQ,1,-0.43991649313097614,0,0,-1.0738427650786138,1,0,1,0,0,0,0,0,0,0,1,2,0.14418772909548702,435.0,0,kaggle
6712-OAWRH,0,2.273158691738958,0,0,-0.2594354906780068,1,0,1,0,0,0,0,2,2,0,1,2,0.8803638001690798,2351.8,1,kaggle
6278-FEPBZ,0,-0.43991649313097614,0,0,-0.9516816739185228,1,0,2,1,1,1,1,1,1,0,0,3,-1.479387940066815,186.15,0,kaggle
4280-DLSHD,1,-0.43991649313097614,1,0,-0.9924020376385531,1,0,0,0,2,2,0,0,0,0,1,3,-0.3327480099521901,445.85,0,kaggle
1508-DFXCU,1,-0.43991649313097614,0,0,-0.8295205827584317,1,0,1,0,0,0,0,2,0,0,1,2,0.5546515881365197,912.0,0,kaggle
8614-VGMMV,0,-0.43991649313097614,0,0,-0.7073594915983407,1,2,0,0,0,0,0,0,0,0,1,2,-0.520531070970962,679.55,1,kaggle
7868-BGSZA,1,-0.43991649313097614,1,0,0.43281069256250915,1,2,0,2,0,2,0,2,2,1,1,2,0.5131066631323666,3581.6,0,kaggle
2800-QQUSO,1,-0.43991649313097614,0,0,0.3920903288424788,1,2,1,0,0,0,2,2,2,0,1,2,1.1811490571991479,4222.95,0,kaggle
2930-UOTMB,0,-0.43991649313097614,0,0,-0.055833672077855064,1,2,0,2,0,2,2,0,0,0,0,1,0.016229360082695727,1994.3,1,kaggle
7973-DZRKH,0,-0.43991649313097614,0,1,1.369379058123207,1,2,1,2,0,2,2,0,0,2,1,1,0.8703930181680831,5930.05,0,kaggle
5914-DVBWJ,0,2.273158691738958,0,0,-0.5851984004382496,1,2,1,0,2,0,2,0,0,0,1,2,0.6875953481498096,1505.85,1,kaggle
7698-YFGEZ,1,-0.43991649313097614,0,0,-1.2774445836787656,1,0,2,1,1,1,1,1,1,0,0,3,-1.4876969250676457,20.0,0,kaggle
2533-QVMSK,1,-0.43991649313097614,1,0,1.1657772395230555,1,2,1,0,2,0,2,2,0,2,1,2,0.9750862291785486,5638.3,1,kaggle
9773-PEQBZ,1,-0.43991649313097614,0,0,-0.9109613101984924,1,2,1,0,2,0,0,0,0,0,0,2,0.5014740841312035,797.25,0,kaggle
8644-XLFBW,1,2.273158691738958,0,0,-1.2774445836787656,1,0,1,0,0,0,0,0,0,0,1,2,0.22893937610395967,71.65,1,kaggle
0650-BWOZN,0,2.273158691738958,0,0,-0.5851984004382496,1,0,1,0,2,0,0,0,0,0,1,2,0.2920876621102721,1359.45,0,kaggle
8625-AZYZY,1,-0.43991649313097614,1,0,-0.3408762181180675,1,2,1,0,2,2,0,2,2,0,1,2,1.325725396213601,2542.45,1,kaggle
7785-RDVIG,0,-0.43991649313097614,1,1,-1.1960038562387048,1,0,2,1,1,1,1,1,1,0,0,3,-1.5109620830699715,54.7,0,kaggle
9602-WCXPI,1,-0.43991649313097614,0,0,0.7178532386027215,1,0,2,1,1,1,1,1,1,1,0,1,-1.4827115340671475,989.05,0,kaggle
2903-YYTBW,1,-0.43991649313097614,1,1,-1.2774445836787656,1,0,0,0,0,0,0,0,0,0,0,2,-0.6717545979860794,44.55,0,kaggle
3620-MWJNE,1,-0.43991649313097614,0,0,-1.2367242199587352,1,0,0,2,0,0,2,0,0,0,1,3,-0.3427187919531868,87.3,0,kaggle
8573-JGCZW,1,-0.43991649313097614,0,0,-0.62591876415828,1,0,2,1,1,1,1,1,1,1,1,0,-1.4993295040688086,351.55,0,kaggle
6837-HAEVO,1,-0.43991649313097614,1,1,1.4915401492832983,1,2,1,0,2,2,0,2,2,2,1,2,1.3373579752147637,7297.75,0,kaggle
6701-YVNQG,1,-0.43991649313097614,1,0,1.6137012404433893,1,2,0,2,2,2,2,2,2,2,1,1,0.7956121531606076,6301.7,0,kaggle
9306-CPCBC,0,-0.43991649313097614,0,0,-1.1960038562387048,1,2,1,0,0,0,0,0,0,0,1,2,0.3153528201125979,210.3,1,kaggle
4304-XUMGI,1,2.273158691738958,1,1,0.7178532386027215,1,2,0,2,2,2,0,0,2,2,1,0,0.34526516611558833,3822.45,0,kaggle
9504-YAZWB,0,-0.43991649313097614,0,0,0.8400143297628127,1,0,2,1,1,1,1,1,1,2,0,3,-1.479387940066815,1048.45,0,kaggle
8819-ZBYNA,0,-0.43991649313097614,1,0,1.0436161483629645,1,2,1,2,2,0,2,2,2,2,1,1,1.4736253292283856,6393.65,0,kaggle
6174-NRBTZ,1,-0.43991649313097614,0,0,0.5549717837226001,0,1,0,2,0,0,0,0,0,1,1,0,-1.1304105700319294,1489.3,0,kaggle
9481-IEBZY,1,2.273158691738958,1,0,1.6137012404433893,1,2,1,2,2,2,2,2,2,0,1,1,1.5999219012410113,8061.5,0,kaggle
1833-VGRUM,0,2.273158691738958,0,0,-1.2774445836787656,1,2,1,0,0,0,0,0,0,0,1,2,0.31369102311243185,74.2,1,kaggle
6137-NICCO,0,-0.43991649313097614,1,1,-1.0738427650786138,1,2,1,0,2,2,0,2,0,0,1,3,0.9734244321783826,518.75,0,kaggle
9065-ZCPQX,1,-0.43991649313097614,1,0,1.6137012404433893,1,2,0,2,2,2,2,0,2,2,0,0,0.46823814412788106,5763.15,0,kaggle
6402-EJMWF,1,-0.43991649313097614,0,0,-1.1552834925186746,1,0,0,0,0,0,0,0,2,0,1,3,-0.31446824295036285,238.5,0,kaggle
3620-EHIMZ,0,-0.43991649313097614,1,1,0.7992939660427822,1,0,2,1,1,1,1,1,1,2,0,3,-1.5093002860698053,1031.7,0,kaggle
3213-VVOLG,1,-0.43991649313097614,1,1,-1.318164947398796,1,2,2,1,1,1,1,1,1,2,0,3,-1.3098846460498705,1397.475,0,kaggle
6870-ECSHE,0,-0.43991649313097614,0,0,-1.2367242199587352,1,0,2,1,1,1,1,1,1,1,0,3,-1.4727407520661506,34.8,0,kaggle
8747-UDCOI,0,-0.43991649313097614,1,0,1.3286586944031769,1,0,2,1,1,1,1,1,1,2,0,0,-1.5093002860698053,1319.95,0,kaggle
8374-XGEJJ,1,2.273158691738958,1,0,0.43281069256250915,1,2,1,0,2,0,0,2,2,0,1,2,1.2044142152014738,4388.4,1,kaggle
2656-TABEH,1,-0.43991649313097614,1,0,-1.1552834925186746,1,2,1,0,2,0,0,2,2,0,1,2,1.1778254631988159,420.2,1,kaggle
6946-LMSQS,1,2.273158691738958,1,0,-0.30015585439803716,1,2,1,2,0,0,0,0,2,1,1,2,0.8072447321617703,2177.45,1,kaggle
4626-OZDTJ,0,-0.43991649313097614,1,0,0.758573602322752,1,2,0,0,2,0,2,2,2,1,1,1,0.4615909561272169,3950.85,0,kaggle
9169-BSVIN,1,-0.43991649313097614,0,0,-0.8295205827584317,1,2,0,0,0,2,0,2,2,0,0,0,0.3319707901142591,827.05,0,kaggle
2325-ZUSFD,0,-0.43991649313097614,1,1,1.002895784642934,1,0,0,2,0,0,0,2,2,1,1,0,0.1774236690988095,3913.3,1,kaggle
8194-PEEBY,0,-0.43991649313097614,1,1,-0.3408762181180675,1,0,2,1,1,1,1,1,1,1,0,3,-1.491020519067978,533.5,0,kaggle
6872-HXFNF,0,-0.43991649313097614,1,0,1.2879383306831464,1,2,0,0,0,2,2,0,0,1,0,0,-0.2130986259402292,3756.45,0,kaggle
3932-CMDTD,0,-0.43991649313097614,0,0,-1.1552834925186746,1,0,1,0,2,2,2,2,2,1,1,2,1.3589613362169235,443.9,1,kaggle
7714-YXSMB,0,-0.43991649313097614,0,0,-0.2594354906780068,1,2,1,0,0,2,0,2,2,0,1,0,1.1877962451998125,2599.95,0,kaggle
8387-UGUSU,0,-0.43991649313097614,1,1,-0.7073594915983407,1,0,2,1,1,1,1,1,1,0,0,3,-1.4860351280674797,284.3,0,kaggle
1080-BWSYE,1,2.273158691738958,1,0,1.2879383306831464,1,2,2,1,1,1,1,1,1,2,0,1,-1.2999138640488739,1740.8,0,kaggle
4039-HEUNW,1,2.273158691738958,1,0,0.14776814652229667,1,2,1,0,2,0,0,2,2,0,1,2,1.0548524851865226,3436.1,1,kaggle
1194-HVAIF,0,-0.43991649313097614,1,0,-0.21871512695797646,1,2,1,0,0,0,0,2,2,0,0,1,1.0049985751815391,2462.55,0,kaggle
0812-WUPTB,1,2.273158691738958,1,0,-1.2774445836787656,1,0,1,0,0,0,0,0,0,0,0,3,0.20235062410130134,70.85,1,kaggle
3594-UVONA,0,-0.43991649313097614,0,0,0.10704778280226633,1,2,0,2,0,2,2,2,2,1,1,1,0.7042133181514708,3110.1,1,kaggle
0004-TLHLJ,1,-0.43991649313097614,0,0,-1.1552834925186746,1,0,1,0,0,2,0,0,0,0,1,2,0.30372024111143525,280.85,1,kaggle
1767-TGTKO,0,-0.43991649313097614,1,1,-0.9924020376385531,1,0,0,0,0,0,0,0,0,0,1,2,-0.641842251983089,411.75,0,kaggle
8439-LTUGF,1,-0.43991649313097614,0,0,-0.9109613101984924,1,0,2,1,1,1,1,1,1,0,1,1,-1.4876969250676457,198.6,0,kaggle
8805-JNRAZ,0,-0.43991649313097614,0,0,-1.2367242199587352,1,0,0,0,2,0,0,0,0,0,0,3,-0.5172074769706297,103.7,0,kaggle
5089-IFSDP,0,-0.43991649313097614,1,0,1.0436161483629645,1,2,1,2,2,2,0,2,2,2,1,0,1.4852579082295487,6144.55,1,kaggle
6418-HNFED,1,-0.43991649313097614,1,0,0.758573602322752,1,0,0,2,2,2,2,2,2,2,1,1,0.6144762801425001,4089.45,0,kaggle
0206-OYVOC,0,-0.43991649313097614,1,1,0.5549717837226001,1,0,2,1,1,1,1,1,1,2,1,3,-1.5126238800701375,864.2,0,kaggle
7291-CDTMJ,1,-0.43991649313097614,0,0,-1.2774445836787656,1,0,2,1,1,1,1,1,1,0,1,0,-1.4993295040688086,19.65,0,kaggle
7128-GGCNO,1,-0.43991649313097614,0,0,0.5549717837226001,1,2,1,0,0,0,0,0,0,0,0,0,0.2671607071077802,3249.4,0,kaggle
0237-YFUTL,0,-0.43991649313097614,1,0,0.7178532386027215,1,2,1,2,2,0,2,2,2,0,1,0,1.4919050962302134,5405.8,0,kaggle
7691-KGKGP,1,-0.43991649313097614,1,1,0.8400143297628127,1,0,0,0,2,0,2,2,0,0,0,1,0.00792037508186511,3363.8,0,kaggle
6710-HSJRD,1,-0.43991649313097614,1,0,1.1657772395230555,1,2,1,0,2,2,2,2,2,0,1,2,1.639805029244998,7132.15,0,kaggle
3675-EQOZA,1,-0.43991649313097614,0,0,-1.1145631287986442,1,0,2,1,1,1,1,1,1,0,0,0,-1.4660935640654862,93.55,0,kaggle
0840-DCNZE,1,-0.43991649313097614,0,0,0.5956921474426305,1,0,0,2,2,2,2,2,2,1,1,0,0.7374492581547932,4138.9,0,kaggle
1732-FEKLD,0,-0.43991649313097614,0,0,0.880734693482843,1,2,1,0,2,2,0,2,0,1,1,0,0.9966895901807084,5121.75,0,kaggle
9862-KJTYK,1,-0.43991649313097614,0,1,-0.5444780367182193,0,1,0,0,0,0,0,0,0,0,1,1,-1.3098846460498705,566.1,0,kaggle
0479-HMSWA,0,-0.43991649313097614,0,1,-0.2594354906780068,1,0,1,0,2,2,2,2,2,2,1,2,1.3523141482162588,2715.3,0,kaggle
5854-KSRBJ,1,-0.43991649313097614,1,1,1.5322605130033284,1,2,2,1,1,1,1,1,1,2,0,3,-1.3082228490497045,1782.05,0,kaggle
0365-BZUWY,1,-0.43991649313097614,1,0,-0.62591876415828,1,2,1,0,2,2,0,2,2,0,1,2,1.2559299222066236,1742.5,0,kaggle
4817-VYYWS,0,-0.43991649313097614,0,0,-0.0965540357978854,1,2,1,0,2,0,0,2,2,0,1,2,1.1778254631988159,2983.8,1,kaggle
5701-SVCWR,0,-0.43991649313097614,0,1,-1.2774445836787656,1,2,2,1,1,1,1,1,1,0,0,3,-1.3547531650543558,24.0,0,kaggle
3129-AAQOU,0,-0.43991649313097614,1,1,-0.5444780367182193,1,2,2,1,1,1,1,1,1,2,0,3,-1.3015756610490399,485.9,0,kaggle
4922-CVPDX,0,-0.43991649313097614,1,0,-0.2594354906780068,1,0,0,0,2,2,0,2,2,2,1,1,0.29042586511010604,1905.7,0,kaggle
1396-QWFBJ,0,-0.43991649313097614,1,1,-0.46303730927815856,1,0,1,0,2,0,0,0,0,0,1,0,0.3087056321119333,1565.7,1,kaggle
1357-BIJKI,1,-0.43991649313097614,1,0,0.7178532386027215,1,2,1,0,2,0,0,2,2,1,1,2,1.113015380192337,4858.7,0,kaggle
1099-BTKWT,0,-0.43991649313097614,1,0,1.4508197855632678,0,1,0,2,0,2,0,2,2,1,1,2,-0.34438058895335305,3723.65,0,kaggle
5299-SJCZT,1,-0.43991649313097614,0,0,-1.1960038562387048,1,2,1,0,0,2,0,2,2,0,1,0,1.222693982203301,298.35,1,kaggle
2018-PZKMU,1,-0.43991649313097614,1,1,-0.9516816739185228,1,0,1,0,0,2,2,2,2,0,0,2,1.2742096892084507,970.45,0,kaggle
7340-KEFQE,0,-0.43991649313097614,1,1,0.758573602322752,0,1,0,2,0,0,2,0,0,2,0,0,-1.0157465770204666,1782.0,0,kaggle
4570-QHXHL,0,-0.43991649313097614,0,0,-0.9516816739185228,1,0,0,0,0,0,0,0,0,0,1,2,-0.6983433499887373,405.7,0,kaggle
2403-BCASL,1,2.273158691738958,1,1,0.35136996512244845,1,2,1,0,2,2,2,2,2,1,1,2,1.5683477582378549,4534.9,1,kaggle
7392-YYPYJ,1,-0.43991649313097614,0,0,-0.4223169455581282,1,2,1,0,2,0,0,2,2,0,1,2,1.1927816362003112,2415.95,0,kaggle
2898-LSJGD,0,-0.43991649313097614,1,1,-0.46303730927815856,0,1,0,2,0,2,0,2,2,1,1,2,-0.2928648819482031,1157.05,1,kaggle
2223-GDSHL,1,-0.43991649313097614,1,1,1.5729808767233588,1,2,1,2,2,2,2,2,2,2,1,0,1.7046151122514768,8297.5,0,kaggle
7359-PTSXY,1,-0.43991649313097614,0,0,-1.2774445836787656,1,0,0,0,0,0,0,0,0,0,0,2,-0.6318714699820923,45.75,1,kaggle
9470-RTWDV,1,-0.43991649313097614,1,1,-0.2594354906780068,1,2,0,0,0,2,2,2,2,1,1,1,0.572931355138347,2083.1,0,kaggle
2176-OSJUV,1,-0.43991649313097614,1,0,1.5729808767233588,1,2,0,2,2,0,2,0,0,2,0,0,0.012905766082363669,4681.75,0,kaggle
9348-YVOMK,1,-0.43991649313097614,0,0,-1.1552834925186746,1,0,0,0,0,0,0,0,0,0,1,1,-0.6634456129852487,176.2,0,kaggle
8104-OSKWT,0,-0.43991649313097614,0,0,-0.8295205827584317,1,2,1,2,0,0,0,0,0,0,1,2,0.4998122871310375,1001.2,0,kaggle
4521-YEEHE,0,-0.43991649313097614,1,0,-0.5851984004382496,1,2,1,0,0,0,2,2,0,0,1,2,0.8005975441611056,1594.75,0,kaggle
4090-KPJIP,0,-0.43991649313097614,0,0,-1.1960038562387048,1,2,1,0,0,0,0,0,0,0,1,2,0.3386179781149237,212.4,0,kaggle
3786-WOVKF,0,2.273158691738958,1,0,1.6137012404433893,1,2,1,2,2,0,0,2,2,1,1,0,1.39884446422091,7677.4,0,kaggle
4503-BDXBD,1,-0.43991649313097614,0,0,-0.8702409464784621,1,0,1,0,2,0,0,0,0,0,0,2,0.3386179781149237,815.5,1,kaggle
6086-ESGRL,0,-0.43991649313097614,0,0,-1.2774445836787656,1,0,1,0,0,0,0,0,2,0,0,1,0.5114448661322006,80.15,1,kaggle
2592-HODOV,1,-0.43991649313097614,0,0,-0.7888002190384014,1,0,2,1,1,1,1,1,1,1,0,1,-1.5109620830699715,259.65,0,kaggle
3886-CERTZ,0,-0.43991649313097614,1,0,1.6137012404433893,1,2,1,0,2,2,2,2,2,1,1,2,1.478610720228884,8109.8,1,kaggle
7995-ZHHNZ,1,-0.43991649313097614,1,0,0.3920903288424788,1,2,0,2,0,0,0,0,0,1,0,1,-0.28787949094770476,2386.85,0,kaggle
3824-RHKVR,0,-0.43991649313097614,0,0,-0.62591876415828,1,0,2,1,1,1,1,1,1,0,0,1,-1.4976677070686424,340.35,0,kaggle
5816-SCGFC,0,2.273158691738958,0,0,-1.0331224013585834,1,0,0,0,2,0,0,0,0,0,1,3,-0.44741200296365274,419.35,0,kaggle
5989-AXPUC,0,-0.43991649313097614,1,0,1.4508197855632678,1,2,1,2,2,2,2,2,2,2,0,3,1.789366759259949,7990.05,0,kaggle
4979-HPRFL,1,-0.43991649313097614,1,1,0.9621754209229036,1,2,2,1,1,1,1,1,1,2,0,0,-1.3497677740538576,1402.25,0,kaggle
8590-OHDIW,0,-0.43991649313097614,1,1,0.22920887396235737,1,0,2,1,1,1,1,1,1,1,0,3,-1.477726143066649,749.35,0,kaggle
8015-IHCGW,0,-0.43991649313097614,1,1,1.6137012404433893,1,2,1,2,2,2,2,2,2,2,1,2,1.6863353452496495,8425.15,0,kaggle
2332-TODQS,0,-0.43991649313097614,0,0,0.6364125111626608,1,2,2,1,1,1,1,1,1,1,0,1,-1.3198554280508674,1171.5,0,kaggle
9278-VZKCD,0,2.273158691738958,1,0,0.7992939660427822,1,2,1,2,2,2,0,2,2,0,1,2,1.4736253292283856,5647.95,0,kaggle
8008-OTEZX,0,-0.43991649313097614,1,1,0.10704778280226633,1,0,2,1,1,1,1,1,1,1,0,3,-1.4993295040688086,708.8,0,kaggle
2773-OVBPK,1,-0.43991649313097614,1,0,1.4100994218432374,1,2,1,0,2,2,2,2,2,2,1,0,1.5467443972356951,7567.2,0,kaggle
5999-LCXAO,0,-0.43991649313097614,0,0,-1.2774445836787656,0,1,0,2,0,0,0,0,0,0,0,3,-1.1586611190347533,29.9,0,kaggle
5206-XZZQI,1,-0.43991649313097614,0,0,0.8400143297628127,1,0,1,0,2,0,2,0,0,0,1,3,0.5264010391336954,4348.1,0,kaggle
4803-LBYPN,1,-0.43991649313097614,1,1,0.06632741908223598,1,0,2,1,1,1,1,1,1,0,0,3,-1.461108173064988,635.9,0,kaggle
5759-RCVCB,0,-0.43991649313097614,0,0,-1.1960038562387048,0,1,0,0,0,0,0,2,0,0,0,1,-0.9825106370171443,108.95,1,kaggle
6372-RFVNS,0,-0.43991649313097614,1,0,-1.2774445836787656,1,0,1,0,0,0,0,2,0,0,0,2,0.466576347127715,78.8,1,kaggle
2139-FQHLM,1,-0.43991649313097614,0,0,-0.5444780367182193,1,0,1,0,0,2,2,2,0,0,0,3,0.8371570781647607,1682.4,0,kaggle
8261-GWDBQ,0,2.273158691738958,1,0,1.125056875803025,1,2,1,2,2,2,2,2,2,2,1,0,1.7046151122514768,6925.9,0,kaggle
1093-YSWCA,1,-0.43991649313097614,0,0,-0.8702409464784621,1,0,2,1,1,1,1,1,1,2,0,1,-1.502653098069141,223.15,0,kaggle
8938-UMKPI,0,-0.43991649313097614,0,0,0.5956921474426305,1,2,1,0,2,2,0,2,2,0,1,2,1.3838882912194153,5127.95,1,kaggle
0991-BRRFB,1,-0.43991649313097614,0,0,-0.5851984004382496,1,0,0,2,0,0,0,0,0,0,0,2,-0.5105602889699654,874.8,1,kaggle
3882-IYOIJ,0,-0.43991649313097614,1,1,1.125056875803025,1,2,1,2,2,2,2,2,2,2,0,1,1.6780263602488188,6758.45,0,kaggle
8749-TZYEC,1,-0.43991649313097614,1,0,1.6137012404433893,1,2,2,1,1,1,1,1,1,2,0,1,-1.328164413051698,1874.3,0,kaggle
1755-FZQEC,1,-0.43991649313097614,0,0,0.26992923768238775,1,0,2,1,1,1,1,1,1,1,0,3,-1.491020519067978,791.15,0,kaggle
3115-JPJDD,0,-0.43991649313097614,1,0,1.0843365120829946,1,0,1,2,0,2,0,0,0,1,1,1,0.5480044001358552,4639.45,0,kaggle
5600-KTXFM,1,-0.43991649313097614,1,1,-1.2367242199587352,1,0,1,0,0,0,0,0,0,0,0,3,0.1724382780983114,143.9,0,kaggle
3871-IKPYH,1,2.273158691738958,0,0,-1.2774445836787656,1,0,1,0,0,0,0,0,0,0,0,2,0.14418772909548702,69.1,1,kaggle
6319-IEJWJ,1,-0.43991649313097614,1,1,-0.5037576729981889,1,0,1,0,0,0,0,2,2,0,1,2,0.8454660631655913,1776.55,1,kaggle
9025-AOMKI,0,-0.43991649313097614,0,0,-1.0738427650786138,1,2,1,0,0,0,0,2,2,0,1,0,0.9568064621767214,536.4,1,kaggle
6339-TBELP,1,-0.43991649313097614,0,0,1.5729808767233588,1,2,1,0,0,2,2,0,0,2,1,1,0.719169491152966,6172.0,0,kaggle
7964-YESJC,0,-0.43991649313097614,1,0,-0.3408762181180675,1,2,0,2,2,2,0,0,0,0,0,3,0.051127097086184216,1559.45,0,kaggle
6173-GOLSU,1,2.273158691738958,1,0,1.4100994218432374,1,2,1,0,0,0,0,2,2,0,1,1,0.9933659961803764,6079.0,0,kaggle
5275-SQEIZ,1,-0.43991649313097614,0,0,-1.2774445836787656,1,0,1,0,0,0,0,0,2,0,1,3,0.534710024134526,80.85,1,kaggle
7716-YTYHG,0,-0.43991649313097614,1,1,0.6364125111626608,1,2,1,0,0,0,0,0,2,1,1,3,0.574593152138513,4029.95,1,kaggle
9938-ZREHM,0,-0.43991649313097614,1,0,0.18848851024232702,1,2,0,0,2,0,2,0,2,1,0,3,0.2438955491054544,2658.4,0,kaggle
7950-XWOVN,1,-0.43991649313097614,0,0,-0.8702409464784621,0,1,0,0,2,2,0,0,0,0,0,3,-0.9991286070188055,383.55,0,kaggle
4390-KYULV,1,-0.43991649313097614,1,0,-1.1960038562387048,1,0,2,1,1,1,1,1,1,0,1,1,-1.4694171580658184,51.15,1,kaggle
4647-MUZON,0,-0.43991649313097614,1,0,-0.5851984004382496,1,0,1,0,0,2,0,2,2,0,1,1,1.0365727181846955,1745.5,0,kaggle
9702-AIUJO,1,-0.43991649313097614,1,1,0.7178532386027215,1,0,0,0,0,0,0,0,0,1,1,0,-0.6634456129852487,2230.85,0,kaggle
8849-PRIQJ,0,-0.43991649313097614,1,1,1.4100994218432374,1,2,1,2,0,2,2,2,2,1,1,2,1.4835961112293827,7281.6,0,kaggle
8851-RAGOV,0,-0.43991649313097614,1,0,-0.30015585439803716,1,0,0,2,2,0,2,0,2,0,1,3,0.2089978121019659,1837.7,0,kaggle
1304-NECVQ,0,2.273158691738958,0,0,-1.2367242199587352,1,2,1,0,0,2,0,0,0,0,1,2,0.4582673621268844,149.55,1,kaggle
5396-IZEPB,1,-0.43991649313097614,0,0,-0.9516816739185228,1,0,2,1,1,1,1,1,1,0,0,1,-1.4976677070686424,180.7,0,kaggle
1729-VLAZJ,0,-0.43991649313097614,0,1,-0.9109613101984924,0,1,0,2,2,0,2,0,0,1,0,3,-0.8146691400003658,411.45,0,kaggle
8285-ABVLB,0,-0.43991649313097614,1,0,1.5322605130033284,1,0,2,1,1,1,1,1,1,2,0,1,-1.4926823160681442,1328.35,0,kaggle
0701-TJSEF,1,-0.43991649313097614,0,0,-0.9516816739185228,1,0,0,2,0,2,2,0,2,0,1,0,0.11593718009266311,576.95,0,kaggle
5712-VBOXD,0,-0.43991649313097614,0,0,-1.1552834925186746,1,0,2,1,1,1,1,1,1,0,1,1,-1.4827115340671475,68.45,0,kaggle
6629-LADHQ,0,-0.43991649313097614,0,0,-1.2367242199587352,1,0,0,2,0,0,0,0,0,0,0,3,-0.4590445819648154,123.05,0,kaggle
8945-GRKHX,0,-0.43991649313097614,0,1,-1.2774445836787656,1,0,1,0,0,0,0,0,2,0,0,2,0.4615909561272169,78.65,1,kaggle
1559-DTODC,1,-0.43991649313097614,0,0,-0.5444780367182193,0,1,0,0,0,0,0,0,0,0,1,0,-1.3165318340505352,468.35,0,kaggle
4797-MIWUM,1,-0.43991649313097614,1,1,-1.0331224013585834,1,0,2,1,1,1,1,1,1,0,1,0,-1.479387940066815,174.7,0,kaggle
6959-UWKHF,1,-0.43991649313097614,0,0,-1.2774445836787656,1,0,0,0,0,0,0,0,0,0,1,2,-0.7265938989915613,42.9,1,kaggle
8720-RQSBJ,1,2.273158691738958,0,0,-1.2774445836787656,1,0,0,0,0,0,0,0,0,0,0,2,-0.6900343649879066,44.0,0,kaggle
4537-CIBHB,0,-0.43991649313097614,1,1,-0.9516816739185228,1,0,2,1,1,1,1,1,1,1,0,3,-1.479387940066815,172.35,0,kaggle
3815-SLMEF,0,-0.43991649313097614,0,0,-1.1960038562387048,0,1,0,2,0,0,2,0,0,0,0,3,-1.0140847800203006,139.35,1,kaggle
5154-VEKBL,0,-0.43991649313097614,0,0,-0.9516816739185228,0,1,0,2,0,2,2,2,2,0,0,3,-0.2081132349397309,539.85,1,kaggle
4324-AHJKS,0,-0.43991649313097614,0,0,-1.1145631287986442,1,0,0,2,0,2,0,0,0,0,0,1,-0.29785027294870164,300.4,0,kaggle
4355-CVPVS,0,-0.43991649313097614,1,1,0.9621754209229036,1,0,1,0,0,0,0,2,2,1,0,0,0.8022593411612722,4968.0,0,kaggle
4495-LHSSK,0,-0.43991649313097614,0,1,-0.5851984004382496,1,2,0,2,0,0,0,0,0,0,0,3,-0.23636378394255506,992.7,0,kaggle
5655-JSMZM,1,2.273158691738958,0,0,0.6771328748826912,1,2,1,0,0,0,0,2,2,0,1,2,1.044881703185526,4718.25,1,kaggle
5915-ANOEI,1,-0.43991649313097614,1,0,1.5322605130033284,1,2,0,2,2,2,2,2,0,2,0,3,0.47820892612887816,5536.5,0,kaggle
9861-PDSZP,0,-0.43991649313097614,0,0,1.6137012404433893,1,2,1,0,2,2,2,2,2,2,1,1,1.438727592224897,7806.6,0,kaggle
4505-EXZHB,0,2.273158691738958,0,0,-1.0738427650786138,1,0,1,0,0,2,0,0,0,0,0,2,0.32033821111309646,434.1,1,kaggle
7225-CBZPL,1,2.273158691738958,1,0,-0.62591876415828,1,2,1,0,0,0,0,2,2,0,1,2,0.9983513871808745,1563.9,0,kaggle
6704-UTUKK,1,-0.43991649313097614,1,0,-0.13727439951791576,0,1,0,0,0,0,0,2,2,0,1,2,-0.626886078981594,1332.4,0,kaggle
4587-VVTOX,0,-0.43991649313097614,1,0,-1.0738427650786138,1,2,1,0,2,2,0,2,2,0,1,2,1.3473287572157604,545.2,1,kaggle
2019-HDCZY,1,-0.43991649313097614,1,0,1.247217966963116,1,2,1,0,0,2,0,2,2,2,0,2,1.2575917192067896,6296.75,0,kaggle
4652-NNHNY,1,-0.43991649313097614,1,0,-0.6666391278783103,1,2,1,0,0,0,0,0,0,0,1,0,0.3020584441112687,1284.2,1,kaggle
8788-DOXSU,1,-0.43991649313097614,0,0,1.0843365120829946,1,0,0,0,0,2,0,0,2,1,1,0,-0.11339080593026184,3645.5,0,kaggle
7404-JLKQG,0,-0.43991649313097614,0,0,-1.1960038562387048,1,0,0,0,0,2,0,2,0,0,0,2,-0.23968737794288733,161.45,0,kaggle
7421-ZLUPA,0,-0.43991649313097614,0,0,-0.9924020376385531,0,1,0,0,2,0,0,0,0,0,1,3,-1.1802644800369129,226.95,0,kaggle
8972-HJWNV,0,2.273158691738958,1,0,-1.0331224013585834,1,2,1,0,0,0,0,0,2,0,1,2,0.6576830021468192,646.85,1,kaggle
3274-NSDWE,0,-0.43991649313097614,0,0,1.4508197855632678,1,0,2,1,1,1,1,1,1,2,0,1,-1.5009913010689746,1441.65,0,kaggle
2632-IVXVF,0,-0.43991649313097614,1,1,1.4508197855632678,1,2,1,2,0,2,2,2,2,2,0,1,1.5617005702371902,7511.3,0,kaggle
3692-JHONH,0,2.273158691738958,1,0,0.7992939660427822,1,2,1,0,2,2,0,2,2,1,1,2,1.3872118852197473,5621.85,0,kaggle
8915-NNTRC,1,-0.43991649313097614,1,1,1.6137012404433893,1,2,1,2,2,0,2,2,2,2,1,1,1.4270950132237343,7919.8,0,kaggle
5914-GXMDA,0,-0.43991649313097614,1,0,-0.015113308357824713,1,0,2,1,1,1,1,1,1,1,0,3,-1.5109620830699715,593.2,0,kaggle
7463-IFMQU,0,-0.43991649313097614,1,0,1.6137012404433893,1,0,2,1,1,1,1,1,1,2,0,0,-1.4860351280674797,1423.65,0,kaggle
2920-RNCEZ,1,-0.43991649313097614,1,1,-1.2774445836787656,1,0,1,0,0,0,0,0,0,0,1,1,0.1724382780983114,69.95,0,kaggle
2541-YGPKE,1,-0.43991649313097614,1,1,0.3920903288424788,1,0,0,2,0,0,2,0,2,1,0,1,-0.035286346922454,2763.35,0,kaggle
8515-OCTJS,0,-0.43991649313097614,0,0,-0.30015585439803716,1,2,2,1,1,1,1,1,1,2,0,1,-1.329826210051864,692.1,1,kaggle
5382-TEMLV,1,-0.43991649313097614,0,0,0.5142514200025698,1,0,0,2,0,0,0,0,0,0,1,0,-0.4607063789649817,2298.55,0,kaggle
3441-CGZJH,0,-0.43991649313097614,1,1,0.43281069256250915,0,1,0,2,0,2,2,2,2,1,1,1,-0.14496494893341827,2640.55,0,kaggle
9592-ERDKV,1,-0.43991649313097614,1,0,0.18848851024232702,1,2,0,2,0,2,0,2,2,1,0,3,0.4815325201292102,2911.8,0,kaggle
2860-RANUS,0,2.273158691738958,0,0,-0.5037576729981889,1,2,1,0,0,0,0,0,2,0,1,1,0.6992279271509723,1727.5,1,kaggle
5261-QSHQM,0,-0.43991649313097614,0,0,-1.1552834925186746,0,1,0,0,0,0,0,0,0,0,1,2,-1.3397969920528607,86.6,1,kaggle
4778-IZARL,1,-0.43991649313097614,1,0,1.247217966963116,1,0,1,2,2,2,2,2,2,2,1,1,1.506861269231708,6705.7,0,kaggle
0432-CAJZV,1,-0.43991649313097614,0,0,-1.1960038562387048,1,0,1,0,0,0,0,2,2,0,0,3,0.8620840331672525,237.65,0,kaggle
7008-LZVOZ,1,-0.43991649313097614,1,1,1.369379058123207,1,2,2,1,1,1,1,1,1,2,1,1,-1.3115464430500368,1672.35,0,kaggle
8868-WOZGU,1,-0.43991649313097614,0,0,-0.1779947632379461,1,2,1,0,2,2,0,2,2,0,1,2,1.3606231332170895,2979.5,1,kaggle
1200-TUZHR,0,2.273158691738958,0,0,-0.9924020376385531,1,2,1,0,0,0,0,0,2,0,0,2,0.6792863631489789,695.75,0,kaggle
9365-CSLBQ,1,-0.43991649313097614,0,1,1.5729808767233588,1,2,2,1,1,1,1,1,1,2,0,3,-1.343120586053193,1654.6,0,kaggle
1334-FJSVR,1,-0.43991649313097614,0,0,-1.2774445836787656,0,1,0,0,0,0,0,0,0,0,1,2,-1.3464441800535252,24.25,1,kaggle
5884-FBCTL,0,-0.43991649313097614,1,1,1.6137012404433893,1,2,2,1,1,1,1,1,1,2,0,0,-1.3181936310507012,1857.85,0,kaggle
7130-CTCUS,1,2.273158691738958,1,0,-0.6666391278783103,1,0,0,2,2,0,0,0,0,0,1,0,-0.3393951979528547,825.1,0,kaggle
6242-FEGFD,1,-0.43991649313097614,1,0,1.369379058123207,1,2,1,2,2,2,2,0,0,2,0,3,1.0581760791868549,6424.25,0,kaggle
7625-XCQRH,0,-0.43991649313097614,0,0,-0.8702409464784621,1,2,1,0,0,0,0,0,0,0,1,2,0.39013368512007346,837.95,1,kaggle
6194-HBGQN,1,-0.43991649313097614,0,0,0.758573602322752,1,2,0,2,2,2,2,2,0,1,1,1,0.544680806135523,4126.2,0,kaggle
7634-WSWDB,0,-0.43991649313097614,0,1,-0.9924020376385531,0,1,0,2,0,0,0,0,2,0,1,2,-0.8728320350061801,330.8,0,kaggle
6986-IXNDM,1,-0.43991649313097614,0,0,-0.748079855318371,1,0,1,0,0,0,0,2,2,0,1,2,0.9352031011745621,1337.45,0,kaggle
1731-TVIUK,0,-0.43991649313097614,0,0,-1.1552834925186746,1,2,1,0,2,0,2,0,2,0,1,2,0.9551446651765553,362.2,1,kaggle
2987-BJXIK,0,-0.43991649313097614,0,0,1.5322605130033284,1,2,0,2,2,2,0,2,2,2,0,3,0.6626683931473177,5991.05,0,kaggle
9769-TSBZE,0,-0.43991649313097614,0,1,1.5322605130033284,1,2,0,2,2,0,2,0,0,2,0,2,0.04115631508518757,4891.5,0,kaggle
0406-BPDVR,0,2.273158691738958,1,0,0.880734693482843,1,2,1,0,2,0,0,2,2,1,1,1,1.221032185203135,5373.1,1,kaggle
0618-XWMSS,1,-0.43991649313097614,0,1,-0.1779947632379461,1,0,1,2,0,0,0,0,0,0,1,0,0.33695618111475767,2068.55,1,kaggle
1395-WSWXR,1,-0.43991649313097614,0,0,-0.3408762181180675,1,0,2,1,1,1,1,1,1,2,0,3,-1.462769970065154,487.05,0,kaggle
6023-GSSXW,0,-0.43991649313097614,1,0,1.4915401492832983,1,0,0,0,2,0,0,0,2,2,1,1,-0.11006721192992953,4131.2,0,kaggle
6752-APNJL,1,-0.43991649313097614,1,1,0.3920903288424788,1,0,0,2,2,0,0,0,0,0,0,3,-0.3410569949530208,2301.15,0,kaggle
5276-KQWHG,0,2.273158691738958,0,0,-1.2367242199587352,1,0,1,0,0,0,0,0,0,0,1,2,0.16080569909714826,131.65,1,kaggle
0420-HLGXF,0,2.273158691738958,0,0,0.26992923768238775,1,2,1,0,0,2,0,2,2,0,1,2,1.1628692901973208,4036.0,0,kaggle
7446-KQISO,1,-0.43991649313097614,1,1,0.5142514200025698,1,2,1,0,2,2,2,2,2,2,1,0,1.4952286902305454,4900.65,0,kaggle
9823-EALYC,1,-0.43991649313097614,1,1,1.6137012404433893,1,2,0,2,2,2,2,2,0,2,1,0,0.534710024134526,5727.45,0,kaggle
0582-AVCLN,0,-0.43991649313097614,0,0,0.22920887396235737,1,0,2,1,1,1,1,1,1,2,0,3,-1.477726143066649,743.05,0,kaggle
5803-NQJZO,1,-0.43991649313097614,1,0,1.6137012404433893,1,2,0,2,2,2,2,0,0,2,1,0,0.10098100709116792,4804.65,0,kaggle
2565-JSLRY,1,-0.43991649313097614,0,0,-1.2774445836787656,1,2,2,1,1,1,1,1,1,0,1,3,-1.3530913680541898,24.05,1,kaggle
2607-DHDAK,1,-0.43991649313097614,1,1,1.6137012404433893,1,0,2,1,1,1,1,1,1,2,1,1,-1.4943441130683104,1414.65,0,kaggle
1073-XXCZD,1,-0.43991649313097614,1,0,0.9214550572028734,1,2,2,1,1,1,1,1,1,2,0,0,-1.2982520670487077,1443.65,0,kaggle
0743-HRVFF,0,-0.43991649313097614,1,1,0.758573602322752,0,1,0,0,0,2,2,2,2,1,1,2,-0.28621769394753876,2898.95,0,kaggle
4006-HKYHO,1,-0.43991649313097614,0,0,1.247217966963116,1,0,0,2,2,2,2,2,2,2,1,0,0.7291402731539627,5309.5,0,kaggle
3727-JEZTU,0,-0.43991649313097614,0,0,-1.2774445836787656,1,0,2,1,1,1,1,1,1,0,0,3,-1.4744025490663168,20.4,0,kaggle
8143-ETQTI,0,-0.43991649313097614,1,1,-0.38159658183809786,1,0,2,1,1,1,1,1,1,2,1,3,-1.4993295040688086,451.55,0,kaggle
6689-KXGBO,0,-0.43991649313097614,0,0,-1.2774445836787656,1,0,0,0,2,0,0,0,0,0,0,2,-0.47233895796614456,50.55,1,kaggle
9667-TKTVZ,0,-0.43991649313097614,0,0,-1.2367242199587352,1,2,0,0,0,0,2,0,0,0,1,3,-0.34604238595351905,117.05,0,kaggle
3657-COGMW,0,2.273158691738958,0,0,0.7992939660427822,1,2,1,2,2,2,0,2,2,0,0,1,1.440389389225063,5839.3,0,kaggle
8570-KLJYJ,0,-0.43991649313097614,0,0,0.14776814652229667,1,2,0,2,0,0,0,0,0,1,0,3,-0.3427187919531868,1893.5,0,kaggle
7754-IXRMC,0,-0.43991649313097614,0,0,-1.2774445836787656,1,0,0,0,0,0,0,0,0,0,0,3,-0.6451658459834212,45.35,0,kaggle
9473-CBZOP,0,-0.43991649313097614,0,0,-0.1779947632379461,1,2,0,2,0,2,0,0,0,1,0,3,-0.19149526493806968,1654.45,0,kaggle
2969-WGHQO,0,-0.43991649313097614,1,1,-1.0331224013585834,1,0,0,2,2,2,0,2,0,1,0,2,0.15582030809665018,477.05,0,kaggle
6615-NGGZJ,1,-0.43991649313097614,0,0,-0.748079855318371,1,2,1,0,2,0,0,2,2,0,1,2,1.1894580421999785,1415.55,1,kaggle
4334-HOWRP,1,2.273158691738958,1,0,1.6137012404433893,0,1,0,2,2,2,2,2,2,2,1,1,0.006258578081699082,4546.0,0,kaggle
4255-DDUOU,0,-0.43991649313097614,1,1,-1.2774445836787656,1,0,2,1,1,1,1,1,1,0,1,3,-1.4710789550659844,20.5,1,kaggle
5863-OOKCL,0,-0.43991649313097614,0,0,-0.9109613101984924,1,0,2,1,1,1,1,1,1,0,0,3,-1.5259182560714666,163.2,0,kaggle
1686-STUHN,1,-0.43991649313097614,0,0,0.3920903288424788,1,0,2,1,1,1,1,1,1,1,0,0,-1.4943441130683104,849.9,0,kaggle
1329-VHWNP,0,-0.43991649313097614,0,0,-1.0331224013585834,0,1,0,0,0,0,0,0,0,0,0,0,-1.3198554280508674,189.95,0,kaggle
2984-MIIZL,1,-0.43991649313097614,0,0,-1.1552834925186746,1,0,1,0,0,2,0,0,0,0,1,0,0.33363258711442517,321.9,1,kaggle
0266-GMEAO,1,-0.43991649313097614,1,1,1.6137012404433893,1,2,1,2,2,2,2,2,2,2,1,1,1.6464522172456624,8058.55,0,kaggle
5590-YRFJT,0,-0.43991649313097614,1,0,-0.5037576729981889,0,1,0,0,0,0,0,0,0,0,1,2,-1.3397969920528607,482.8,1,kaggle
5574-NXZIU,1,-0.43991649313097614,0,0,1.247217966963116,1,0,1,2,2,2,2,2,2,2,0,1,1.476948923228718,7049.75,0,kaggle
0019-GFNTW,0,-0.43991649313097614,0,0,0.9621754209229036,0,1,0,2,2,2,2,0,0,2,0,0,-0.6551366279844181,2560.1,0,kaggle
4256-ZWTZI,0,-0.43991649313097614,0,1,-1.1145631287986442,1,0,0,0,0,0,2,0,0,0,1,3,-0.4573827849646494,286.8,0,kaggle
8309-PPCED,0,-0.43991649313097614,1,0,1.6137012404433893,1,2,1,0,2,2,2,2,2,2,1,0,1.5184938482328711,7982.5,0,kaggle
4098-NAUKP,1,2.273158691738958,1,1,1.4508197855632678,1,2,1,0,2,2,0,0,0,0,1,2,0.6610065961471517,5683.6,0,kaggle
5196-WPYOW,1,-0.43991649313097614,1,1,1.4100994218432374,1,0,0,2,2,0,2,0,0,1,0,3,-0.15659752793458118,3994.05,0,kaggle
4608-LCIMN,1,-0.43991649313097614,1,1,-0.9924020376385531,1,0,0,0,0,0,0,0,0,0,0,0,-0.6684310039857471,369.15,0,kaggle
1485-YDHMM,1,-0.43991649313097614,1,1,0.7992939660427822,1,2,1,0,2,0,2,0,2,0,1,0,0.9468356801757247,4631.7,0,kaggle
4054-CUMIA,0,-0.43991649313097614,1,1,-0.5851984004382496,1,0,2,1,1,1,1,1,1,0,1,3,-1.479387940066815,401.95,0,kaggle
0603-TPMIB,0,-0.43991649313097614,1,1,1.0843365120829946,1,2,2,1,1,1,1,1,1,2,0,3,-1.3065610520495383,1534.05,0,kaggle
2525-GVKQU,0,-0.43991649313097614,0,0,1.125056875803025,1,0,2,1,1,1,1,1,1,2,0,3,-1.4677553610656522,1093.0,0,kaggle
8161-QYMTT,1,-0.43991649313097614,0,0,-1.0331224013585834,1,2,1,0,0,0,0,2,2,0,1,2,0.9750862291785486,701.3,0,kaggle
9581-GVBXT,1,-0.43991649313097614,1,1,1.0843365120829946,0,1,0,2,0,2,0,0,0,1,0,3,-0.9958050130184734,1980.3,0,kaggle
5862-BRIXZ,1,-0.43991649313097614,0,0,0.5549717837226001,0,1,0,2,0,2,2,2,2,2,1,0,-0.13333236993225536,2893.4,0,kaggle
5404-GGUKR,1,-0.43991649313097614,0,0,-1.1145631287986442,1,0,0,0,2,0,0,0,0,0,1,2,-0.44575020596348647,262.3,0,kaggle
3308-JSGML,1,2.273158691738958,1,0,1.0843365120829946,0,1,0,2,0,2,2,2,2,2,1,1,-0.023653767921291324,3886.85,0,kaggle
2126-GSEGL,0,-0.43991649313097614,1,0,1.5322605130033284,1,2,0,0,2,2,2,2,2,2,1,0,0.6659919871476498,5917.55,0,kaggle
3677-TNKIO,0,-0.43991649313097614,0,0,-0.748079855318371,1,0,1,0,0,0,0,0,0,0,1,1,0.2073360151017999,914.0,1,kaggle
0440-QEXBZ,0,-0.43991649313097614,0,0,0.47353105628253944,1,2,0,0,0,0,0,0,0,0,1,3,-0.4856333339674735,2139.1,0,kaggle
2434-EEVDB,0,-0.43991649313097614,1,0,1.2879383306831464,1,2,1,2,0,2,0,2,0,2,1,1,0.9917041991802098,5948.7,0,kaggle
6762-QVYJO,0,-0.43991649313097614,1,1,1.0436161483629645,0,1,0,2,0,2,2,2,2,2,0,3,-0.16656830993557784,3624.35,0,kaggle
6199-IWKGC,0,2.273158691738958,1,0,0.5549717837226001,1,2,1,0,0,0,2,2,2,1,0,2,1.1794872601989819,4753.85,0,kaggle
2675-DHUTR,1,2.273158691738958,1,0,1.0436161483629645,1,2,1,0,2,0,0,2,2,0,1,2,1.1346187411944968,5780.7,0,kaggle
8152-VETUR,0,-0.43991649313097614,1,0,1.6137012404433893,1,2,1,0,2,0,0,2,2,2,1,1,1.0947356131905097,6869.7,0,kaggle
9667-EQRXU,0,2.273158691738958,0,0,-0.0965540357978854,0,1,0,0,0,2,0,2,0,0,1,2,-0.8130073430001998,1172.95,1,kaggle
7446-YPODE,1,2.273158691738958,0,0,-0.8702409464784621,1,2,0,2,2,0,0,0,0,0,0,0,-0.1499503399339166,662.95,0,kaggle
9522-BNTHX,0,2.273158691738958,0,0,0.06632741908223598,0,1,0,0,2,2,0,2,2,0,1,2,-0.28289409994720643,1765.95,0,kaggle
4676-WLUHT,1,-0.43991649313097614,0,0,0.880734693482843,0,1,0,2,2,0,0,0,2,2,0,0,-0.6169152969805971,2431.95,0,kaggle
3329-WDIOK,0,-0.43991649313097614,0,0,-1.1960038562387048,0,1,0,0,2,0,0,2,2,0,1,2,-0.47067716096597834,155.35,1,kaggle
7980-MHFLQ,0,-0.43991649313097614,1,1,1.6137012404433893,1,2,2,1,1,1,1,1,1,2,0,3,-1.3248408190513656,1859.2,0,kaggle
2873-ZLIWT,0,-0.43991649313097614,1,1,0.3106496014024181,1,2,1,0,0,2,2,0,0,0,1,2,0.6676537841478158,3303.05,1,kaggle
3415-TAILE,0,-0.43991649313097614,1,1,-1.2367242199587352,1,0,0,0,0,0,0,2,2,0,0,3,0.03118553308419093,134.35,1,kaggle
0757-WCUUZ,1,-0.43991649313097614,1,1,0.880734693482843,1,2,0,0,0,2,0,0,2,2,0,1,-0.046918925923616905,3409.1,0,kaggle
1629-DQQVB,0,-0.43991649313097614,0,0,-0.748079855318371,1,0,0,2,0,0,0,0,0,0,0,0,-0.48729513096763954,709.5,0,kaggle
1915-IOFGU,0,-0.43991649313097614,0,0,-1.2774445836787656,1,0,1,0,0,0,0,0,0,0,0,2,0.19071804510013865,70.5,1,kaggle
3045-XETSH,0,-0.43991649313097614,0,0,-0.9109613101984924,1,2,1,0,2,2,0,0,2,0,1,2,1.0000131841810405,953.45,1,kaggle
0374-AACSZ,0,-0.43991649313097614,0,0,-1.2774445836787656,1,0,0,2,0,0,0,0,0,0,0,2,-0.4856333339674735,50.15,0,kaggle
7239-HZZCX,1,-0.43991649313097614,0,0,-1.2774445836787656,1,0,2,1,1,1,1,1,1,0,0,3,-1.4960059100684764,19.75,1,kaggle
4872-VXRIL,1,-0.43991649313097614,0,0,0.9621754209229036,1,2,0,2,2,0,2,0,0,1,1,0,-0.003712203919297562,3665.55,0,kaggle
9140-CZQZZ,0,-0.43991649313097614,1,0,1.4508197855632678,1,0,0,2,2,0,2,2,2,2,1,0,0.4931650991303729,5515.8,0,kaggle
3423-HHXAO,0,-0.43991649313097614,1,1,-0.748079855318371,1,0,2,1,1,1,1,1,1,1,1,3,-1.504314895069307,272.0,0,kaggle
9938-TKDGL,1,-0.43991649313097614,1,1,1.4508197855632678,1,0,1,2,0,0,2,2,2,2,1,2,1.156222102196656,6668.0,0,kaggle
0531-ZZJWQ,1,2.273158691738958,1,0,0.9214550572028734,1,2,1,0,0,0,0,0,0,0,1,2,0.3070438351117673,4052.4,0,kaggle
6537-QLGEX,0,-0.43991649313097614,0,0,-0.6666391278783103,0,1,0,2,0,0,0,2,0,0,1,2,-0.8595376590048512,664.4,0,kaggle
2688-BHGOG,1,2.273158691738958,0,0,-0.9516816739185228,1,0,1,0,0,0,0,0,2,0,1,2,0.4915033021302069,718.55,0,kaggle
7683-CBDKJ,1,-0.43991649313097614,1,1,-0.748079855318371,1,0,0,2,2,0,0,2,0,0,1,2,0.022876548083360315,937.6,1,kaggle
0946-CLJTI,1,2.273158691738958,1,0,1.0436161483629645,1,2,1,0,0,2,0,2,2,0,1,2,1.1279715531938321,5812.6,1,kaggle
3160-TYXLT,1,-0.43991649313097614,0,0,0.8400143297628127,0,1,0,2,2,0,0,0,2,0,1,0,-0.613591702980265,2546.85,0,kaggle
1325-USMEC,1,-0.43991649313097614,1,0,1.5322605130033284,1,2,1,2,2,2,0,2,0,2,1,1,1.1495749141959914,6944.5,0,kaggle
0916-QOFDP,0,2.273158691738958,1,1,-0.748079855318371,1,2,1,0,0,0,0,2,2,0,1,2,1.0315873271841969,1346.3,0,kaggle
0628-CNQRM,1,-0.43991649313097614,1,1,-0.4223169455581282,1,0,0,2,0,2,2,2,0,1,1,0,0.09101022509017127,1544.05,1,kaggle
5606-AMZBO,0,-0.43991649313097614,1,0,-0.9109613101984924,1,2,1,2,0,0,0,0,0,0,1,1,0.4449729861255557,765.15,0,kaggle
6199-IPCAO,0,-0.43991649313097614,1,1,-0.13727439951791576,1,2,2,1,1,1,1,1,1,2,0,3,-1.2849576910473786,692.55,0,kaggle
7665-TOALD,0,-0.43991649313097614,0,0,-1.2774445836787656,1,0,1,0,0,0,0,0,0,0,1,2,0.16080569909714826,69.6,1,kaggle
0112-QWPNC,1,-0.43991649313097614,1,0,0.6771328748826912,1,2,0,2,0,2,2,2,2,1,0,2,0.6510358141461546,4059.35,1,kaggle
0324-BRPCJ,0,2.273158691738958,1,0,1.4508197855632678,1,2,1,0,2,0,0,2,2,0,1,2,1.1778254631988159,6851.65,1,kaggle
2777-PHDEI,0,-0.43991649313097614,0,0,-1.2774445836787656,1,0,1,0,0,0,0,2,0,0,0,2,0.44164939212522314,78.05,1,kaggle
5640-CAXOA,0,-0.43991649313097614,0,0,-0.0965540357978854,0,1,0,0,0,0,2,0,2,1,1,1,-0.8113455460000336,1187.05,0,kaggle
2235-EZAIK,0,-0.43991649313097614,1,0,1.6137012404433893,1,2,0,2,2,2,2,2,0,2,0,1,0.47987072312904416,5401.9,0,kaggle
3847-BAERP,0,-0.43991649313097614,0,0,-0.9109613101984924,1,0,2,1,1,1,1,1,1,0,1,3,-1.4577845790646555,247.0,0,kaggle
1196-AMORA,1,-0.43991649313097614,0,0,-1.0331224013585834,1,2,1,0,0,0,0,0,0,0,0,2,0.2937494591104381,520.0,1,kaggle
4282-YMKNA,0,-0.43991649313097614,0,0,-0.9516816739185228,1,2,1,0,0,0,0,0,0,0,1,2,0.3319707901142591,706.6,1,kaggle
1453-RZFON,0,-0.43991649313097614,0,1,-1.2774445836787656,1,0,0,2,0,0,0,0,0,0,0,3,-0.49394231896830415,49.9,0,kaggle
8263-OKETD,0,-0.43991649313097614,0,0,-0.5037576729981889,1,2,0,0,2,0,2,0,2,0,1,1,0.13754054109482292,1370.35,0,kaggle
0670-KDOMA,0,-0.43991649313097614,0,0,-1.2774445836787656,1,0,2,1,1,1,1,1,1,0,1,3,-1.479387940066815,20.25,0,kaggle
2476-YGEFM,0,-0.43991649313097614,0,0,-0.13727439951791576,1,2,1,0,0,0,0,0,0,0,1,1,0.3735157151184122,2215.25,0,kaggle
8687-BAFGU,1,-0.43991649313097614,0,0,-1.2774445836787656,1,0,1,0,0,0,2,0,0,0,0,2,0.3070438351117673,74.0,0,kaggle
0641-EVBOJ,1,-0.43991649313097614,0,0,-1.1960038562387048,1,0,1,2,0,0,2,0,0,0,1,3,0.5829021371393436,214.4,0,kaggle
0829-XXPLX,0,-0.43991649313097614,0,0,-0.5037576729981889,1,0,1,2,0,2,0,2,0,0,1,0,0.8188773111629334,1871.15,0,kaggle
9974-JFBHQ,1,-0.43991649313097614,0,1,1.2879383306831464,1,0,1,0,2,0,2,2,2,0,1,1,1.1429277261953275,6171.2,0,kaggle
5356-RHIPP,1,-0.43991649313097614,0,0,-1.2774445836787656,1,0,2,1,1,1,1,1,1,0,1,3,-1.481049737066981,20.2,1,kaggle
6624-JDRDS,0,-0.43991649313097614,0,0,-1.0738427650786138,0,1,0,2,0,0,0,0,0,0,0,0,-1.1736172920362484,161.45,0,kaggle
0608-JDVEC,1,-0.43991649313097614,1,0,0.7178532386027215,1,0,2,1,1,1,1,1,1,2,0,2,-1.4943441130683104,1013.2,0,kaggle
9780-FKVVF,1,-0.43991649313097614,0,0,-1.0738427650786138,1,0,0,2,0,0,0,0,2,0,1,0,-0.18650987393757135,336.7,0,kaggle
1919-RTPQD,1,-0.43991649313097614,1,1,-1.0331224013585834,1,0,0,0,0,0,0,0,0,0,0,2,-0.6651074099854147,333.65,0,kaggle
5214-NLTIT,1,-0.43991649313097614,1,1,1.6137012404433893,1,2,1,0,0,2,0,0,2,2,1,1,0.8654076271675846,6511.8,0,kaggle
3345-PBBFH,1,-0.43991649313097614,1,0,-0.9924020376385531,1,0,0,0,2,0,0,0,0,0,1,0,-0.5055748979694671,393.45,0,kaggle
5055-BRMNE,0,-0.43991649313097614,1,1,1.4100994218432374,1,2,1,2,0,0,2,2,2,2,0,1,1.393859073220412,7009.5,0,kaggle
9189-JWSHV,0,2.273158691738958,1,0,-0.3408762181180675,1,2,1,0,0,0,0,2,2,0,1,2,0.9568064621767214,2264.05,1,kaggle
2190-PHBHR,0,-0.43991649313097614,1,0,1.6137012404433893,1,2,1,2,2,0,0,0,2,2,1,1,0.9867188081797118,6921.7,0,kaggle
2650-GYRYL,1,-0.43991649313097614,1,1,0.025607055362205634,1,0,2,1,1,1,1,1,1,1,1,0,-1.505976692069473,600.25,0,kaggle
0746-JTRFU,1,-0.43991649313097614,0,0,-1.2367242199587352,0,1,0,0,0,0,0,0,0,0,1,2,-1.3198554280508674,56.35,1,kaggle
5208-FVQKB,1,-0.43991649313097614,1,0,1.5322605130033284,1,0,0,2,2,0,2,0,2,2,0,3,0.10596639809166647,4664.15,0,kaggle
7184-LRUUR,0,-0.43991649313097614,0,0,-0.4223169455581282,1,0,0,0,2,2,0,2,0,1,0,0,0.016229360082695727,1441.8,0,kaggle
6627-CFOSN,0,-0.43991649313097614,0,0,1.0843365120829946,1,2,1,2,2,2,0,0,2,0,1,0,1.1528985081963241,5623.7,0,kaggle
3982-JGSFD,1,-0.43991649313097614,0,0,0.14776814652229667,1,0,2,1,1,1,1,1,1,1,1,1,-1.4760643460664828,695.85,0,kaggle
1574-DYCWE,0,-0.43991649313097614,1,1,0.758573602322752,1,0,2,1,1,1,1,1,1,2,0,3,-1.4893587220678117,1028.75,0,kaggle
7247-XOZPB,1,-0.43991649313097614,1,0,0.8400143297628127,1,2,0,2,0,2,2,2,0,1,0,0,0.4200460311230638,4155.95,0,kaggle
2466-FCCPT,0,-0.43991649313097614,1,1,-0.5037576729981889,1,0,2,1,1,1,1,1,1,1,0,0,-1.4976677070686424,395.6,0,kaggle
6211-WWLTF,1,-0.43991649313097614,1,0,1.247217966963116,1,0,1,2,0,2,0,2,2,2,0,1,1.1612074931971548,6330.4,0,kaggle
4826-TZEVA,0,-0.43991649313097614,0,0,0.3106496014024181,1,0,1,0,2,0,0,0,0,0,0,1,0.33363258711442517,2971.7,0,kaggle
6016-NXBNJ,1,-0.43991649313097614,0,0,0.10704778280226633,1,0,2,1,1,1,1,1,1,1,1,3,-1.51594747407047,638.0,0,kaggle
9138-EFSMO,1,-0.43991649313097614,1,1,-0.2594354906780068,1,0,1,0,0,0,0,0,2,1,0,0,0.47156173812821356,2034.25,0,kaggle
0576-WNXXC,1,2.273158691738958,1,0,-0.21871512695797646,1,2,1,0,2,2,0,0,2,0,1,2,1.0232783421833662,2510.2,1,kaggle
4632-XJMEX,1,-0.43991649313097614,0,1,0.8400143297628127,1,0,0,2,2,0,2,0,0,1,0,1,-0.06353689592527814,3419.5,0,kaggle
8910-LEDAG,1,2.273158691738958,1,0,0.06632741908223598,1,0,1,0,0,0,0,0,0,0,0,1,0.22561578210362715,2427.35,0,kaggle
3452-GWUIN,0,2.273158691738958,1,0,-0.5444780367182193,1,2,1,0,0,0,0,2,2,0,1,2,1.003336778181373,1760.25,0,kaggle
2716-GFZOR,1,-0.43991649313097614,1,0,0.43281069256250915,1,0,1,2,2,2,0,0,0,0,1,1,0.7091987091519689,3551.65,0,kaggle
3724-UCSHY,1,-0.43991649313097614,1,1,-1.0738427650786138,1,0,2,1,1,1,1,1,1,0,0,3,-1.502653098069141,122.9,0,kaggle
8626-XHBIE,1,-0.43991649313097614,0,1,0.9621754209229036,1,2,2,1,1,1,1,1,1,2,1,3,-1.328164413051698,1424.2,0,kaggle
4628-CTTLA,1,-0.43991649313097614,0,0,1.002895784642934,0,1,0,0,2,0,0,2,0,0,1,2,-0.8462432830035223,2111.45,1,kaggle
3192-LNKRK,1,-0.43991649313097614,1,1,0.06632741908223598,1,0,1,0,0,2,0,2,0,0,1,3,0.641065032145158,2909.95,0,kaggle
4439-YRNVD,0,-0.43991649313097614,0,0,-0.9109613101984924,0,1,0,0,2,0,2,0,0,0,0,2,-0.9476129000136557,374.0,0,kaggle
2876-VBBBL,0,-0.43991649313097614,0,0,-1.2774445836787656,1,0,2,1,1,1,1,1,1,0,1,3,-1.479387940066815,20.25,1,kaggle
6834-NXDCA,0,-0.43991649313097614,0,0,-0.7888002190384014,0,1,0,0,0,0,0,0,0,0,1,2,-1.3580767590546883,300.8,1,kaggle
2208-UGTGR,1,-0.43991649313097614,0,0,0.9621754209229036,1,2,1,0,2,0,0,2,2,0,0,2,1.1246479591934997,5581.05,0,kaggle
3005-TYFRD,0,-0.43991649313097614,1,0,0.9214550572028734,1,2,1,0,2,2,0,2,2,0,1,1,1.2924894562102784,5676.65,0,kaggle
8670-MEFCP,0,-0.43991649313097614,1,1,0.14776814652229667,1,2,0,2,2,2,2,2,2,2,1,1,0.9352031011745621,3379.25,0,kaggle
3079-BCHLN,1,-0.43991649313097614,1,0,0.5956921474426305,1,0,2,1,1,1,1,1,1,1,0,0,-1.491020519067978,942.95,0,kaggle
7777-UNYHB,0,-0.43991649313097614,1,1,-0.8295205827584317,1,0,2,1,1,1,1,1,1,0,1,1,-1.4843733310673135,232.4,0,kaggle
5597-GLBUC,0,-0.43991649313097614,0,0,-1.2774445836787656,1,0,1,0,0,2,0,2,0,0,1,2,0.6875953481498096,85.45,1,kaggle
7278-CKDNC,1,2.273158691738958,0,0,-0.3408762181180675,1,2,1,0,2,0,0,0,0,0,1,2,0.5230774451333633,2088.45,0,kaggle
2748-MYRVK,0,-0.43991649313097614,0,0,1.247217966963116,1,2,1,0,2,0,0,2,2,1,0,0,1.1678546811978192,6137.0,1,kaggle
8450-UYIBU,0,2.273158691738958,0,0,0.10704778280226633,0,1,0,0,0,2,0,2,0,0,1,2,-0.8279635160016948,1434.6,0,kaggle
2969-VAPYH,0,-0.43991649313097614,0,0,1.4100994218432374,1,0,0,2,2,0,2,0,0,1,0,1,-0.14164135493308597,3870.0,0,kaggle
4822-YCXMX,1,-0.43991649313097614,0,0,-0.30015585439803716,1,2,1,0,0,0,0,0,2,0,1,2,0.6659919871476498,2043.45,1,kaggle
7181-OQCUT,1,-0.43991649313097614,0,0,-0.46303730927815856,1,2,1,2,0,2,0,2,2,0,0,3,1.2991366442109427,2215.0,0,kaggle
8474-UMLNT,0,-0.43991649313097614,0,0,-0.7888002190384014,1,0,0,2,2,0,2,0,2,0,0,0,0.10098100709116792,842.25,0,kaggle
9821-POOTN,1,-0.43991649313097614,1,0,0.10704778280226633,1,2,1,0,0,0,0,0,0,0,1,2,0.3469269631157543,2576.2,1,kaggle
3836-FZSDJ,1,2.273158691738958,1,0,1.5729808767233588,1,2,2,1,1,1,1,1,1,2,0,0,-1.3265026160515319,1901.0,0,kaggle
9142-XMYJH,0,-0.43991649313097614,0,0,-0.13727439951791576,1,0,2,1,1,1,1,1,1,0,0,1,-1.5093002860698053,601.6,0,kaggle
6559-ILWKJ,1,-0.43991649313097614,1,0,1.5729808767233588,0,1,0,0,2,0,0,2,2,2,0,2,-0.5122220859701314,3515.25,1,kaggle
0187-QSXOE,1,2.273158691738958,1,0,-1.0331224013585834,1,0,1,0,0,0,0,2,2,0,1,2,0.8055829351616043,605.45,0,kaggle
7733-UDMTP,0,2.273158691738958,0,0,1.002895784642934,0,1,0,0,2,2,0,2,2,0,1,2,-0.3244390249513595,3094.05,0,kaggle
2649-HWLYB,1,-0.43991649313097614,1,0,1.3286586944031769,1,2,0,2,0,2,2,0,2,2,0,0,0.37850110611891075,4929.55,0,kaggle
5214-CHIWJ,1,-0.43991649313097614,0,0,-0.21871512695797646,1,0,2,1,1,1,1,1,1,1,0,3,-1.477726143066649,595.05,0,kaggle
4229-CZMLL,1,-0.43991649313097614,0,0,-1.0738427650786138,1,2,1,0,0,0,0,0,0,0,1,2,0.33695618111475767,469.8,1,kaggle
6904-JLBGY,0,2.273158691738958,0,0,1.6137012404433893,1,2,1,2,2,2,2,2,2,2,1,1,1.7478218342557958,8436.25,0,kaggle
2465-BLLEU,1,-0.43991649313097614,0,0,-1.2774445836787656,1,0,2,1,1,1,1,1,1,0,1,3,-1.4960059100684764,19.75,0,kaggle
1685-VAYJF,1,-0.43991649313097614,0,0,-0.8702409464784621,1,0,0,0,0,0,0,0,0,0,0,1,-0.6501512369839195,492.0,0,kaggle
8874-EJNSR,1,-0.43991649313097614,1,1,0.26992923768238775,1,2,2,1,1,1,1,1,1,2,0,3,-1.3148700370503688,987.95,0,kaggle
6917-YACBP,0,2.273158691738958,0,0,1.0843365120829946,1,2,1,2,2,2,0,0,0,0,1,2,0.830509890164096,5496.9,0,kaggle
5049-MUBWG,1,-0.43991649313097614,0,0,-0.2594354906780068,1,0,0,2,0,0,2,2,2,1,0,0,0.3402797751150897,1908.35,0,kaggle
4223-WOZCM,1,2.273158691738958,0,0,-1.2367242199587352,1,0,0,0,0,2,0,0,0,0,0,3,-0.4922805219681379,107.1,0,kaggle
0769-MURVM,0,-0.43991649313097614,1,1,1.6137012404433893,0,1,0,2,2,2,2,2,2,2,0,0,0.03118553308419093,4575.35,0,kaggle
9253-VIFJQ,1,-0.43991649313097614,1,0,1.3286586944031769,1,2,0,2,2,2,0,0,0,1,0,1,0.07605405208867606,4309.55,0,kaggle
7030-FZTFM,1,-0.43991649313097614,1,1,1.6137012404433893,1,2,1,0,2,2,2,2,2,2,0,1,1.5334500212343665,7922.75,0,kaggle
9741-YLNTD,1,-0.43991649313097614,0,0,-1.0738427650786138,1,2,1,0,0,0,2,0,2,0,1,0,0.7706851981581158,522.35,0,kaggle
5917-RYRMG,1,2.273158691738958,0,0,-0.015113308357824713,1,0,2,1,1,1,1,1,1,1,0,1,-1.4943441130683104,587.7,0,kaggle
5120-ZBLAI,0,-0.43991649313097614,1,0,0.7178532386027215,1,2,0,0,0,2,0,2,2,1,0,0,0.36354493311741554,3876.2,0,kaggle
1194-BHJYC,1,-0.43991649313097614,1,0,1.1657772395230555,0,1,0,2,0,2,2,2,2,2,1,3,-0.08680205392760396,3778.85,0,kaggle
3663-MITLP,0,-0.43991649313097614,0,0,-0.7073594915983407,1,0,1,0,2,2,0,2,2,0,1,2,1.2127232002023045,1457.25,1,kaggle
0906-QVPMS,1,-0.43991649313097614,1,0,1.6137012404433893,1,2,1,2,2,2,2,2,2,2,0,0,1.6747027662484868,8349.45,0,kaggle
9025-ZRPVR,1,-0.43991649313097614,0,0,-0.9516816739185228,1,0,2,1,1,1,1,1,1,0,1,3,-1.5225946620711341,185.6,1,kaggle
1905-OEILC,0,-0.43991649313097614,0,0,-1.2774445836787656,1,0,2,1,1,1,1,1,1,0,0,3,-1.504314895069307,19.5,0,kaggle
7858-GTZSP,0,-0.43991649313097614,0,0,-0.8295205827584317,1,2,1,0,0,0,0,0,2,0,1,2,0.7241548821534641,1066.9,0,kaggle
3285-UCQVC,0,-0.43991649313097614,0,0,0.18848851024232702,0,1,0,0,0,0,2,0,0,0,0,1,-1.2018678410390724,973.55,1,kaggle
6248-BSHKG,1,-0.43991649313097614,1,1,1.1657772395230555,1,0,2,1,1,1,1,1,1,1,0,3,-1.4744025490663168,1226.45,0,kaggle
4685-TFLLS,1,-0.43991649313097614,1,1,-0.5851984004382496,1,0,2,1,1,1,1,1,1,1,0,0,-1.4943441130683104,342.3,0,kaggle
3470-BTGQO,1,-0.43991649313097614,0,1,-0.46303730927815856,1,0,0,0,0,0,0,0,0,0,0,3,-0.6351950639824246,985.05,0,kaggle
1209-VFFOC,1,-0.43991649313097614,1,1,1.4508197855632678,0,1,0,2,2,2,2,0,2,2,1,3,-0.2779087089467081,3948.45,0,kaggle
8224-DWCKX,1,2.273158691738958,0,0,-0.8295205827584317,1,2,1,0,0,0,0,0,0,0,1,1,0.2837786771094415,828.05,0,kaggle
5482-PLVPE,0,2.273158691738958,0,0,-1.2367242199587352,0,1,0,0,0,0,0,0,0,0,0,2,-1.343120586053193,41.85,1,kaggle
4553-DVPZG,0,-0.43991649313097614,1,0,1.2064976032430856,1,2,1,0,0,2,0,2,2,0,1,2,1.2160467942026365,6164.7,0,kaggle
4902-OHLSK,0,2.273158691738958,0,0,-0.13727439951791576,1,2,1,0,0,0,2,2,2,0,0,2,1.1263097561936661,2862.75,1,kaggle
6917-IAYHD,1,-0.43991649313097614,0,1,-1.2774445836787656,0,1,0,0,2,0,2,0,0,0,0,3,-1.03568814102246,33.6,0,kaggle
0495-ZBNGW,1,2.273158691738958,1,0,-1.1145631287986442,1,2,1,0,0,2,0,0,0,0,1,0,0.50313588113137,343.95,1,kaggle
8620-RJPZN,0,-0.43991649313097614,0,0,-1.2774445836787656,1,0,2,1,1,1,1,1,1,0,0,2,-1.46443176706532,20.7,0,kaggle
7572-KPVKK,1,-0.43991649313097614,0,1,1.2064976032430856,1,2,1,0,0,2,2,2,2,2,1,2,1.3057838322116073,6590.5,0,kaggle
2642-MAWLJ,0,-0.43991649313097614,1,1,0.14776814652229667,1,0,2,1,1,1,1,1,1,2,0,0,-1.479387940066815,717.95,0,kaggle
2357-COQEK,0,2.273158691738958,0,0,-0.1779947632379461,1,2,1,0,0,2,2,2,2,0,1,2,1.2808568772091153,2890.65,1,kaggle
7103-ZGVNT,0,-0.43991649313097614,1,1,1.4915401492832983,1,2,0,2,2,0,2,2,0,1,0,1,0.29707305311077065,4885.85,0,kaggle
3737-GCSPV,0,-0.43991649313097614,1,0,-0.8702409464784621,1,2,1,2,0,0,2,2,0,0,1,1,1.044881703185526,1222.05,1,kaggle
2027-WKXMW,0,-0.43991649313097614,1,0,1.247217966963116,1,2,1,0,2,2,2,2,2,0,1,2,1.461992750227223,6871.7,0,kaggle
7137-NAXML,1,-0.43991649313097614,0,0,-0.38159658183809786,1,0,2,1,1,1,1,1,1,1,0,0,-1.4827115340671475,405.6,0,kaggle
2428-ZMCTB,1,-0.43991649313097614,0,0,-0.9109613101984924,1,0,2,1,1,1,1,1,1,0,0,1,-1.4960059100684764,208.25,0,kaggle
2961-VNFKL,0,-0.43991649313097614,1,0,1.5729808767233588,1,2,2,1,1,1,1,1,1,2,1,1,-1.289943082047877,1801.9,0,kaggle
1768-HNVGJ,0,2.273158691738958,0,0,0.5142514200025698,1,2,0,2,0,0,2,0,2,0,1,2,0.17576187209864347,3062.45,0,kaggle
6963-KQYQB,0,-0.43991649313097614,1,1,1.5322605130033284,1,2,2,1,1,1,1,1,1,2,0,3,-1.3530913680541898,1764.75,0,kaggle
5934-RMPOV,0,-0.43991649313097614,0,1,-0.4223169455581282,1,2,1,0,0,0,0,0,2,0,1,2,0.6643301901474837,1816.75,0,kaggle
1207-BLKSA,0,-0.43991649313097614,1,1,0.7992939660427822,1,2,2,1,1,1,1,1,1,2,0,3,-1.3863273080575123,1255.1,0,kaggle
4088-YLDSU,1,-0.43991649313097614,1,0,0.9214550572028734,1,2,1,0,0,2,2,2,2,1,1,2,1.3091074262119398,5743.05,1,kaggle
8316-BBQAY,0,-0.43991649313097614,0,0,1.3286586944031769,0,1,0,2,0,2,2,2,2,2,0,1,-0.15992112193491323,3921.1,0,kaggle
1166-PQLGG,0,-0.43991649313097614,1,1,1.6137012404433893,1,0,2,1,1,1,1,1,1,2,0,0,-1.502653098069141,1463.45,0,kaggle
3146-JTQHR,1,-0.43991649313097614,1,0,-0.9109613101984924,1,0,2,1,1,1,1,1,1,1,0,0,-1.5009913010689746,189.45,0,kaggle
4291-YZODP,0,-0.43991649313097614,0,1,-1.0331224013585834,1,0,2,1,1,1,1,1,1,1,0,3,-1.4860351280674797,96.8,0,kaggle
4395-PZMSN,1,2.273158691738958,0,0,-1.1145631287986442,1,0,1,0,2,0,0,0,2,0,1,2,0.6909189421501416,408.5,0,kaggle
6427-FEFIG,0,-0.43991649313097614,1,1,-0.3408762181180675,1,2,0,2,0,2,0,2,2,2,0,1,0.4599291591270504,1846.65,0,kaggle
0017-IUDMW,0,-0.43991649313097614,1,1,1.6137012404433893,1,2,1,2,2,2,2,2,2,2,1,1,1.7295420672539685,8456.75,0,kaggle
8706-HRADD,1,-0.43991649313097614,0,0,-0.46303730927815856,0,1,0,2,0,0,2,2,0,0,1,3,-0.7049905379894018,1011.5,0,kaggle
9955-QOPOY,1,-0.43991649313097614,1,0,1.4915401492832983,0,1,0,0,2,2,2,2,2,1,1,1,-0.13167057293208934,4263.4,0,kaggle
4385-ZKVNW,1,-0.43991649313097614,1,1,0.47353105628253944,1,0,0,0,2,0,2,0,0,0,1,0,-0.32776261895169184,2549.1,0,kaggle
5446-DKWYW,0,2.273158691738958,1,1,1.1657772395230555,1,2,0,0,0,2,0,2,0,1,1,2,0.014567563082529699,3965.05,0,kaggle
2034-CGRHZ,1,2.273158691738958,0,0,-0.3408762181180675,1,2,1,0,2,2,0,2,2,0,1,1,1.2692242982079527,2496.7,1,kaggle
5797-APWZC,0,-0.43991649313097614,0,0,-1.2774445836787656,1,0,1,0,0,0,0,2,2,0,0,2,0.85876043916692,90.6,1,kaggle
3683-QKIUE,0,-0.43991649313097614,0,0,-1.0738427650786138,1,0,0,0,0,0,2,0,0,0,1,0,-0.46402997296531395,288.05,1,kaggle
4228-ZGYUW,1,-0.43991649313097614,0,0,-1.1552834925186746,1,2,1,0,2,0,0,0,2,0,1,2,0.8404806721650927,368.1,1,kaggle
9031-ZVQPT,1,-0.43991649313097614,1,0,1.6137012404433893,1,2,1,0,2,2,2,2,2,2,1,2,1.4437129832253957,7840.6,0,kaggle
2990-IAJSV,1,-0.43991649313097614,0,0,1.6137012404433893,1,2,0,2,2,2,2,2,2,2,0,0,0.9052907551715716,6632.75,0,kaggle
8107-KNCIM,1,2.273158691738958,1,0,-0.748079855318371,1,2,1,0,0,0,0,0,0,0,1,2,0.3436033691154218,1013.35,0,kaggle
9027-YFHQJ,1,-0.43991649313097614,0,0,-1.0331224013585834,1,2,2,1,1,1,1,1,1,0,1,0,-1.3198554280508674,152.95,0,kaggle
5176-LDKUH,0,-0.43991649313097614,0,0,0.6364125111626608,1,0,1,0,2,0,0,0,0,1,0,2,0.34526516611558833,3772.65,0,kaggle
4644-OBGFZ,1,-0.43991649313097614,1,1,0.9214550572028734,1,0,2,1,1,1,1,1,1,1,0,3,-1.504314895069307,1026.35,0,kaggle
7926-IJOOU,1,-0.43991649313097614,0,0,-1.2774445836787656,1,0,2,1,1,1,1,1,1,0,0,1,-1.5109620830699715,19.3,0,kaggle
6480-YAGIY,1,-0.43991649313097614,0,0,0.5142514200025698,1,0,1,2,2,2,2,2,2,1,0,1,1.5766567432386855,5031.85,0,kaggle
4029-HPFVY,1,-0.43991649313097614,0,0,-1.1960038562387048,1,0,1,0,0,0,0,0,0,0,1,3,0.18407085709947407,220.4,0,kaggle
7602-DBTOU,0,-0.43991649313097614,1,0,1.5729808767233588,1,0,2,1,1,1,1,1,1,2,0,3,-1.5009913010689746,1416.5,0,kaggle
5345-BMKWB,1,-0.43991649313097614,1,0,-0.9924020376385531,1,0,2,1,1,1,1,1,1,0,0,3,-1.479387940066815,158.35,0,kaggle
3519-ZKXGG,0,-0.43991649313097614,1,0,-1.1960038562387048,1,2,1,0,0,0,0,0,0,0,1,2,0.36853032411791364,256.6,1,kaggle
5457-COLHT,1,-0.43991649313097614,1,1,1.4915401492832983,1,0,0,2,2,0,2,2,2,2,0,0,0.5280628361338618,5542.55,0,kaggle
6416-TVAIH,1,-0.43991649313097614,1,1,-1.2774445836787656,1,0,1,0,0,0,0,0,0,0,1,2,0.12424616509349373,68.5,1,kaggle
5451-YHYPW,0,2.273158691738958,1,0,1.6137012404433893,1,2,1,2,2,2,2,2,2,2,1,1,1.6946443302504801,8443.7,0,kaggle
5108-ADXWO,1,-0.43991649313097614,0,0,-0.8702409464784621,1,0,1,2,0,0,0,0,0,0,1,2,0.29042586511010604,791.75,1,kaggle
7998-WNZEM,1,-0.43991649313097614,0,0,1.5729808767233588,1,2,0,2,2,2,2,0,2,2,0,0,0.5264010391336954,5708.2,0,kaggle
3066-RRJIO,0,-0.43991649313097614,0,0,-1.2774445836787656,1,0,1,0,0,0,0,0,0,0,1,3,0.1724382780983114,69.95,1,kaggle
4664-NJCMS,0,-0.43991649313097614,1,0,0.025607055362205634,0,1,0,2,0,2,2,2,2,2,0,0,-0.1732154979362424,2016.3,0,kaggle
0307-BCOPK,0,-0.43991649313097614,0,0,-0.6666391278783103,1,0,2,1,1,1,1,1,1,1,0,3,-1.5192710680708021,326.65,0,kaggle
7629-WFGLW,0,2.273158691738958,1,0,0.9621754209229036,1,2,1,2,2,2,2,0,0,1,0,2,1.0266019361836989,5471.75,0,kaggle
2542-HYGIQ,0,-0.43991649313097614,0,0,-1.2774445836787656,1,0,2,1,1,1,1,1,1,0,0,1,-1.4893587220678117,19.95,0,kaggle
6715-OFDBP,1,-0.43991649313097614,0,0,-1.1145631287986442,1,0,0,0,0,2,0,2,2,0,1,2,0.17576187209864347,346.4,1,kaggle
5016-LIPDW,1,-0.43991649313097614,1,1,1.002895784642934,1,0,2,1,1,1,1,1,1,1,0,3,-1.5076384890696393,1061.6,0,kaggle
6481-LXPWL,1,-0.43991649313097614,1,1,0.9621754209229036,0,1,0,0,2,2,0,0,0,1,1,1,-0.952598291014154,1971.5,0,kaggle
1567-DSCIC,1,-0.43991649313097614,0,0,-0.9924020376385531,1,2,1,0,2,2,0,2,0,0,1,2,0.9717626351782166,773.65,1,kaggle
2150-UWTFY,0,-0.43991649313097614,1,1,-0.4223169455581282,1,0,0,2,2,2,0,0,0,0,0,3,-0.12003799393092641,1422.05,1,kaggle
6124-ACRHJ,0,-0.43991649313097614,0,0,-1.2774445836787656,1,0,2,1,1,1,1,1,1,0,0,3,-1.4960059100684764,19.75,0,kaggle
9362-MWODR,0,-0.43991649313097614,0,1,0.3106496014024181,1,0,0,2,0,0,2,2,0,0,1,1,-0.021991970921125294,2460.35,0,kaggle
9975-GPKZU,1,-0.43991649313097614,1,1,0.5549717837226001,1,0,2,1,1,1,1,1,1,2,0,1,-1.4960059100684764,856.5,0,kaggle
9625-RZFUK,1,-0.43991649313097614,1,1,1.247217966963116,1,0,2,1,1,1,1,1,1,2,0,3,-1.4976677070686424,1275.85,0,kaggle
5153-LXKDT,1,-0.43991649313097614,1,1,1.4508197855632678,1,2,1,2,2,2,0,2,2,2,1,2,1.5101848632320405,7467.5,0,kaggle
5161-UBZXI,1,-0.43991649313097614,1,1,1.4915401492832983,1,0,1,2,2,0,2,2,2,2,1,1,1.3822264942192488,7261.75,0,kaggle
1020-JPQOW,0,-0.43991649313097614,1,0,0.9621754209229036,1,2,1,0,2,2,2,0,0,0,0,2,0.8570986421667539,5116.6,0,kaggle
7919-ZODZZ,0,-0.43991649313097614,1,1,-0.9109613101984924,1,0,0,0,2,2,0,0,2,1,1,3,0.03783272108485552,660.05,0,kaggle
0565-JUPYD,1,-0.43991649313097614,0,0,1.247217966963116,1,2,1,2,2,2,2,2,0,1,0,1,1.3207400052131024,6590.8,0,kaggle
6867-ACCZI,0,-0.43991649313097614,1,1,-0.3408762181180675,0,1,0,2,2,2,2,0,2,2,1,3,-0.40752887495966567,1208.15,0,kaggle
5939-XAIXZ,0,-0.43991649313097614,0,0,-0.5444780367182193,1,2,0,0,0,2,0,0,0,0,1,3,-0.28787949094770476,1033.9,0,kaggle
9054-FOWNV,1,-0.43991649313097614,1,1,-0.4223169455581282,1,2,1,0,0,2,0,2,0,0,1,2,0.7972739501607736,1885.15,0,kaggle
2683-BPJSO,1,-0.43991649313097614,1,0,-0.13727439951791576,1,2,1,2,2,0,0,0,0,0,1,2,0.6543594081464871,2467.1,1,kaggle
2157-MXBJS,1,-0.43991649313097614,1,0,-0.7888002190384014,1,2,0,0,0,2,0,2,2,1,1,3,0.3502505571160864,989.45,1,kaggle
8207-VVMYB,0,-0.43991649313097614,1,0,1.5322605130033284,1,2,2,1,1,1,1,1,1,2,1,0,-1.288281285047711,2006.95,0,kaggle
9732-EQMWY,0,-0.43991649313097614,1,0,0.6771328748826912,1,0,1,0,2,2,0,2,2,0,0,2,1.1512367111961581,5025.0,0,kaggle
9360-AHGNL,0,2.273158691738958,1,0,0.43281069256250915,1,2,1,2,0,2,2,2,2,1,1,3,1.4885815022298807,4830.25,1,kaggle
1087-UDSIH,0,-0.43991649313097614,0,0,-1.1960038562387048,1,0,2,1,1,1,1,1,1,0,1,3,-1.5009913010689746,59.75,1,kaggle
5269-NRGDP,1,-0.43991649313097614,1,1,0.3920903288424788,1,0,0,0,0,2,2,2,2,1,0,2,0.2787932861089434,3088.25,0,kaggle
6195-MELTI,1,-0.43991649313097614,0,0,1.002895784642934,1,0,0,0,2,0,2,0,0,1,1,3,-0.33607160395252245,3134.7,0,kaggle
5485-WUYWF,1,2.273158691738958,0,0,-1.2367242199587352,1,0,0,2,0,2,0,2,0,0,0,0,0.05445069108651675,94.55,1,kaggle
2121-JAFOM,0,-0.43991649313097614,1,0,1.6137012404433893,1,2,1,2,2,2,2,2,2,2,1,1,1.6879971422498155,8312.4,0,kaggle
8818-DOPVL,0,2.273158691738958,0,0,0.5549717837226001,1,2,1,0,2,2,0,2,2,0,1,2,1.3190782082129364,4863.85,0,kaggle
2632-UCGVD,1,2.273158691738958,1,0,1.369379058123207,1,2,1,0,0,0,2,2,2,0,1,1,1.1728400721983174,6871.9,1,kaggle
5445-PZWGX,1,-0.43991649313097614,0,0,1.2064976032430856,1,2,1,2,2,0,2,0,2,1,0,2,1.2376501552047963,6529.25,1,kaggle
1227-UDMZR,0,-0.43991649313097614,1,0,1.6137012404433893,1,2,0,2,2,2,2,2,2,2,1,0,0.8770402061687477,6637.9,0,kaggle
5198-HQAEN,1,-0.43991649313097614,1,1,0.10704778280226633,1,0,1,0,2,0,2,2,0,1,1,2,0.82884809316393,3165.6,0,kaggle
9170-CCKOU,1,-0.43991649313097614,1,0,-0.62591876415828,1,2,1,2,2,2,0,0,0,0,0,1,0.8454660631655913,1454.15,1,kaggle
2167-FQSTQ,0,-0.43991649313097614,1,0,1.6137012404433893,1,2,0,2,2,2,2,2,2,2,1,2,0.9185851311729007,6786.1,0,kaggle
2819-GWENI,0,-0.43991649313097614,1,1,-0.1779947632379461,1,0,2,1,1,1,1,1,1,1,0,3,-1.491020519067978,543.0,0,kaggle
1043-YCUTE,1,-0.43991649313097614,1,0,0.9621754209229036,1,2,2,1,1,1,1,1,1,2,1,1,-1.3165318340505352,1327.15,1,kaggle
3814-MLAXC,0,-0.43991649313097614,0,0,-0.055833672077855064,1,2,1,0,0,0,2,0,0,0,1,1,0.5014740841312035,2404.15,1,kaggle
3572-UUHRS,1,-0.43991649313097614,0,0,0.5142514200025698,1,0,2,1,1,1,1,1,1,1,0,0,-1.5259182560714666,867.3,0,kaggle
2692-PFYTJ,0,-0.43991649313097614,0,0,-1.2774445836787656,1,2,2,1,1,1,1,1,1,0,1,3,-1.2965902700485417,25.75,0,kaggle
1226-UDFZR,0,-0.43991649313097614,0,0,-1.2367242199587352,1,0,0,0,2,0,0,0,0,0,1,3,-0.5039131009693008,114.7,1,kaggle
5955-EPOAZ,0,-0.43991649313097614,0,0,-1.0738427650786138,1,0,2,1,1,1,1,1,1,0,1,3,-1.4561227820644893,109.5,0,kaggle
6821-JPCDC,0,-0.43991649313097614,1,0,0.6364125111626608,1,0,1,0,2,2,0,2,2,1,1,2,1.07313225218835,4692.95,0,kaggle
8815-LMFLX,1,-0.43991649313097614,1,1,-0.30015585439803716,1,2,2,1,1,1,1,1,1,0,1,0,-1.3082228490497045,546.85,0,kaggle
9135-HSWOC,1,-0.43991649313097614,1,1,1.2879383306831464,1,0,2,1,1,1,1,1,1,2,1,0,-1.4976677070686424,1274.05,0,kaggle
8582-KRHPJ,1,-0.43991649313097614,0,0,0.7178532386027215,0,1,0,2,2,0,0,0,0,0,1,3,-0.9891578250178088,1782.4,0,kaggle
5811-IWXYM,0,-0.43991649313097614,1,1,0.7992939660427822,1,2,1,0,0,2,0,2,2,1,0,0,1.2127232002023045,5301.1,0,kaggle
7044-YAACC,1,2.273158691738958,1,0,-1.1552834925186746,1,0,1,0,0,0,0,0,0,0,1,2,0.18074726309914202,280.35,0,kaggle
8189-XRIKE,0,2.273158691738958,0,0,-0.015113308357824713,1,0,1,0,0,0,0,2,2,0,0,2,0.8703930181680831,2897.95,0,kaggle
1506-YJTYT,1,-0.43991649313097614,1,1,0.5142514200025698,1,2,0,2,2,0,2,2,0,2,0,1,0.3020584441112687,3371.0,0,kaggle
4123-DVHPH,1,-0.43991649313097614,1,0,-0.9516816739185228,1,2,1,2,0,0,0,0,2,0,1,2,0.7740087921584478,801.3,0,kaggle
6425-YQLLO,0,2.273158691738958,1,0,1.369379058123207,1,2,1,0,0,2,2,2,2,1,1,1,1.3689321182179202,6975.25,1,kaggle
5442-UTCVD,1,-0.43991649313097614,0,1,-1.1960038562387048,1,2,1,0,0,2,0,0,2,0,0,2,0.9003053641710731,257.05,1,kaggle
2228-BZDEE,0,-0.43991649313097614,0,0,0.880734693482843,1,0,2,1,1,1,1,1,1,2,0,3,-1.4843733310673135,1079.45,0,kaggle
7734-DBOAI,0,-0.43991649313097614,1,1,-1.2774445836787656,0,1,0,0,0,0,2,2,0,0,0,2,-0.8196545310008642,40.1,1,kaggle
2789-CZANW,0,-0.43991649313097614,1,1,1.2879383306831464,1,2,1,2,2,0,2,2,2,2,0,0,1.5135084572323727,6997.3,0,kaggle
2091-RFFBA,0,2.273158691738958,0,0,-0.055833672077855064,1,2,1,0,0,0,0,0,0,0,1,2,0.30372024111143525,2217.15,1,kaggle
2114-MGINA,0,-0.43991649313097614,0,0,-0.748079855318371,1,0,1,0,0,0,0,2,2,0,1,3,0.8321716871642622,1129.1,1,kaggle
7596-LDUXP,0,-0.43991649313097614,0,0,-0.8295205827584317,1,0,1,2,0,0,0,2,0,1,1,1,0.677624566148813,979.05,0,kaggle
3740-RLMVT,1,2.273158691738958,1,0,1.4100994218432374,1,0,0,2,2,0,2,0,0,1,1,0,-0.12668518193159078,4119.4,0,kaggle
4489-SNOJF,0,-0.43991649313097614,1,1,0.10704778280226633,1,2,0,2,0,2,2,2,0,0,0,2,0.24888094010595296,2568.55,1,kaggle
2192-OZITF,0,-0.43991649313097614,0,0,0.5142514200025698,1,2,0,2,0,0,2,0,2,2,0,3,0.2920876621102721,3349.1,0,kaggle
5651-CPDND,1,-0.43991649313097614,0,0,-0.9109613101984924,1,0,0,0,0,0,0,0,0,0,0,3,-0.6235624849812617,492.1,0,kaggle
2186-QZEYA,0,2.273158691738958,0,0,-0.13727439951791576,1,2,0,2,2,0,0,0,0,0,1,0,-0.20645143793956489,1718.95,0,kaggle
1131-ALZWV,0,-0.43991649313097614,0,0,-0.3408762181180675,1,2,2,1,1,1,1,1,1,1,0,0,-1.3348116010523623,605.25,0,kaggle
7729-XBTWX,1,-0.43991649313097614,1,1,1.369379058123207,1,0,2,1,1,1,1,1,1,2,1,3,-1.4960059100684764,1344.5,0,kaggle
9134-WYRVP,1,-0.43991649313097614,0,0,0.758573602322752,1,0,1,2,0,0,0,2,0,1,0,3,0.7175076941527995,4267.15,0,kaggle
3284-SVCRO,0,-0.43991649313097614,1,0,0.5142514200025698,1,2,2,1,1,1,1,1,1,2,0,3,-1.304899255049372,1121.05,0,kaggle
9732-OUYRN,0,-0.43991649313097614,1,0,0.6771328748826912,1,0,2,1,1,1,1,1,1,1,0,1,-1.5209328650709681,918.7,0,kaggle
0559-CKHUS,0,-0.43991649313097614,1,0,-0.13727439951791576,1,0,2,1,1,1,1,1,1,2,1,3,-1.502653098069141,521.8,0,kaggle
2931-SVLTV,1,-0.43991649313097614,1,1,0.3106496014024181,1,2,1,2,2,0,2,2,2,0,1,1,1.506861269231708,4469.1,0,kaggle
6899-PPEEA,0,2.273158691738958,0,0,0.18848851024232702,1,2,1,0,0,0,0,2,2,0,1,2,1.0565142821866886,3580.3,1,kaggle
7504-UWHNB,1,-0.43991649313097614,0,0,-0.30015585439803716,1,0,1,0,0,0,0,0,0,0,0,2,0.1657910900976468,1729.35,0,kaggle
2582-FFFZR,0,-0.43991649313097614,0,0,-0.4223169455581282,0,1,0,0,0,2,0,2,2,0,1,2,-0.47067716096597834,1073.3,0,kaggle
8908-NMQTX,1,-0.43991649313097614,0,0,1.6137012404433893,0,1,0,2,2,2,2,2,2,2,1,0,0.0278619390838584,4566.5,0,kaggle
2187-LZGPL,0,-0.43991649313097614,0,0,-1.0331224013585834,0,1,0,0,2,0,0,0,2,0,1,1,-0.8196545310008642,293.3,1,kaggle
1431-AIDJQ,1,-0.43991649313097614,1,1,0.025607055362205634,1,0,0,0,2,2,2,2,2,2,0,1,0.576254949138679,2603.1,0,kaggle
6288-LBEAR,0,-0.43991649313097614,0,0,-0.38159658183809786,1,0,1,0,2,0,2,0,0,0,1,3,0.47654712912871167,1783.75,0,kaggle
4597-NUCQV,1,2.273158691738958,0,0,-0.3408762181180675,1,2,1,0,2,0,0,2,2,0,1,2,1.2127232002023045,2440.15,1,kaggle
9019-QVLZD,0,-0.43991649313097614,0,0,-1.2774445836787656,1,0,1,0,0,0,0,2,0,0,0,2,0.4915033021302069,79.55,1,kaggle
8413-YNHNV,1,-0.43991649313097614,0,0,1.4915401492832983,1,2,0,2,2,2,2,2,2,2,0,3,0.8604222361670865,6322.1,0,kaggle
5808-TOTXO,0,-0.43991649313097614,0,1,-1.1960038562387048,1,0,2,1,1,1,1,1,1,1,1,1,-1.4694171580658184,57.4,0,kaggle
4369-NYSCF,1,-0.43991649313097614,0,0,0.9621754209229036,1,0,0,0,2,0,2,2,2,1,1,0,0.3652067301175816,4284.65,0,kaggle
6333-YDVLT,1,-0.43991649313097614,0,0,1.3286586944031769,1,2,1,2,0,2,2,2,2,1,1,1,1.503537675231376,7138.65,0,kaggle
5324-KTGCG,1,-0.43991649313097614,1,0,1.5729808767233588,1,0,2,1,1,1,1,1,1,1,0,2,-1.4594463760648215,1539.75,0,kaggle
5599-HVLTW,0,2.273158691738958,0,0,-0.748079855318371,1,2,1,0,0,2,0,0,0,0,1,0,0.5180920541328647,1058.1,0,kaggle
7394-LWLYN,0,-0.43991649313097614,0,0,-1.2367242199587352,1,0,1,0,0,0,0,0,0,0,1,2,0.179085466098976,123.8,0,kaggle
3707-LRWZD,0,-0.43991649313097614,0,0,-0.015113308357824713,1,2,1,0,0,0,0,2,0,1,0,2,0.641065032145158,2781.85,1,kaggle
6873-UDNLD,1,-0.43991649313097614,0,0,0.3106496014024181,1,0,0,2,0,2,0,0,2,0,0,2,0.08934842809000525,2731.0,0,kaggle
2700-LUEVA,1,-0.43991649313097614,0,0,-1.2774445836787656,1,0,2,1,1,1,1,1,1,0,0,1,-1.462769970065154,20.75,0,kaggle
1455-ESIQH,1,-0.43991649313097614,0,0,-1.2774445836787656,1,0,1,0,0,0,0,2,2,0,1,2,0.8089065291619363,89.1,1,kaggle
0958-YHXGP,0,-0.43991649313097614,0,0,-1.0331224013585834,1,0,1,0,0,0,0,0,0,0,1,3,0.17077648109814536,497.3,0,kaggle
1101-SSWAG,0,-0.43991649313097614,1,0,-0.7073594915983407,1,2,0,0,0,0,0,0,0,0,1,2,-0.45405919096431707,711.15,0,kaggle
2979-SXESE,0,-0.43991649313097614,1,1,-0.62591876415828,1,2,1,2,0,2,0,2,0,0,0,2,0.9850570111795457,1607.2,1,kaggle
4013-TLDHQ,1,-0.43991649313097614,0,0,-0.5444780367182193,1,0,1,0,2,2,0,0,0,0,1,2,0.44829658012588774,1490.95,1,kaggle
5743-KHMNA,1,-0.43991649313097614,0,0,1.5729808767233588,1,2,2,1,1,1,1,1,1,2,0,0,-1.303237458049206,1898.1,0,kaggle
4194-FJARJ,0,-0.43991649313097614,1,1,0.880734693482843,1,2,0,2,0,0,2,0,0,2,0,0,-0.1582593249347472,3273.95,0,kaggle
5325-UWTWJ,1,-0.43991649313097614,1,0,-0.055833672077855064,1,2,1,2,2,0,2,0,0,0,1,1,0.8570986421667539,2929.75,0,kaggle
3969-GYXEL,0,-0.43991649313097614,0,0,-0.8702409464784621,1,0,1,2,0,0,0,0,0,0,0,2,0.3868100911197414,838.7,0,kaggle
9208-OLGAQ,0,2.273158691738958,0,0,-0.5851984004382496,1,0,1,0,0,2,0,0,2,0,1,2,0.6709773781481484,1443.65,0,kaggle
3244-CQPHU,0,2.273158691738958,0,0,1.6137012404433893,1,2,1,2,2,0,2,2,2,2,1,0,1.506861269231708,7746.7,0,kaggle
2674-MLXMN,0,2.273158691738958,0,0,1.5729808767233588,1,2,1,0,2,0,0,2,2,0,1,1,1.1595456961969886,6951.15,0,kaggle
9708-HPXWZ,1,2.273158691738958,0,0,-1.1145631287986442,0,1,0,0,0,2,2,2,0,0,0,1,-0.6435040489832552,214.75,0,kaggle
6992-TKNYO,1,-0.43991649313097614,1,0,0.22920887396235737,1,2,0,0,0,2,2,0,2,1,0,1,0.14086413509515497,2669.45,0,kaggle
4468-YDOVK,1,-0.43991649313097614,0,1,-1.1145631287986442,1,0,0,0,0,0,2,0,0,0,1,0,-0.5354872439724572,235.2,0,kaggle
3754-DXMRT,1,2.273158691738958,0,0,-1.2367242199587352,1,0,0,0,0,0,0,0,0,0,1,2,-0.6850489739874083,92.65,1,kaggle
5792-JALQC,0,2.273158691738958,0,0,0.7992939660427822,1,2,0,2,0,2,0,0,0,2,0,0,-0.16324471593524553,3103.25,0,kaggle
7130-VTEWQ,0,2.273158691738958,0,0,-0.9924020376385531,1,2,1,0,0,0,0,0,0,0,1,2,0.3652067301175816,606.25,1,kaggle
2200-DSAAL,0,-0.43991649313097614,0,0,1.4508197855632678,1,2,0,0,2,2,0,2,2,2,1,2,0.5280628361338618,5330.2,0,kaggle
4302-ZYFEL,1,-0.43991649313097614,1,1,1.4915401492832983,1,0,2,1,1,1,1,1,1,1,1,1,-1.4694171580658184,1403.1,0,kaggle
9351-LZYGF,0,-0.43991649313097614,1,0,0.3920903288424788,1,2,0,2,2,0,2,0,0,0,1,1,0.05445069108651675,2727.8,0,kaggle
4366-CTOUZ,0,-0.43991649313097614,0,0,0.7178532386027215,1,0,1,0,2,0,2,2,2,2,1,3,1.1778254631988159,5038.45,0,kaggle
6121-VZNQB,0,-0.43991649313097614,0,0,-1.2774445836787656,1,0,2,1,1,1,1,1,1,0,1,3,-1.517609271070636,19.1,1,kaggle
7903-CMPEY,1,2.273158691738958,1,0,-1.2774445836787656,1,2,1,2,0,0,0,0,0,0,1,2,0.5164302571326987,80.3,1,kaggle
1518-OMDIK,1,-0.43991649313097614,1,0,0.025607055362205634,1,0,0,0,0,0,0,0,0,0,1,1,-0.6717545979860794,1462.6,0,kaggle
6671-NGWON,0,-0.43991649313097614,0,0,-1.0331224013585834,1,0,2,1,1,1,1,1,1,0,0,3,-1.4760643460664828,150.6,0,kaggle
0595-ITUDF,1,-0.43991649313097614,1,1,1.2879383306831464,1,2,1,2,2,2,0,0,0,0,1,2,0.898643567170907,5960.5,0,kaggle
6996-KNSML,0,-0.43991649313097614,0,0,-1.2774445836787656,1,0,1,0,0,2,0,0,0,0,1,2,0.33695618111475767,74.9,1,kaggle
1955-IBMMB,1,-0.43991649313097614,0,0,1.0843365120829946,1,0,2,1,1,1,1,1,1,2,1,0,-1.481049737066981,1192.3,0,kaggle
0096-BXERS,0,-0.43991649313097614,1,0,-1.0738427650786138,1,2,0,0,0,0,0,0,0,0,0,2,-0.47898614596680894,314.55,0,kaggle
3806-YAZOV,0,-0.43991649313097614,0,0,-1.1960038562387048,1,0,2,1,1,1,1,1,1,0,0,3,-1.5275800530716328,56.0,0,kaggle
7998-ZLXWN,0,-0.43991649313097614,1,0,-0.7073594915983407,1,0,2,1,1,1,1,1,1,0,0,1,-1.4727407520661506,330.8,0,kaggle
6253-WRFHY,1,-0.43991649313097614,1,1,-0.7888002190384014,1,0,0,0,0,0,0,2,2,1,1,2,-0.00038860991896550476,877.35,0,kaggle
9133-AYJZG,0,-0.43991649313097614,0,0,-0.38159658183809786,1,2,1,0,2,0,0,2,2,0,1,1,1.1279715531938321,2249.1,0,kaggle
2675-OTVVJ,1,2.273158691738958,1,0,-0.055833672077855064,1,2,1,2,0,0,0,2,0,0,0,2,0.8205391081630994,2807.65,0,kaggle
8680-CGLTP,1,-0.43991649313097614,0,0,-0.13727439951791576,1,0,0,2,2,0,2,0,0,1,1,2,-0.19980424993890028,1696.2,0,kaggle
8430-TWCBX,0,-0.43991649313097614,1,0,0.6771328748826912,1,0,2,1,1,1,1,1,1,1,0,1,-1.46443176706532,1032.05,0,kaggle
5018-GWURO,0,-0.43991649313097614,1,0,0.9621754209229036,1,2,1,0,0,0,0,2,0,0,1,0,0.6925807391503077,4902.8,0,kaggle
6741-QRLUP,0,-0.43991649313097614,0,0,1.247217966963116,1,2,0,2,2,2,2,0,2,2,1,1,0.5164302571326987,4995.35,0,kaggle
4737-HOBAX,1,-0.43991649313097614,1,0,1.247217966963116,1,2,0,0,0,2,2,2,2,2,0,1,0.4998122871310375,5034.05,0,kaggle
0537-QYZZN,1,2.273158691738958,1,1,-0.3408762181180675,1,2,1,2,0,0,0,0,0,0,1,2,0.5014740841312035,1857.75,0,kaggle
3340-QBBFM,1,2.273158691738958,1,0,0.14776814652229667,1,0,0,0,0,2,2,0,0,1,0,1,-0.3543513709543497,1992.85,0,kaggle
1704-NRWYE,0,2.273158691738958,0,0,-0.9516816739185228,1,0,1,0,0,0,0,2,0,0,1,2,0.534710024134526,751.65,1,kaggle
2592-SEIFQ,1,-0.43991649313097614,0,0,-1.1960038562387048,0,1,0,0,0,0,0,0,0,0,0,2,-1.329826210051864,66.95,1,kaggle
8200-KLNYW,0,-0.43991649313097614,1,0,-0.46303730927815856,1,0,0,2,0,2,2,2,2,1,0,3,0.5363718211346925,1714.95,0,kaggle
3372-CDXFJ,1,-0.43991649313097614,1,1,-0.7888002190384014,1,2,2,1,1,1,1,1,1,1,0,0,-1.3381351950526947,343.6,0,kaggle
4781-ZXYGU,1,-0.43991649313097614,1,1,-1.2774445836787656,1,0,2,1,1,1,1,1,1,0,1,0,-1.4827115340671475,20.15,0,kaggle
7632-YUTXB,0,-0.43991649313097614,1,1,-0.30015585439803716,1,0,2,1,1,1,1,1,1,1,0,3,-1.4860351280674797,520.1,0,kaggle
2718-YSKCS,1,-0.43991649313097614,1,1,1.5729808767233588,1,0,2,1,1,1,1,1,1,2,1,0,-1.5009913010689746,1387.45,0,kaggle
9896-UYMIE,1,-0.43991649313097614,0,0,1.369379058123207,1,2,1,2,2,2,2,2,2,1,1,0,1.6464522172456624,7383.7,0,kaggle
0853-NWIFK,0,-0.43991649313097614,0,0,0.5142514200025698,1,0,1,2,2,0,0,2,2,1,1,2,1.1811490571991479,4483.95,0,kaggle
8212-CRQXP,0,-0.43991649313097614,1,0,-0.4223169455581282,1,0,1,0,0,0,0,2,0,0,1,1,0.5064594751317021,1706.45,0,kaggle
6980-CDGFC,0,-0.43991649313097614,1,0,1.4100994218432374,1,0,2,1,1,1,1,1,1,1,1,0,-1.4594463760648215,1327.4,0,kaggle
7691-XVTZH,0,-0.43991649313097614,1,0,1.4508197855632678,1,2,1,0,0,2,0,2,0,2,1,0,0.8371570781647607,5974.3,0,kaggle
2520-SGTTA,0,-0.43991649313097614,1,1,-1.318164947398796,1,0,2,1,1,1,1,1,1,2,0,3,-1.4876969250676457,1397.475,0,kaggle
7481-ATQQS,0,2.273158691738958,0,0,0.6771328748826912,1,2,1,0,0,2,0,0,2,0,1,1,0.8670694241677506,4515.85,1,kaggle
2277-VWCNI,0,2.273158691738958,0,0,-1.1552834925186746,1,2,0,0,0,0,0,0,0,0,0,3,-0.532163649972125,179.85,0,kaggle
1088-CNNKB,1,-0.43991649313097614,1,0,1.247217966963116,1,2,0,2,2,2,2,0,2,1,0,1,0.5064594751317021,5040.2,0,kaggle
8642-GVWRF,0,-0.43991649313097614,1,0,-1.2367242199587352,1,0,1,0,2,2,0,0,0,0,0,0,0.4964886931307054,165.0,1,kaggle
1930-BZLHI,1,-0.43991649313097614,0,0,-0.46303730927815856,1,0,2,1,1,1,1,1,1,1,1,3,-1.4760643460664828,422.7,0,kaggle
3400-ESFUW,1,-0.43991649313097614,1,1,0.9214550572028734,1,0,0,2,2,0,2,0,0,2,0,0,-0.23968737794288733,3046.4,1,kaggle
5868-YTYKS,1,-0.43991649313097614,0,1,-1.2774445836787656,1,0,2,1,1,1,1,1,1,0,1,3,-1.479387940066815,20.25,0,kaggle
3525-DVKFN,0,-0.43991649313097614,0,0,-0.62591876415828,1,0,2,1,1,1,1,1,1,2,0,3,-1.5076384890696393,358.05,0,kaggle
1482-OXZSY,1,-0.43991649313097614,0,0,-0.0965540357978854,1,2,1,2,0,0,0,2,2,0,1,0,1.1844726511994805,2936.25,0,kaggle
0377-JBKKT,1,-0.43991649313097614,1,1,-0.4223169455581282,1,0,0,2,2,0,2,0,0,0,1,3,-0.22639300194155818,1271.8,0,kaggle
5778-BVOFB,0,-0.43991649313097614,0,0,-0.9516816739185228,1,0,0,0,0,0,2,2,0,0,1,0,-0.17487729493640844,530.05,0,kaggle
3373-YZZYM,1,-0.43991649313097614,1,1,-1.2774445836787656,1,0,2,1,1,1,1,1,1,0,0,3,-1.5142856770703037,19.2,0,kaggle
2057-ZBLPD,0,-0.43991649313097614,1,0,-0.46303730927815856,1,2,1,0,0,0,0,0,2,0,1,2,0.722493085153298,1808.7,1,kaggle
0228-MAUWC,1,-0.43991649313097614,0,0,-0.5444780367182193,1,2,0,0,0,2,2,0,0,0,0,2,-0.1732154979362424,1144.6,0,kaggle
5502-RLUYV,0,-0.43991649313097614,1,1,1.4915401492832983,1,2,1,0,2,2,0,2,2,0,1,2,1.302460238211275,7446.9,1,kaggle
0023-HGHWL,1,2.273158691738958,0,0,-1.2774445836787656,0,1,0,0,0,0,0,0,0,0,1,2,-1.3181936310507012,25.1,1,kaggle
7663-YJHSN,0,-0.43991649313097614,1,0,1.6137012404433893,1,2,1,2,2,2,2,2,0,2,1,0,1.302460238211275,7556.9,0,kaggle
4915-BFSXL,1,-0.43991649313097614,1,1,1.5322605130033284,1,2,0,2,0,2,0,2,0,2,0,1,0.13920233809498894,4858.7,0,kaggle
3086-RUCRN,0,-0.43991649313097614,0,0,1.369379058123207,1,2,1,2,2,2,2,0,2,0,1,0,1.2742096892084507,6595.0,0,kaggle
5215-LNLDJ,0,-0.43991649313097614,1,1,-1.0331224013585834,0,1,0,0,0,0,0,0,0,0,1,2,-1.33148800705203,149.05,0,kaggle
7576-JMYWV,0,2.273158691738958,1,1,0.5549717837226001,1,2,1,2,2,0,2,2,2,0,1,2,1.5101848632320405,4972.1,0,kaggle
9039-RBEEE,1,-0.43991649313097614,0,0,0.26992923768238775,0,1,0,2,2,0,2,2,0,0,1,1,-0.5255164619714603,1880.85,1,kaggle
0257-KXZGU,0,-0.43991649313097614,1,1,-0.015113308357824713,1,2,0,0,2,2,0,0,0,0,0,0,-0.07683127192660708,2045.55,0,kaggle
1307-ATKGB,1,-0.43991649313097614,0,0,-0.3408762181180675,1,0,1,0,2,2,0,0,2,0,1,2,0.8238627021634315,2187.15,0,kaggle
8417-FMLZI,1,-0.43991649313097614,1,1,-1.0738427650786138,1,0,1,0,2,0,0,0,2,0,1,1,0.6244470621434968,477.55,1,kaggle
3714-XPXBW,0,-0.43991649313097614,0,0,0.18848851024232702,1,2,0,2,2,2,2,2,0,0,1,1,0.46989994112804756,2976.95,0,kaggle
1850-AKQEP,1,-0.43991649313097614,0,1,-0.9924020376385531,1,0,2,1,1,1,1,1,1,0,0,3,-1.4760643460664828,178.7,0,kaggle
2824-DXNKN,0,-0.43991649313097614,1,1,1.6137012404433893,1,2,0,2,0,2,0,2,0,2,1,0,0.2222921881032951,5025.85,0,kaggle
5227-JSCFE,1,2.273158691738958,1,0,1.5729808767233588,0,1,0,2,2,2,2,0,0,2,0,1,-0.6119299059800988,3353.4,0,kaggle
0848-ZGQIJ,0,-0.43991649313097614,1,0,-0.6666391278783103,1,0,1,0,2,0,0,2,2,0,1,0,0.9933659961803764,1461.15,0,kaggle
3621-CHYVB,0,-0.43991649313097614,1,0,1.002895784642934,0,1,0,2,0,2,2,0,2,0,1,0,-0.49394231896830415,2782.4,0,kaggle
8042-RNLKO,1,-0.43991649313097614,0,0,1.369379058123207,1,2,2,1,1,1,1,1,1,1,0,0,-1.3065610520495383,1699.15,0,kaggle
1792-UXAFY,0,2.273158691738958,0,0,-0.62591876415828,1,0,1,0,2,2,0,2,0,0,1,2,0.8105683261621028,1496.9,1,kaggle
5372-FBKBN,0,-0.43991649313097614,0,1,-0.46303730927815856,1,0,2,1,1,1,1,1,1,0,0,3,-1.462769970065154,452.2,0,kaggle
0420-TXVSG,1,-0.43991649313097614,1,0,1.369379058123207,1,2,0,2,2,2,0,0,0,2,1,1,0.04447990908551963,4428.45,0,kaggle
6217-TOWGS,0,-0.43991649313097614,1,0,-0.62591876415828,1,2,0,0,2,0,0,2,2,0,1,0,0.35357415111641893,1322.55,0,kaggle
0515-YPMCW,1,-0.43991649313097614,0,1,-1.2774445836787656,1,0,1,0,0,0,0,0,0,0,1,3,0.18905624809997262,70.45,1,kaggle
0378-XSZPU,1,-0.43991649313097614,1,0,1.0436161483629645,1,0,0,2,2,2,0,0,0,1,0,1,-0.14828854293375057,3563.8,1,kaggle
1045-LTCYT,0,-0.43991649313097614,1,1,-0.9924020376385531,1,0,2,1,1,1,1,1,1,0,0,1,-1.4527991880641573,139.75,0,kaggle
1544-JJMYL,1,-0.43991649313097614,0,0,-0.21871512695797646,1,0,0,2,0,2,2,2,0,1,0,1,0.15249671409631763,1927.3,0,kaggle
4636-JGAAI,1,-0.43991649313097614,1,0,0.06632741908223598,1,2,1,0,2,0,0,0,2,0,0,3,0.8005975441611056,3000.25,0,kaggle
6874-SGLHU,1,-0.43991649313097614,0,0,-0.0965540357978854,1,0,1,0,2,0,0,2,2,1,1,0,1.071470455188184,3021.3,0,kaggle
5951-AOFIH,1,-0.43991649313097614,0,0,0.025607055362205634,1,0,0,0,2,2,0,2,0,0,1,1,0.05445069108651675,2245.4,0,kaggle
4729-XKASR,1,-0.43991649313097614,0,1,-1.2774445836787656,0,1,0,0,0,0,0,0,0,0,0,2,-1.329826210051864,24.75,1,kaggle
3059-NGMXB,1,-0.43991649313097614,1,1,-0.748079855318371,1,2,0,2,2,0,0,0,2,0,0,3,0.14751132309581955,944.65,0,kaggle
8652-YHIYU,0,-0.43991649313097614,0,1,-0.6666391278783103,1,2,1,0,0,0,2,0,0,1,1,1,0.4898415051300408,1264.2,0,kaggle
5278-PNYOX,0,-0.43991649313097614,0,0,0.6771328748826912,1,0,1,0,0,2,2,2,2,2,0,1,1.1927816362003112,4917.75,0,kaggle
5449-FIBXJ,1,-0.43991649313097614,1,1,-0.5444780367182193,1,2,1,0,0,2,2,2,2,0,0,2,1.2808568772091153,2012.7,1,kaggle
3486-HOOGQ,0,-0.43991649313097614,1,1,1.5322605130033284,1,2,0,2,2,2,2,2,0,2,0,0,0.4964886931307054,5743.3,0,kaggle
5061-PBXFW,0,-0.43991649313097614,1,1,-0.015113308357824713,1,0,0,2,2,0,2,0,0,0,0,0,-0.11172900893009581,1864.65,0,kaggle
8630-FJLIB,0,-0.43991649313097614,0,0,-0.5851984004382496,1,0,1,0,0,0,0,0,0,0,1,2,0.16745288709781284,1221.65,0,kaggle
3891-NLXJB,1,-0.43991649313097614,0,0,0.18848851024232702,0,1,0,2,2,0,2,0,0,2,1,3,-0.8046983579993692,1390.85,0,kaggle
4749-OJKQU,0,-0.43991649313097614,0,0,-1.1552834925186746,1,2,1,0,0,0,0,0,0,0,1,2,0.36188313611724954,302.35,0,kaggle
0577-WHMEV,0,-0.43991649313097614,1,0,-0.6666391278783103,1,2,1,2,2,2,0,0,0,0,0,2,0.8620840331672525,1374.9,0,kaggle
5453-AXEPF,1,-0.43991649313097614,1,0,-0.62591876415828,1,2,1,0,2,0,0,0,0,0,1,0,0.5230774451333633,1336.9,0,kaggle
3639-XJHKQ,0,-0.43991649313097614,0,1,-0.5444780367182193,1,0,0,2,2,2,0,0,0,0,1,2,-0.1383177609327537,1297.8,0,kaggle
3716-LRGXK,1,-0.43991649313097614,1,0,1.125056875803025,1,2,1,0,0,2,0,2,2,2,0,1,1.2093996062019723,6067.4,0,kaggle
2263-SFSQZ,1,-0.43991649313097614,1,1,0.758573602322752,1,2,2,1,1,1,1,1,1,2,1,3,-1.3231790220511994,1222.25,0,kaggle
9950-MTGYX,1,-0.43991649313097614,1,1,-0.1779947632379461,1,0,2,1,1,1,1,1,1,2,1,1,-1.477726143066649,487.95,0,kaggle
3397-AVTKU,1,-0.43991649313097614,0,0,0.43281069256250915,1,0,0,0,2,0,0,0,2,2,1,2,-0.1582593249347472,2548.55,0,kaggle
4825-FUREZ,1,-0.43991649313097614,1,0,0.3920903288424788,1,0,2,1,1,1,1,1,1,2,0,2,-1.479387940066815,835.5,0,kaggle
9837-BMCLM,1,-0.43991649313097614,0,0,-1.1960038562387048,1,0,1,0,0,0,0,2,0,0,1,2,0.45660556512671835,242.05,1,kaggle
2672-OJQZP,0,-0.43991649313097614,0,0,-1.2774445836787656,1,0,0,0,0,0,0,0,0,0,0,3,-0.6651074099854147,44.75,0,kaggle
0137-UDEUO,0,-0.43991649313097614,0,0,-1.1960038562387048,1,0,2,1,1,1,1,1,1,0,0,3,-1.4926823160681442,63.75,1,kaggle
3134-DSHVC,0,-0.43991649313097614,0,0,1.247217966963116,1,2,1,2,2,2,0,2,0,2,0,1,1.1047063951915064,6218.45,0,kaggle
6161-UUUTA,1,2.273158691738958,0,0,-1.1960038562387048,1,0,1,0,0,0,0,2,0,0,1,2,0.50313588113137,260.9,1,kaggle
7821-DPRQE,1,-0.43991649313097614,1,0,1.4508197855632678,1,2,1,2,2,0,2,2,2,0,1,2,1.4270950132237343,7320.9,0,kaggle
6543-XRMYR,0,2.273158691738958,0,0,-0.0965540357978854,1,2,1,0,2,0,0,2,2,0,1,2,1.1612074931971548,2967.35,1,kaggle
2001-EWBQU,0,-0.43991649313097614,0,0,1.125056875803025,1,2,1,0,2,2,0,2,2,2,0,2,1.327387193213767,6333.8,0,kaggle
4925-LMHOK,1,-0.43991649313097614,0,0,-0.7073594915983407,1,2,0,0,2,0,2,0,0,0,1,1,-0.2047896409393986,939.7,1,kaggle
1608-GMEWB,1,2.273158691738958,0,0,0.5142514200025698,1,2,1,0,0,0,0,2,2,0,1,0,0.9684390411778845,4200.25,0,kaggle
6695-AMZUF,0,-0.43991649313097614,1,0,1.5322605130033284,1,0,0,2,2,2,2,2,2,2,0,1,0.720831288153132,5950.2,0,kaggle
1455-UGQVH,1,-0.43991649313097614,1,0,-0.9109613101984924,1,2,1,0,0,2,0,2,2,0,1,2,1.1213243651931677,1037.75,1,kaggle
8410-BGQXN,1,-0.43991649313097614,0,0,-1.1552834925186746,1,0,2,1,1,1,1,1,1,0,0,3,-1.5076384890696393,93.4,0,kaggle
8280-MQRQN,0,-0.43991649313097614,0,0,-1.2774445836787656,1,0,0,0,0,2,0,0,0,0,1,3,-0.4756625519664766,50.45,1,kaggle
1619-YWUBB,0,-0.43991649313097614,1,0,1.4508197855632678,1,2,2,1,1,1,1,1,1,2,1,1,-1.3231790220511994,1614.9,0,kaggle
7611-YKYTC,1,-0.43991649313097614,1,1,-0.4223169455581282,1,0,1,2,0,0,0,0,0,0,0,0,0.3402797751150897,1573.95,0,kaggle
2037-SGXHH,1,-0.43991649313097614,1,1,0.22920887396235737,1,2,1,0,2,2,0,2,0,0,1,2,0.9933659961803764,3624.3,1,kaggle
3178-FESZO,0,-0.43991649313097614,0,0,-1.2774445836787656,1,2,1,0,2,0,0,2,2,0,1,1,1.1794872601989819,100.25,1,kaggle
0365-GXEZS,1,-0.43991649313097614,1,0,-0.5851984004382496,1,0,1,0,0,2,2,0,0,0,0,2,0.44663478312572175,1468.75,0,kaggle
0082-OQIQY,1,-0.43991649313097614,0,0,-0.13727439951791576,1,0,1,0,0,0,2,2,2,0,1,2,0.9784098231788811,2607.6,0,kaggle
6087-MVHJH,0,-0.43991649313097614,0,0,-0.6666391278783103,1,2,1,0,0,2,0,0,2,0,1,2,0.787303168159777,1422.1,1,kaggle
4603-JANFB,1,-0.43991649313097614,0,0,-1.2774445836787656,1,0,1,0,0,0,0,0,0,0,1,2,0.16911468409797886,69.85,1,kaggle
3018-TFTSU,1,-0.43991649313097614,0,0,-0.8295205827584317,1,0,1,2,0,2,0,0,0,0,0,0,0.5629605731373504,858.6,1,kaggle
3606-SBKRY,1,-0.43991649313097614,0,0,-0.055833672077855064,0,1,0,0,0,2,0,2,2,1,1,2,-0.4889569279678058,1523.4,0,kaggle
4806-KEXQR,1,-0.43991649313097614,0,0,-1.1552834925186746,1,0,1,0,0,0,0,0,2,0,1,2,0.50313588113137,324.3,1,kaggle
0667-NSRGI,0,-0.43991649313097614,1,0,0.6364125111626608,1,2,0,0,0,2,2,0,2,1,1,3,0.15914390209698223,3435.6,0,kaggle
7083-YNSKY,0,-0.43991649313097614,0,0,-0.7073594915983407,1,2,2,1,1,1,1,1,1,0,1,1,-1.3082228490497045,399.6,1,kaggle
6893-ODYYE,1,-0.43991649313097614,0,0,0.7178532386027215,1,0,1,2,2,2,2,0,0,1,1,1,0.8421424691652587,4549.45,0,kaggle
8242-JSVBO,1,-0.43991649313097614,0,0,-1.0331224013585834,1,0,0,0,0,0,0,0,0,0,1,0,-0.6684310039857471,322.5,0,kaggle
2479-BRAMR,1,2.273158691738958,1,0,0.35136996512244845,1,2,1,2,0,2,0,0,0,0,1,0,0.6310942501441613,3273.55,1,kaggle
9541-ZPSEA,1,-0.43991649313097614,1,1,1.4508197855632678,1,0,1,2,0,2,0,0,0,2,0,1,0.5180920541328647,5375.15,0,kaggle
2665-NPTGL,0,2.273158691738958,1,0,-0.2594354906780068,1,2,1,0,0,2,0,2,2,0,1,0,1.1080299891918384,2510.7,0,kaggle
1139-WUOAH,1,-0.43991649313097614,0,0,1.002895784642934,0,1,0,0,0,2,2,2,2,2,0,1,-0.3792783259568415,3090.05,0,kaggle
4693-VWVBO,0,-0.43991649313097614,0,0,-1.1960038562387048,1,0,2,1,1,1,1,1,1,0,0,2,-1.502653098069141,61.05,0,kaggle
7434-SHXLS,0,-0.43991649313097614,0,0,-1.2774445836787656,1,0,2,1,1,1,1,1,1,0,0,3,-1.4577845790646555,20.9,1,kaggle
6937-GCDGQ,1,-0.43991649313097614,1,1,-0.5444780367182193,1,0,0,2,0,0,0,0,0,1,1,0,-0.5255164619714603,955.6,0,kaggle
0988-JRWWP,0,-0.43991649313097614,0,0,-1.1960038562387048,1,0,0,0,0,0,0,2,0,0,1,2,-0.3510277769540174,140.4,0,kaggle
5075-JSDKI,0,-0.43991649313097614,0,0,1.0843365120829946,1,2,2,1,1,1,1,1,1,2,0,2,-1.3397969920528607,1493.1,0,kaggle
7908-QCBCA,0,-0.43991649313097614,1,0,-1.2774445836787656,1,0,1,0,0,0,0,0,0,0,1,3,0.15415851109648415,69.4,1,kaggle
8644-XYTSV,1,-0.43991649313097614,1,0,0.3920903288424788,0,1,0,2,0,0,0,2,0,0,1,0,-0.8179927340006982,1626.05,0,kaggle
6711-FLDFB,0,-0.43991649313097614,0,0,-1.0331224013585834,1,2,1,0,0,0,0,0,0,0,1,2,0.33695618111475767,541.15,1,kaggle
3873-WOSBC,1,-0.43991649313097614,1,0,1.4100994218432374,1,2,2,1,1,1,1,1,1,2,0,1,-1.3015756610490399,1784.9,0,kaggle
7465-ZZRVX,1,-0.43991649313097614,0,0,-1.2774445836787656,1,0,1,0,0,0,0,0,0,0,1,2,0.1857326540996401,70.35,0,kaggle
7975-JMZNT,1,-0.43991649313097614,1,0,1.369379058123207,1,2,0,2,2,2,2,2,2,2,0,0,0.895319973170575,6075.9,0,kaggle
7251-XFOIL,0,-0.43991649313097614,0,0,1.1657772395230555,1,2,1,0,0,2,0,0,2,0,0,3,0.8122301231622688,5500.6,0,kaggle
4116-IQRFR,1,-0.43991649313097614,1,1,-1.1552834925186746,1,2,2,1,1,1,1,1,1,1,0,1,-1.3514295710540236,73.1,0,kaggle
3714-JTVOV,0,2.273158691738958,1,0,0.3920903288424788,1,0,1,2,0,0,0,0,0,0,1,1,0.31202922611226586,3229.4,1,kaggle
8259-DZLIZ,0,-0.43991649313097614,1,1,1.2879383306831464,1,2,0,0,2,0,0,0,0,1,1,0,-0.3626603559551803,3399.85,0,kaggle
0442-ZXKVS,0,2.273158691738958,1,0,0.880734693482843,1,2,1,2,2,2,2,2,2,1,1,0,1.6896589392499817,6431.05,0,kaggle
7853-WNZSY,1,-0.43991649313097614,0,0,-1.2774445836787656,1,0,2,1,1,1,1,1,1,0,1,1,-1.4960059100684764,19.75,0,kaggle
3120-FAZKD,1,-0.43991649313097614,1,1,0.880734693482843,1,2,2,1,1,1,1,1,1,2,1,0,-1.3530913680541898,1230.9,0,kaggle
8606-OEGQZ,0,-0.43991649313097614,0,1,-0.5851984004382496,1,2,2,1,1,1,1,1,1,2,0,1,-1.3115464430500368,454.65,0,kaggle
0225-ZORZP,1,-0.43991649313097614,0,0,-1.1960038562387048,1,0,1,0,2,0,0,0,2,0,0,2,0.6493740171459885,235.05,0,kaggle
4702-IOQDC,0,-0.43991649313097614,0,0,-1.2774445836787656,1,0,1,0,0,0,0,0,0,0,1,2,0.1774236690988095,70.1,1,kaggle
9489-JMTTN,0,-0.43991649313097614,1,1,1.6137012404433893,1,2,0,2,2,2,2,2,2,2,0,1,0.830509890164096,6595.9,0,kaggle
0575-CUQOV,1,2.273158691738958,1,0,1.125056875803025,1,0,1,0,2,2,0,2,2,1,1,2,1.1030445981913404,5867.0,0,kaggle
0967-BMLBD,0,-0.43991649313097614,1,1,-0.8702409464784621,1,0,2,1,1,1,1,1,1,1,1,3,-1.4876969250676457,196.35,0,kaggle
6178-KFNHS,0,-0.43991649313097614,0,1,-0.8295205827584317,1,2,1,2,0,0,0,0,0,0,1,2,0.4499583771260538,909.25,1,kaggle
2830-LEWOA,1,-0.43991649313097614,1,1,1.1657772395230555,1,0,1,0,2,2,2,2,2,1,0,1,1.300798441211109,6449.15,0,kaggle
5006-MXVRN,0,-0.43991649313097614,0,0,0.26992923768238775,1,0,2,1,1,1,1,1,1,2,0,1,-1.46443176706532,762.45,0,kaggle
1264-BYWMS,1,-0.43991649313097614,0,0,0.9214550572028734,1,2,1,0,0,0,0,2,2,0,1,2,1.0648232671875193,5283.95,1,kaggle
9658-WYUFB,0,-0.43991649313097614,0,0,-0.62591876415828,1,2,1,2,2,0,0,2,0,0,1,2,0.9850570111795457,1617.5,1,kaggle
8327-WKMIE,1,-0.43991649313097614,0,0,0.18848851024232702,1,0,2,1,1,1,1,1,1,1,0,1,-1.4827115340671475,785.75,0,kaggle
6917-FIJHC,0,-0.43991649313097614,1,0,1.6137012404433893,1,2,2,1,1,1,1,1,1,2,1,3,-1.288281285047711,1776.0,0,kaggle
5329-KRDTM,1,2.273158691738958,1,0,1.6137012404433893,1,2,0,0,2,2,2,2,0,2,0,1,0.4183842341228973,5396.25,0,kaggle
7797-EJMDP,0,-0.43991649313097614,0,0,-0.9924020376385531,1,0,0,2,0,0,2,0,2,0,0,0,0.042818112085353605,574.5,0,kaggle
3530-VWVGU,0,-0.43991649313097614,1,1,-0.4223169455581282,1,0,2,1,1,1,1,1,1,0,0,3,-1.491020519067978,400.3,0,kaggle
2013-SGDXK,0,-0.43991649313097614,0,0,-1.2774445836787656,1,0,1,0,2,0,0,2,0,0,0,2,0.6493740171459885,84.3,1,kaggle
6368-NWMCE,0,-0.43991649313097614,0,0,0.22920887396235737,1,2,0,0,2,0,2,0,2,0,0,1,0.11261358609233106,2656.3,0,kaggle
3633-CDBUW,1,-0.43991649313097614,0,1,-0.62591876415828,1,0,0,0,2,2,2,2,2,1,0,2,0.534710024134526,1445.95,0,kaggle
0707-HOVVN,0,2.273158691738958,0,0,1.5322605130033284,1,2,0,0,2,2,2,2,0,2,1,0,0.356897745116751,5212.65,0,kaggle
8580-QVLOC,0,2.273158691738958,1,1,1.6137012404433893,1,2,0,2,2,2,2,2,2,2,0,1,0.9202469281730669,6440.25,1,kaggle
3956-MGXOG,0,-0.43991649313097614,0,0,-0.1779947632379461,1,0,1,0,0,0,0,0,2,0,1,2,0.5264010391336954,2244.95,0,kaggle
9274-UARKJ,0,-0.43991649313097614,0,0,-0.7073594915983407,1,0,1,0,2,0,0,2,0,0,1,0,0.612814483142334,1130.0,0,kaggle
4077-HWUYD,1,-0.43991649313097614,1,1,1.6137012404433893,1,2,0,2,2,2,2,2,2,2,1,0,0.7573908221567865,6463.15,0,kaggle
2012-NWRPA,0,2.273158691738958,1,0,-0.8702409464784621,1,2,1,0,0,2,0,2,2,0,1,2,1.156222102196656,1131.2,1,kaggle
8808-ELEHO,1,2.273158691738958,0,0,-0.9924020376385531,1,2,1,0,0,2,0,0,0,0,1,2,0.5480044001358552,585.95,1,kaggle
0103-CSITQ,0,-0.43991649313097614,1,0,1.002895784642934,1,2,1,0,2,2,2,2,2,1,1,0,1.4835961112293827,6252.7,0,kaggle
3506-LCJDC,1,-0.43991649313097614,1,1,-1.2774445836787656,1,0,2,1,1,1,1,1,1,0,0,0,-1.4893587220678117,19.95,1,kaggle
8671-KKKOS,0,-0.43991649313097614,1,0,0.5549717837226001,0,1,0,2,2,0,0,2,0,0,0,2,-0.6385186579827569,2062.15,0,kaggle
7305-ZWMAJ,1,-0.43991649313097614,1,0,-0.0965540357978854,1,0,2,1,1,1,1,1,1,1,0,1,-1.46443176706532,587.1,0,kaggle
9518-XXBXE,1,2.273158691738958,1,0,-0.9109613101984924,1,0,1,2,0,0,0,0,0,0,0,2,0.3502505571160864,720.45,0,kaggle
3934-HXCFZ,1,-0.43991649313097614,1,0,-0.38159658183809786,1,2,1,2,2,2,0,2,0,0,1,2,1.1462513201956595,2186.4,1,kaggle
6578-KRMAW,1,-0.43991649313097614,0,0,-0.015113308357824713,1,0,1,2,2,2,0,0,2,0,1,1,0.9518210711762233,2979.3,0,kaggle
4860-IJUDE,1,-0.43991649313097614,0,0,-0.7888002190384014,1,0,1,2,0,0,0,0,0,0,1,1,0.29873485011093664,956.65,0,kaggle
7666-WKRON,0,-0.43991649313097614,0,0,0.26992923768238775,1,0,1,0,0,2,2,0,0,2,1,2,0.5214156481331973,3201.55,1,kaggle
9688-YGXVR,0,-0.43991649313097614,0,0,0.47353105628253944,1,0,1,0,2,2,0,2,0,0,1,1,0.7773323861587803,3973.2,0,kaggle
0423-UDIJQ,1,2.273158691738958,0,0,-0.9516816739185228,1,0,0,0,0,0,2,0,0,0,0,3,-0.5172074769706297,447.9,0,kaggle
1945-XISKS,0,-0.43991649313097614,1,0,1.4100994218432374,1,0,2,1,1,1,1,1,1,2,0,3,-1.4993295040688086,1335.2,0,kaggle
4910-AQFFX,1,-0.43991649313097614,1,1,-0.9516816739185228,1,2,1,0,0,2,0,0,0,0,1,0,0.48485611412954227,661.25,1,kaggle
2154-KVJFF,0,-0.43991649313097614,0,0,-0.7073594915983407,1,2,1,0,2,0,0,0,0,0,1,2,0.4981504901308714,1111.85,1,kaggle
5360-LJCNJ,0,-0.43991649313097614,1,0,1.5729808767233588,1,2,1,0,2,2,0,2,2,2,1,0,1.3423433662152622,7555.0,0,kaggle
2607-FBDFF,1,-0.43991649313097614,0,0,-1.2774445836787656,1,0,0,0,0,0,2,0,0,0,0,1,-0.5238546649712943,49.0,0,kaggle
9647-ERGBE,0,-0.43991649313097614,1,1,-0.0965540357978854,1,2,1,0,0,2,0,2,2,0,1,2,1.1728400721983174,3046.15,1,kaggle
3428-XZMAZ,1,-0.43991649313097614,0,0,-1.2774445836787656,1,0,1,0,0,0,0,0,0,0,1,2,0.15249671409631763,69.35,1,kaggle
1100-DDVRV,1,-0.43991649313097614,1,0,-0.62591876415828,0,1,0,0,2,0,0,2,2,0,1,3,-0.4972659129686364,836.35,0,kaggle
0378-TOVMS,0,-0.43991649313097614,0,0,-1.1960038562387048,1,0,1,0,0,0,2,0,2,0,0,2,0.6992279271509723,272.2,1,kaggle
4355-HBJHH,1,-0.43991649313097614,1,1,1.4100994218432374,1,2,0,2,0,2,0,2,2,2,1,2,0.4964886931307054,5293.4,1,kaggle
6728-WYQBC,1,-0.43991649313097614,0,0,-1.2774445836787656,1,0,2,1,1,1,1,1,1,0,0,0,-1.4561227820644893,20.95,0,kaggle
9058-CBREO,0,2.273158691738958,0,0,-1.2774445836787656,1,2,0,0,0,0,0,0,0,0,0,3,-0.47233895796614456,50.55,1,kaggle
9029-FEGVJ,0,2.273158691738958,1,0,-0.015113308357824713,1,2,1,0,0,2,0,0,0,0,0,3,0.4831943171293762,2570.0,0,kaggle
7216-KAOID,1,-0.43991649313097614,1,1,0.35136996512244845,1,0,2,1,1,1,1,1,1,1,0,0,-1.504314895069307,798.2,0,kaggle
0318-QUUOB,1,-0.43991649313097614,1,0,-1.2774445836787656,1,0,1,0,0,0,0,2,0,0,1,2,0.5247392421335293,80.55,1,kaggle
6145-NNPNO,0,-0.43991649313097614,0,0,-1.2774445836787656,1,0,0,0,0,0,0,0,0,0,0,0,-0.6850489739874083,44.15,0,kaggle
5520-FVEWJ,0,-0.43991649313097614,1,1,-0.8295205827584317,1,2,1,0,2,2,0,0,0,0,1,2,0.6560212051466532,916.9,1,kaggle
5339-TJFEK,1,-0.43991649313097614,1,1,1.2064976032430856,1,2,1,2,2,0,0,2,2,0,1,2,1.3539759452164248,6487.2,0,kaggle
5572-ZDXHY,0,-0.43991649313097614,0,0,-0.4223169455581282,1,0,1,0,2,0,0,0,2,0,1,3,0.6493740171459885,1855.65,1,kaggle
2074-GUHPQ,0,-0.43991649313097614,0,1,-0.62591876415828,1,2,1,0,2,2,2,0,0,0,1,1,0.9285559131738974,1556.85,0,kaggle
4625-XMOYM,0,-0.43991649313097614,1,1,1.6137012404433893,1,2,2,1,1,1,1,1,1,2,1,0,-1.2799723000468803,1988.05,0,kaggle
5827-MWCZK,1,-0.43991649313097614,1,1,0.9621754209229036,1,2,1,0,2,0,2,2,0,0,1,1,1.069808658188018,5432.2,0,kaggle
1385-TQOZW,0,-0.43991649313097614,0,0,-0.9516816739185228,1,0,2,1,1,1,1,1,1,0,1,1,-1.4727407520661506,147.55,0,kaggle
5914-XRFQB,1,-0.43991649313097614,1,0,1.6137012404433893,1,2,1,2,2,2,2,2,2,2,1,0,1.6963061272506461,8424.9,0,kaggle
4329-YPDDQ,1,-0.43991649313097614,0,0,-0.5037576729981889,1,0,1,2,2,2,2,2,2,0,1,0,1.4437129832253957,2203.7,0,kaggle
4804-NCPET,1,-0.43991649313097614,1,1,-0.5444780367182193,1,0,2,1,1,1,1,1,1,2,0,3,-1.481049737066981,387.4,0,kaggle
3750-CKVKH,1,-0.43991649313097614,0,0,-1.2367242199587352,1,0,1,0,0,0,0,0,0,0,1,2,0.09931921009100189,116.65,1,kaggle
5944-UGLLK,1,-0.43991649313097614,0,0,0.8400143297628127,0,1,0,0,0,2,2,2,2,1,0,1,-0.32776261895169184,3045.75,0,kaggle
8063-GBATB,0,2.273158691738958,0,0,-0.21871512695797646,1,2,1,0,0,0,0,0,2,0,1,2,0.6809481601491449,2287.25,1,kaggle
7787-BNTZM,1,-0.43991649313097614,0,0,-1.0738427650786138,1,0,2,1,1,1,1,1,1,0,0,0,-1.4827115340671475,130.5,0,kaggle
2252-ISRNH,1,-0.43991649313097614,1,1,-0.9516816739185228,1,2,1,0,0,2,0,2,0,1,1,2,0.8504514541660894,767.9,0,kaggle
9415-TPKRV,0,-0.43991649313097614,1,1,-0.9924020376385531,1,2,0,0,2,0,0,0,0,0,0,2,-0.2995120699488677,446.8,0,kaggle
5322-TEUJK,0,-0.43991649313097614,1,1,1.5729808767233588,1,2,1,2,2,2,2,2,2,2,0,0,1.656422999246659,8100.25,0,kaggle
4547-KQRTM,0,-0.43991649313097614,0,0,-0.9109613101984924,1,2,1,0,2,0,0,0,0,0,1,0,0.5081212721318681,830.7,1,kaggle
4877-EVATK,1,-0.43991649313097614,0,0,-1.2774445836787656,1,0,2,1,1,1,1,1,1,0,0,3,-1.4876969250676457,20.0,1,kaggle
1866-DIOQZ,0,-0.43991649313097614,1,0,1.5729808767233588,0,1,0,2,2,2,2,2,2,1,0,0,0.06774506708784545,4689.15,0,kaggle
8375-KVTHK,1,-0.43991649313097614,1,0,1.4508197855632678,1,0,1,0,2,0,2,2,2,1,1,2,1.1811490571991479,6754.35,0,kaggle
2697-NQBPF,1,-0.43991649313097614,0,0,0.06632741908223598,1,2,1,0,2,0,2,2,2,0,1,2,1.3489905542159264,3540.65,0,kaggle
3709-OIJEA,1,-0.43991649313097614,0,0,-0.2594354906780068,1,0,1,0,2,2,2,0,0,1,1,2,0.6792863631489789,2184.6,0,kaggle
7639-SUPCW,0,-0.43991649313097614,0,0,-0.4223169455581282,1,0,0,2,0,0,0,0,0,0,1,1,-0.5305018529719588,1054.6,1,kaggle
1386-ZIKUV,1,-0.43991649313097614,0,0,-1.0331224013585834,1,0,2,1,1,1,1,1,1,0,1,3,-1.5225946620711341,130.55,0,kaggle
0599-XNYDO,0,-0.43991649313097614,1,0,-0.5037576729981889,1,0,1,0,0,0,0,0,0,0,1,0,0.16745288709781284,1540.35,0,kaggle
6377-WHAOX,0,-0.43991649313097614,1,0,1.125056875803025,1,2,1,0,2,2,0,2,2,0,1,2,1.3755793062185846,6411.25,0,kaggle
6855-VLGOS,1,-0.43991649313097614,1,1,1.6137012404433893,1,0,2,1,1,1,1,1,1,2,0,2,-1.4694171580658184,1432.55,0,kaggle
8999-XXGNS,0,2.273158691738958,1,0,1.6137012404433893,1,2,1,0,2,2,0,2,2,1,1,1,1.3622849302172555,7629.85,0,kaggle
8746-OQQRW,1,-0.43991649313097614,0,0,-1.1552834925186746,1,2,2,1,1,1,1,1,1,0,0,3,-1.3132082400502028,101.9,0,kaggle
3181-MIZBN,1,-0.43991649313097614,1,1,-0.6666391278783103,1,0,2,1,1,1,1,1,1,0,0,2,-1.4960059100684764,313.4,0,kaggle
0471-ARVMX,0,2.273158691738958,1,0,1.2064976032430856,1,2,1,2,0,2,0,2,2,1,1,2,1.332372584214265,6312.9,0,kaggle
7766-CLTIC,0,-0.43991649313097614,0,0,-0.9109613101984924,1,0,0,0,0,0,2,0,2,0,1,3,-0.12668518193159078,629.55,0,kaggle
5650-YLIBA,1,-0.43991649313097614,0,0,-0.055833672077855064,1,2,1,0,2,0,0,0,0,0,1,2,0.544680806135523,2640.55,0,kaggle
0825-CPPQH,0,-0.43991649313097614,1,0,1.5729808767233588,1,0,2,1,1,1,1,1,1,2,0,1,-1.517609271070636,1372.45,0,kaggle
9084-OAYKL,1,-0.43991649313097614,0,0,1.0436161483629645,1,0,2,1,1,1,1,1,1,2,0,3,-1.461108173064988,1212.25,0,kaggle
6122-LJADA,1,-0.43991649313097614,1,1,1.5322605130033284,1,2,0,2,2,2,2,2,2,2,1,1,0.8438042661654253,6237.05,0,kaggle
2400-XIWIO,0,-0.43991649313097614,1,0,1.5729808767233588,1,2,0,2,2,2,2,2,2,2,0,2,0.8421424691652587,6310.9,0,kaggle
7524-VRLPL,1,2.273158691738958,0,0,1.4915401492832983,1,2,0,2,0,2,2,0,2,2,0,1,0.31036742911209936,5031.0,0,kaggle
1069-XAIEM,0,2.273158691738958,0,0,-1.2774445836787656,1,2,1,0,0,0,0,0,2,0,1,2,0.6743009721484804,85.05,1,kaggle
7569-NMZYQ,0,-0.43991649313097614,1,1,1.6137012404433893,1,2,1,2,2,2,2,2,2,2,1,0,1.7943521502604476,8672.45,0,kaggle
5201-USSQZ,0,-0.43991649313097614,1,0,-0.2594354906780068,1,0,1,0,0,0,2,0,2,0,0,1,0.7025515211513048,2196.45,0,kaggle
2105-PHWON,0,-0.43991649313097614,1,0,0.025607055362205634,1,2,1,0,0,2,2,0,2,0,1,1,1.0049985751815391,3008.15,0,kaggle
1494-EJZDW,0,-0.43991649313097614,1,1,-0.9109613101984924,1,0,2,1,1,1,1,1,1,2,0,3,-1.4827115340671475,220.8,0,kaggle
4884-TVUQF,0,2.273158691738958,0,0,1.002895784642934,1,2,1,2,0,2,2,0,2,2,0,1,1.2143849972024705,5779.6,0,kaggle
8003-EWNDZ,0,-0.43991649313097614,0,0,-0.9109613101984924,1,0,2,1,1,1,1,1,1,0,1,2,-1.4478137970636586,222.65,0,kaggle
1897-RCFUM,0,-0.43991649313097614,1,1,0.26992923768238775,1,2,2,1,1,1,1,1,1,1,1,3,-1.3481059770536914,914.6,0,kaggle
9256-JTBNZ,0,-0.43991649313097614,0,0,-0.8702409464784621,1,0,2,1,1,1,1,1,1,0,0,0,-1.477726143066649,246.3,0,kaggle
4658-HCOHW,0,-0.43991649313097614,1,1,-0.46303730927815856,1,0,1,0,2,2,2,2,2,0,1,2,1.2642389072074542,2110.15,1,kaggle
2211-RMNHO,0,-0.43991649313097614,1,1,1.4508197855632678,1,2,0,0,2,2,2,2,2,2,0,0,0.682609957149311,5560.0,0,kaggle
2432-TFSMK,1,-0.43991649313097614,0,0,-0.5851984004382496,1,2,1,0,0,2,0,2,0,1,1,1,0.8255244991635975,1633.0,0,kaggle
3440-JPSCL,0,-0.43991649313097614,0,0,-1.0738427650786138,1,0,1,0,0,2,2,2,2,0,1,3,1.1695164781979852,547.65,1,kaggle
4929-ROART,1,-0.43991649313097614,0,0,-0.5851984004382496,1,2,0,2,0,0,0,0,0,0,0,3,-0.28289409994720643,969.85,0,kaggle
1834-ABKHQ,0,-0.43991649313097614,1,1,0.7992939660427822,1,0,0,0,0,2,0,0,0,1,1,0,-0.4590445819648154,2610.65,0,kaggle
1741-WTPON,1,-0.43991649313097614,1,1,0.9621754209229036,1,2,1,2,2,2,2,2,2,2,0,3,1.697967924250812,6567.9,0,kaggle
3932-IJWDZ,1,-0.43991649313097614,0,0,0.5142514200025698,1,2,1,0,0,2,2,2,2,0,1,0,1.2924894562102784,4747.85,0,kaggle
1240-HCBOH,0,-0.43991649313097614,0,0,1.4100994218432374,1,2,2,1,1,1,1,1,1,2,1,3,-1.2849576910473786,1759.55,0,kaggle
3594-KADLU,1,-0.43991649313097614,1,0,-1.1960038562387048,0,1,0,2,0,0,2,0,0,0,0,3,-0.9858342310174765,101.1,0,kaggle
8065-BVEPF,1,2.273158691738958,0,0,1.3286586944031769,1,0,1,0,2,2,0,2,2,0,1,0,1.141265929195161,6496.15,0,kaggle
3796-ENZGF,1,-0.43991649313097614,1,0,1.247217966963116,1,2,0,0,2,0,2,0,2,2,0,3,0.08270124008934066,4234.15,0,kaggle
1734-ZMNTZ,0,-0.43991649313097614,1,1,-0.8702409464784621,1,2,2,1,1,1,1,1,1,2,0,3,-1.3215172250510334,300.7,0,kaggle
2853-CWQFQ,1,-0.43991649313097614,0,1,-1.2774445836787656,1,0,0,0,0,0,2,0,2,0,1,3,-0.1732154979362424,59.55,0,kaggle
0813-TAXXS,1,-0.43991649313097614,0,0,0.9214550572028734,1,2,0,0,0,2,0,2,2,2,1,0,0.43334040712439253,4323.35,0,kaggle
2519-TWKFS,1,-0.43991649313097614,1,1,-0.30015585439803716,1,2,0,0,0,0,2,0,0,1,1,3,-0.32111543095102724,1466.1,0,kaggle
2889-FPWRM,1,-0.43991649313097614,1,0,1.6137012404433893,1,2,1,2,2,2,2,2,2,1,1,0,1.7627780072572912,8684.8,1,kaggle
0626-QXNGV,0,-0.43991649313097614,1,0,1.6137012404433893,1,2,2,1,1,1,1,1,1,2,1,1,-1.3497677740538576,1776.45,0,kaggle
6723-CEGQI,0,-0.43991649313097614,0,1,1.3286586944031769,0,1,0,0,2,0,2,2,0,2,0,3,-0.6484894399837535,2933.95,0,kaggle
6987-XQSJT,0,2.273158691738958,0,0,0.880734693482843,1,2,1,0,2,0,0,0,0,0,1,2,0.4898415051300408,4370.25,1,kaggle
4732-RRJZC,1,-0.43991649313097614,1,1,-1.0331224013585834,1,0,2,1,1,1,1,1,1,0,0,3,-1.479387940066815,144.35,0,kaggle
9499-XPZXM,0,-0.43991649313097614,1,0,1.6137012404433893,1,2,0,2,2,0,2,0,0,2,0,0,-0.00038860991896550476,4804.75,0,kaggle
4338-EYCER,1,-0.43991649313097614,1,0,-0.46303730927815856,1,0,0,0,0,0,0,2,0,0,0,0,-0.33773340095268845,1125.2,0,kaggle
3007-FDPEA,0,-0.43991649313097614,0,0,-1.2367242199587352,1,0,2,1,1,1,1,1,1,0,1,0,-1.46443176706532,39.85,0,kaggle
6350-XFYGW,1,2.273158691738958,0,0,-1.1552834925186746,1,0,1,0,0,2,0,2,2,0,1,2,0.9966895901807084,422.4,0,kaggle
4290-BSXUX,1,-0.43991649313097614,1,0,-1.1960038562387048,1,2,1,0,0,0,2,0,0,0,1,0,0.4948268961305394,251.75,1,kaggle
8513-OLYGY,1,-0.43991649313097614,1,0,1.6137012404433893,1,2,1,2,2,2,2,2,2,2,0,1,1.6963061272506461,8332.15,0,kaggle
0311-QYWSS,0,-0.43991649313097614,0,0,-1.0738427650786138,1,0,0,2,0,0,0,0,0,0,1,2,-0.5088984919697991,314.6,0,kaggle
8705-DWKTI,1,-0.43991649313097614,0,0,0.7992939660427822,1,0,1,0,0,2,0,0,2,0,1,1,0.6327560471443273,4331.4,0,kaggle
8755-IWJHN,1,2.273158691738958,1,0,1.4915401492832983,1,2,1,0,2,2,0,0,2,0,1,0,1.0166311541827018,6382.0,0,kaggle
0325-XBFAC,1,-0.43991649313097614,0,0,-0.9924020376385531,1,0,1,0,0,2,0,2,2,0,1,2,0.9950277931805424,740.3,1,kaggle
4480-QQRHC,0,2.273158691738958,0,0,-0.9924020376385531,1,0,1,0,0,2,0,0,0,0,1,0,0.3087056321119333,600.15,0,kaggle
0929-PECLO,0,2.273158691738958,0,0,1.247217966963116,1,2,1,0,0,2,0,0,2,0,1,0,0.8255244991635975,5538.8,0,kaggle
3680-CTHUH,1,-0.43991649313097614,0,0,1.125056875803025,1,2,1,2,2,2,2,2,2,1,1,1,1.722894879253304,7049.5,0,kaggle
1202-KKGFU,0,-0.43991649313097614,1,0,-0.8295205827584317,1,0,0,2,0,0,2,0,0,0,0,0,-0.3510277769540174,690.5,0,kaggle
6112-KTHFQ,0,-0.43991649313097614,0,0,-0.7888002190384014,1,0,2,1,1,1,1,1,1,0,1,3,-1.5109620830699715,279.3,0,kaggle
1852-XEMDW,1,-0.43991649313097614,0,0,-0.4223169455581282,1,2,0,2,2,2,0,0,0,0,0,3,0.00958217208203114,1427.55,0,kaggle
2462-XIIJB,1,-0.43991649313097614,0,0,-1.1145631287986442,1,2,1,0,0,2,0,2,0,0,1,2,0.9219087251732329,452.7,1,kaggle
4760-XOHVN,0,-0.43991649313097614,1,1,-1.2774445836787656,1,0,2,1,1,1,1,1,1,0,0,3,-1.505976692069473,19.45,1,kaggle
1820-DJFPH,0,-0.43991649313097614,1,1,1.6137012404433893,1,2,2,1,1,1,1,1,1,2,1,0,-1.3530913680541898,1709.15,0,kaggle
9426-SXNHE,0,-0.43991649313097614,0,0,-1.2367242199587352,1,0,2,1,1,1,1,1,1,0,0,0,-1.5292418500717988,53.15,0,kaggle
9068-FHQHD,0,-0.43991649313097614,1,1,0.3106496014024181,1,0,2,1,1,1,1,1,1,2,0,0,-1.4827115340671475,777.35,0,kaggle
1269-FOYWN,1,-0.43991649313097614,1,1,0.47353105628253944,1,0,2,1,1,1,1,1,1,1,0,0,-1.4876969250676457,860.85,0,kaggle
9470-YFUYI,1,2.273158691738958,1,0,1.5729808767233588,1,0,0,2,2,0,2,2,0,1,1,0,0.2073360151017999,5012.1,0,kaggle
7817-BOQPW,0,-0.43991649313097614,0,0,-1.2367242199587352,1,2,1,0,0,0,0,0,0,0,1,2,0.358559542116917,166.3,1,kaggle
7402-EYFXX,1,2.273158691738958,0,0,-0.2594354906780068,1,2,1,0,0,0,0,2,2,0,1,2,0.9584682591768874,2404.1,0,kaggle
1853-UDXBW,1,-0.43991649313097614,1,1,-1.2774445836787656,1,0,1,0,0,0,0,0,0,0,1,2,0.17410007509847744,70.0,1,kaggle
9895-VFOXH,0,-0.43991649313097614,0,0,-1.2774445836787656,0,1,0,0,0,0,0,0,0,0,0,3,-1.341458789053027,24.4,0,kaggle
5458-CQJTA,1,-0.43991649313097614,1,1,1.3286586944031769,1,0,0,2,0,0,2,2,2,2,1,0,0.33363258711442517,4820.15,1,kaggle
1230-QAJDW,1,-0.43991649313097614,0,0,-1.1960038562387048,1,2,0,0,0,0,2,2,0,0,1,3,0.016229360082695727,209.9,0,kaggle
5701-ZIKJE,1,-0.43991649313097614,0,0,-0.7888002190384014,1,0,0,0,0,0,2,0,0,0,1,3,-0.47233895796614456,610.75,0,kaggle
5219-YIPTK,0,-0.43991649313097614,1,0,0.025607055362205634,1,2,1,0,2,2,0,2,2,0,1,2,1.3174164112127704,3409.6,1,kaggle
5032-MIYKT,0,-0.43991649313097614,0,0,-1.2774445836787656,1,0,1,0,0,0,0,0,0,0,1,3,0.19736523310080326,70.7,0,kaggle
7396-VJUZB,1,-0.43991649313097614,1,1,-1.1552834925186746,1,0,0,0,0,0,0,0,0,0,0,3,-0.6484894399837535,155.35,0,kaggle
9717-QEBGU,1,-0.43991649313097614,0,0,-1.2367242199587352,1,0,1,0,0,0,0,0,0,0,1,2,0.18407085709947407,144.0,0,kaggle
5172-RKOCB,1,-0.43991649313097614,1,0,1.6137012404433893,1,2,1,2,2,0,2,2,2,2,1,1,1.4686399382278874,7875.0,0,kaggle
6509-TSGWN,0,-0.43991649313097614,1,1,0.18848851024232702,1,2,2,1,1,1,1,1,1,0,0,3,-1.2733251120462157,911.6,0,kaggle
3540-RZJYU,0,-0.43991649313097614,0,0,-0.7073594915983407,1,0,1,2,0,0,0,2,0,0,0,2,0.7125223031523015,1270.2,1,kaggle
3178-CIFOT,0,-0.43991649313097614,0,0,-0.38159658183809786,1,0,2,1,1,1,1,1,1,1,1,1,-1.4993295040688086,478.1,0,kaggle
2091-MJTFX,0,-0.43991649313097614,1,1,-0.0965540357978854,0,1,0,0,0,0,2,2,2,0,0,1,-0.4507355969639848,1561.5,1,kaggle
4530-NDRKU,0,-0.43991649313097614,1,1,0.3920903288424788,1,0,2,1,1,1,1,1,1,1,1,2,-1.5192710680708021,761.85,0,kaggle
5985-TBABQ,0,-0.43991649313097614,0,0,-0.015113308357824713,1,2,0,2,0,0,0,2,2,1,0,3,0.3319707901142591,2282.95,0,kaggle
9800-ONTFE,0,-0.43991649313097614,1,1,-0.4223169455581282,1,2,1,0,0,0,0,0,0,0,1,0,0.36686852711774764,1615.1,0,kaggle
6743-HHQPF,1,-0.43991649313097614,1,0,0.3920903288424788,0,1,0,0,0,0,0,0,0,0,1,1,-1.3181936310507012,1097.15,0,kaggle
8455-HIRAQ,0,-0.43991649313097614,0,0,-0.9924020376385531,1,0,0,0,0,0,0,0,0,0,0,3,-0.6750781919864114,369.3,0,kaggle
6616-AALSR,0,-0.43991649313097614,1,1,1.3286586944031769,1,2,1,2,0,2,0,2,2,2,1,1,1.3140928172124378,6725.3,0,kaggle
0883-EIBTI,0,-0.43991649313097614,0,0,-1.2367242199587352,1,0,2,1,1,1,1,1,1,0,0,3,-1.504314895069307,31.55,1,kaggle
9415-ZNBSX,0,-0.43991649313097614,1,1,1.5322605130033284,1,2,0,2,2,2,2,2,2,2,1,0,0.8055829351616043,6293.2,0,kaggle
4018-KJYUY,1,-0.43991649313097614,0,1,-0.4223169455581282,1,0,2,1,1,1,1,1,1,0,0,1,-1.4827115340671475,432.5,0,kaggle
0722-TROQR,0,2.273158691738958,0,0,-1.1552834925186746,1,2,1,0,0,0,0,0,0,0,1,2,0.33695618111475767,321.75,1,kaggle
7571-YXDAD,0,-0.43991649313097614,0,0,-1.2367242199587352,1,2,1,0,0,0,0,0,0,0,0,1,0.33695618111475767,147.15,1,kaggle
3884-UEBXB,0,-0.43991649313097614,1,1,1.4100994218432374,0,1,0,2,2,0,0,0,0,2,0,0,-0.950936494013988,2434.45,0,kaggle
8780-RSYYU,0,-0.43991649313097614,0,0,-0.30015585439803716,1,0,2,1,1,1,1,1,1,0,1,1,-1.5142856770703037,532.1,0,kaggle
5537-UXXVS,0,-0.43991649313097614,1,0,-0.5037576729981889,1,0,2,1,1,1,1,1,1,0,0,0,-1.5126238800701375,375.25,0,kaggle
1791-PQHBB,0,-0.43991649313097614,0,1,-1.2367242199587352,1,0,0,2,0,0,0,0,2,0,1,1,-0.11837619693076015,125.95,0,kaggle
8701-DGLVH,1,-0.43991649313097614,0,0,0.758573602322752,1,0,2,1,1,1,1,1,1,2,0,3,-1.4727407520661506,1042.65,0,kaggle
8741-LQOBK,0,-0.43991649313097614,1,1,0.5549717837226001,0,1,0,2,2,0,0,0,0,0,0,0,-0.9874960280176428,1620.25,0,kaggle
3393-FMZPV,0,-0.43991649313097614,0,0,-0.30015585439803716,1,2,1,0,2,0,0,2,2,0,1,2,1.1794872601989819,2387.75,1,kaggle
8082-GHXOP,1,-0.43991649313097614,0,1,-0.7888002190384014,1,0,0,0,0,0,0,0,0,0,0,3,-0.6900343649879066,659.35,0,kaggle
6402-ZFPPI,0,2.273158691738958,0,0,-0.30015585439803716,1,2,1,2,2,0,0,2,2,0,1,3,1.2642389072074542,2660.2,1,kaggle
0980-FEXWF,1,-0.43991649313097614,1,1,-0.2594354906780068,1,0,0,0,0,2,0,0,0,1,0,3,-0.47898614596680894,1285.8,0,kaggle
7486-KSRVI,1,-0.43991649313097614,0,0,0.43281069256250915,1,2,1,0,0,0,2,2,2,1,1,2,1.1711782751981514,4211.55,1,kaggle
3011-WQKSZ,1,-0.43991649313097614,0,1,-0.5444780367182193,1,0,2,1,1,1,1,1,1,0,1,2,-1.4876969250676457,377.55,0,kaggle
8443-WVPSS,1,-0.43991649313097614,1,0,-0.9109613101984924,1,0,1,0,2,0,2,2,2,0,1,2,1.1661928841976528,990.9,1,kaggle
3006-XIMLN,0,-0.43991649313097614,0,1,-1.2367242199587352,1,2,1,0,0,0,0,2,2,0,1,0,0.9784098231788811,193.8,1,kaggle
8218-FFJDS,0,-0.43991649313097614,1,0,1.6137012404433893,1,2,0,2,2,0,2,2,2,2,1,0,0.719169491152966,6058.95,0,kaggle
1986-PHGZF,1,2.273158691738958,0,0,-0.5851984004382496,1,2,0,2,2,0,0,0,0,0,1,1,-0.2114368289400632,964.9,0,kaggle
9965-YOKZB,1,2.273158691738958,0,0,-0.9516816739185228,1,2,1,0,0,0,0,0,2,0,1,2,0.6344178441444933,790.15,1,kaggle
0504-HHAPI,0,2.273158691738958,0,0,-0.21871512695797646,1,2,1,0,0,2,0,0,2,0,0,1,0.7823177771592784,2467.75,1,kaggle
9360-OMDZZ,1,-0.43991649313097614,0,0,-0.3408762181180675,1,2,1,0,0,0,0,2,2,0,1,2,0.9750862291785486,2322.85,0,kaggle
6305-YLBMM,1,-0.43991649313097614,0,0,1.4915401492832983,1,0,1,0,2,2,2,2,2,1,1,0,1.3057838322116073,7262.0,1,kaggle
0345-XMMUG,0,-0.43991649313097614,1,0,0.5549717837226001,1,2,1,0,2,2,2,2,2,2,1,1,1.4669781412277214,4854.3,0,kaggle
8024-XNAFQ,0,2.273158691738958,0,0,1.6137012404433893,1,2,1,2,2,2,2,0,2,2,1,0,1.4171242312227377,7748.75,0,kaggle
3647-GMGDH,1,-0.43991649313097614,1,0,-0.4223169455581282,1,0,1,0,0,2,0,2,2,0,1,1,0.9950277931805424,1914.9,1,kaggle
2988-GBIVW,0,2.273158691738958,1,0,1.5322605130033284,1,2,1,2,0,0,0,0,2,0,1,2,0.8670694241677506,6470.1,0,kaggle
2832-SCUCO,0,-0.43991649313097614,0,0,-1.2367242199587352,1,0,2,1,1,1,1,1,1,0,0,2,-1.491020519067978,57.4,0,kaggle
7036-ZZKBD,1,-0.43991649313097614,1,0,-0.055833672077855064,1,0,0,0,0,2,2,0,2,0,1,1,0.05445069108651675,2019.8,0,kaggle
3791-LGQCY,0,2.273158691738958,1,0,0.9621754209229036,1,2,1,0,0,2,0,2,2,0,1,0,1.1927816362003112,5688.05,1,kaggle
0265-PSUAE,0,-0.43991649313097614,1,1,-0.6666391278783103,1,0,1,2,0,2,0,2,2,0,0,0,1.1944434332004772,1522.7,0,kaggle
0463-TXOAK,1,-0.43991649313097614,0,1,0.7992939660427822,1,2,2,1,1,1,1,1,1,2,0,1,-1.3015756610490399,1334.5,0,kaggle
0594-UFTUL,1,-0.43991649313097614,1,1,-0.7888002190384014,1,0,2,1,1,1,1,1,1,0,1,3,-1.4926823160681442,252.0,0,kaggle
9509-MPYOD,0,-0.43991649313097614,0,0,0.10704778280226633,1,0,2,1,1,1,1,1,1,1,0,3,-1.462769970065154,700.45,0,kaggle
9128-CPXKI,0,-0.43991649313097614,0,0,1.0843365120829946,1,0,1,0,0,2,0,2,2,2,0,2,1.0315873271841969,5655.45,0,kaggle
0129-KPTWJ,1,-0.43991649313097614,1,0,1.6137012404433893,1,0,1,0,0,2,0,2,2,0,1,2,0.9933659961803764,6747.35,0,kaggle
8166-ZZTFS,0,2.273158691738958,1,0,1.369379058123207,1,2,0,0,2,2,0,2,2,2,1,0,0.5247392421335293,5265.1,1,kaggle
5855-EIBDE,0,-0.43991649313097614,1,0,0.6771328748826912,1,2,1,2,2,2,2,0,2,2,0,1,1.392197276220246,5174.35,0,kaggle
5365-LLFYV,0,-0.43991649313097614,0,0,-1.2367242199587352,1,0,0,0,0,0,0,0,0,0,1,3,-0.62854787598176,105.6,0,kaggle
5956-YHHRX,1,2.273158691738958,0,0,-0.46303730927815856,1,2,1,0,2,2,0,2,2,0,1,2,1.3157546142126038,2271.85,0,kaggle
6008-NAIXK,1,2.273158691738958,0,0,0.880734693482843,0,1,0,0,2,2,0,2,2,1,1,2,-0.3094828519498643,2966.95,0,kaggle
2956-GGUCQ,1,2.273158691738958,1,0,-0.3408762181180675,1,2,1,2,0,0,0,0,0,0,1,2,0.46823814412788106,1772.25,1,kaggle
1928-BXYIV,1,-0.43991649313097614,0,0,-1.2774445836787656,1,2,0,2,2,0,0,0,0,0,0,2,-0.12003799393092641,61.15,0,kaggle
5760-FXFVO,1,-0.43991649313097614,0,0,-1.0738427650786138,1,0,1,2,2,0,0,0,0,0,1,2,0.47156173812821356,494.95,0,kaggle
6595-COKXZ,0,-0.43991649313097614,0,0,-1.2774445836787656,1,0,0,0,0,0,0,0,0,0,1,3,-0.6750781919864114,44.45,1,kaggle
0961-ZWLVI,1,-0.43991649313097614,0,1,0.6771328748826912,1,2,1,2,2,2,0,2,2,1,1,1,1.476948923228718,5290.45,0,kaggle
5181-OABFK,0,-0.43991649313097614,1,1,0.9621754209229036,1,0,0,2,2,2,0,0,0,2,1,1,-0.1150526029304281,3346.8,0,kaggle
4007-NHVHI,0,2.273158691738958,0,0,0.9621754209229036,1,2,1,2,2,0,0,0,2,0,1,2,1.0664850641876853,5219.65,0,kaggle
7816-VGHTO,0,-0.43991649313097614,1,1,-1.0738427650786138,0,1,0,0,2,2,2,0,0,2,0,3,-0.8046983579993692,217.5,0,kaggle
5871-DGTXZ,1,-0.43991649313097614,0,0,-0.015113308357824713,1,0,2,1,1,1,1,1,1,1,0,3,-1.4943441130683104,607.7,0,kaggle
7550-WIQVA,1,-0.43991649313097614,1,1,0.7178532386027215,1,2,1,2,2,2,0,2,2,1,1,2,1.4453747802255617,5431.4,0,kaggle
7544-ZVIKX,1,-0.43991649313097614,1,1,1.0436161483629645,1,2,1,0,0,2,2,2,2,1,1,0,1.3390197722149297,6004.85,0,kaggle
0016-QLJIS,0,-0.43991649313097614,1,1,1.3286586944031769,1,2,0,2,2,2,2,2,2,2,1,3,0.8537750481664219,5957.9,0,kaggle
7508-DQAKK,0,-0.43991649313097614,0,0,1.2879383306831464,1,2,0,2,2,2,2,2,2,2,1,1,0.719169491152966,5442.05,0,kaggle
5176-OLSKT,0,-0.43991649313097614,1,0,1.369379058123207,1,2,0,2,2,2,0,0,0,2,0,0,0.07106866108817798,4370.25,0,kaggle
9356-AXGMP,1,-0.43991649313097614,1,0,0.22920887396235737,1,2,1,2,0,2,2,2,2,1,1,2,1.5268028332337018,4428.6,0,kaggle
3556-BVQGL,0,-0.43991649313097614,1,0,-0.5037576729981889,1,0,2,1,1,1,1,1,1,1,1,3,-1.4876969250676457,416.45,0,kaggle
0362-ZBZWJ,1,-0.43991649313097614,0,0,0.14776814652229667,1,2,1,0,0,0,0,0,2,0,1,2,0.6693155811479823,3067.2,1,kaggle
8979-CAMGB,1,2.273158691738958,0,0,1.2879383306831464,1,2,1,0,0,2,2,2,2,1,0,2,1.2409737492051283,6688.1,0,kaggle
4211-MMAZN,1,-0.43991649313097614,0,0,-1.2774445836787656,1,0,2,1,1,1,1,1,1,0,0,3,-1.479387940066815,20.25,1,kaggle
7581-EBBOU,0,-0.43991649313097614,0,0,1.125056875803025,1,0,0,0,2,2,2,2,0,1,1,1,0.179085466098976,4224.7,0,kaggle
4274-OWWYO,1,-0.43991649313097614,0,0,-1.2774445836787656,1,0,1,0,2,0,0,0,0,0,1,2,0.31867641411292996,74.35,1,kaggle
5073-RZGBK,0,-0.43991649313097614,1,1,0.7178532386027215,1,2,0,2,2,2,2,0,2,1,1,0,0.5081212721318681,4042.2,0,kaggle
1541-ETJZO,1,-0.43991649313097614,0,0,-1.2774445836787656,1,2,0,0,0,2,2,0,0,0,0,3,-0.09012564792793624,62.05,1,kaggle
2192-CKRLV,0,-0.43991649313097614,1,0,1.6137012404433893,0,1,0,2,2,2,0,0,2,2,1,2,-0.5172074769706297,3580.95,0,kaggle
3154-HMWUU,1,-0.43991649313097614,1,0,1.125056875803025,1,0,2,1,1,1,1,1,1,2,1,0,-1.4710789550659844,1198.8,0,kaggle
6119-SPUDB,1,-0.43991649313097614,0,0,0.5549717837226001,0,1,0,2,0,2,2,0,0,2,0,3,-0.8811410200070108,1755.35,0,kaggle
6522-OIQSX,0,-0.43991649313097614,1,1,1.4915401492832983,0,1,0,0,2,2,0,2,2,2,1,1,-0.32610082195152557,3772.5,0,kaggle
7813-ZGGAW,1,2.273158691738958,0,0,-0.055833672077855064,1,2,1,0,0,2,2,2,0,0,1,0,1.0581760791868549,2877.95,0,kaggle
8748-HFWBO,1,-0.43991649313097614,1,1,-0.5444780367182193,1,0,2,1,1,1,1,1,1,1,0,3,-1.491020519067978,357.7,0,kaggle
1052-QJIBV,0,-0.43991649313097614,1,1,1.5729808767233588,1,0,2,1,1,1,1,1,1,2,0,1,-1.491020519067978,1397.3,0,kaggle
1319-YLZJG,1,-0.43991649313097614,1,0,-0.8295205827584317,1,0,1,2,2,2,0,0,0,0,1,2,0.6593447991469852,959.9,0,kaggle
4106-HADHQ,1,-0.43991649313097614,1,1,0.26992923768238775,1,0,0,2,0,2,2,2,2,1,0,1,0.5064594751317021,3182.95,1,kaggle
0723-FDLAY,1,-0.43991649313097614,0,0,0.47353105628253944,1,2,0,0,2,2,2,2,2,1,1,0,0.6809481601491449,3704.15,0,kaggle
3050-RLLXC,0,-0.43991649313097614,1,1,0.9621754209229036,1,2,0,2,2,2,2,2,0,2,0,1,0.5480044001358552,4620.4,0,kaggle
9298-WGMRW,0,-0.43991649313097614,1,0,1.6137012404433893,1,2,1,2,2,2,2,2,2,2,1,0,1.6863353452496495,8312.75,0,kaggle
2369-UAPKZ,1,-0.43991649313097614,0,0,-1.1145631287986442,1,2,1,0,2,2,0,2,2,0,0,3,1.3074456292117733,541.9,1,kaggle
3088-LHEFH,0,-0.43991649313097614,0,0,-0.8702409464784621,1,2,1,2,0,0,0,0,0,0,1,0,0.4732235351283796,929.3,0,kaggle
2778-OCLGR,1,2.273158691738958,1,0,-0.3408762181180675,0,1,0,2,0,0,0,0,2,0,0,0,-0.8528904710041867,971.3,1,kaggle
6583-KQJLK,0,2.273158691738958,1,0,-0.7073594915983407,1,0,1,0,2,0,0,2,2,0,1,2,0.9933659961803764,1285.05,0,kaggle
8544-JNBOX,1,-0.43991649313097614,0,0,1.6137012404433893,1,0,2,1,1,1,1,1,1,2,1,3,-1.461108173064988,1521.2,0,kaggle
6681-ZSEXG,1,-0.43991649313097614,1,0,0.9621754209229036,1,2,0,0,2,2,0,0,0,2,0,1,-0.17487729493640844,3389.25,0,kaggle
6139-ZZRBQ,1,2.273158691738958,0,0,1.2879383306831464,1,0,2,1,1,1,1,1,1,2,1,0,-1.4860351280674797,1198.05,0,kaggle
6116-RFVHN,0,-0.43991649313097614,1,0,0.06632741908223598,1,2,1,0,0,2,0,2,2,0,1,2,1.1861344481996465,3414.65,0,kaggle
0637-KVDLV,1,-0.43991649313097614,0,0,-1.2367242199587352,1,2,1,0,0,0,0,0,0,0,1,2,0.39013368512007346,162.45,1,kaggle
8884-FEEWR,1,-0.43991649313097614,0,0,0.10704778280226633,1,0,2,1,1,1,1,1,1,1,0,0,-1.4677553610656522,754.0,0,kaggle
3125-RAHBV,1,-0.43991649313097614,0,0,-0.4223169455581282,1,0,2,1,1,1,1,1,1,1,0,1,-1.477726143066649,467.15,0,kaggle
6633-MPWBS,1,-0.43991649313097614,0,0,-1.1145631287986442,1,0,0,0,0,0,2,0,0,0,1,2,-0.5172074769706297,216.9,1,kaggle
0373-AIVNJ,1,-0.43991649313097614,0,0,-0.9516816739185228,0,1,0,2,2,2,0,0,0,1,0,3,-0.8379342980026917,373.0,0,kaggle
8785-EPNCG,1,-0.43991649313097614,0,0,-0.8702409464784621,1,2,2,1,1,1,1,1,1,0,0,1,-1.38300371405718,245.2,1,kaggle
1682-VCOIO,1,-0.43991649313097614,0,0,-0.38159658183809786,1,0,2,1,1,1,1,1,1,1,0,3,-1.4727407520661506,481.1,0,kaggle
5729-KLZAR,0,-0.43991649313097614,1,1,-1.1552834925186746,1,0,1,0,0,0,0,0,2,0,0,2,0.534710024134526,302.75,1,kaggle
2072-ZVJJX,1,-0.43991649313097614,1,0,1.4508197855632678,1,2,2,1,1,1,1,1,1,2,0,0,-1.3132082400502028,1728.2,0,kaggle
8849-AYPTR,1,-0.43991649313097614,1,0,0.025607055362205634,1,0,1,0,0,0,0,2,2,0,0,2,0.8803638001690798,2964.05,0,kaggle
9518-IMLHK,1,-0.43991649313097614,0,0,-0.055833672077855064,1,0,0,2,2,2,2,2,0,0,1,0,0.25552812810661757,2156.25,0,kaggle
1582-RAFML,1,-0.43991649313097614,0,0,-1.2774445836787656,1,2,0,0,2,0,2,0,0,0,0,3,-0.1549357309344149,60.1,1,kaggle
3646-ITDGM,0,-0.43991649313097614,0,0,0.9621754209229036,1,0,2,1,1,1,1,1,1,2,0,0,-1.4976677070686424,1051.9,0,kaggle
8740-CRYFY,1,-0.43991649313097614,0,0,-1.2774445836787656,1,0,1,0,0,0,0,2,0,0,1,2,0.47156173812821356,78.95,1,kaggle
3569-VLDHH,1,-0.43991649313097614,1,1,1.369379058123207,1,0,0,2,2,2,2,2,0,1,1,2,0.3436033691154218,5013.0,0,kaggle
8224-KDLKN,1,-0.43991649313097614,1,1,1.6137012404433893,1,2,2,1,1,1,1,1,1,2,0,0,-1.3215172250510334,1738.9,0,kaggle
7594-LZNWR,1,2.273158691738958,0,0,0.06632741908223598,1,0,1,0,0,0,0,0,0,0,0,1,0.14584952609565352,2275.1,0,kaggle
4001-TSBTV,0,-0.43991649313097614,1,1,1.0436161483629645,1,0,1,0,2,2,0,2,0,0,1,2,0.8903345821700764,5511.65,0,kaggle
2962-XPMCQ,1,-0.43991649313097614,0,0,-1.2367242199587352,1,0,0,0,0,0,0,0,0,0,1,2,-0.6518130339840859,98.5,1,kaggle
8727-XDPUD,1,-0.43991649313097614,0,0,0.18848851024232702,0,1,0,0,0,0,0,2,0,2,0,1,-0.9625690730151509,1316.9,0,kaggle
1043-UXOVO,0,-0.43991649313097614,0,0,1.5729808767233588,1,2,1,2,2,2,2,2,2,2,1,1,1.608230886241842,7993.3,0,kaggle
1064-FBXNK,1,-0.43991649313097614,1,1,-1.2774445836787656,1,0,2,1,1,1,1,1,1,1,0,1,-1.4926823160681442,19.85,0,kaggle
3996-ZNWYK,1,2.273158691738958,1,1,1.5729808767233588,1,0,2,1,1,1,1,1,1,2,0,1,-1.4943441130683104,1388.45,0,kaggle
2878-DHMIN,1,-0.43991649313097614,1,1,0.10704778280226633,1,0,2,1,1,1,1,1,1,1,0,2,-1.491020519067978,666.0,0,kaggle
7762-ONLJY,0,-0.43991649313097614,1,1,-1.0738427650786138,1,0,2,1,1,1,1,1,1,1,0,3,-1.4976677070686424,94.45,0,kaggle
1678-FYZOW,0,-0.43991649313097614,0,0,-1.1960038562387048,1,0,1,0,0,0,0,2,0,0,1,2,0.48651791112970877,244.65,1,kaggle
5795-BKOYE,0,-0.43991649313097614,1,1,1.4915401492832983,1,0,0,0,2,2,2,0,0,1,0,0,-0.18817167093773737,4134.7,0,kaggle
8627-EHGIP,1,-0.43991649313097614,0,0,0.47353105628253944,0,1,0,0,2,2,0,2,2,1,1,3,-0.35933676195484804,2375.4,1,kaggle
7402-PWYJJ,0,-0.43991649313097614,1,0,0.8400143297628127,1,2,1,0,0,0,2,0,2,1,1,2,0.8770402061687477,4862.5,0,kaggle
5480-TBGPH,0,-0.43991649313097614,1,0,-0.3408762181180675,1,0,1,0,2,2,0,2,2,0,1,1,1.1479131171958254,2431.35,1,kaggle
0018-NYROU,0,-0.43991649313097614,1,0,-1.1145631287986442,1,0,1,0,0,0,0,0,0,0,1,2,0.13920233809498894,351.5,0,kaggle
7501-VTYLJ,0,-0.43991649313097614,0,1,-1.2367242199587352,1,0,0,0,2,0,0,0,0,0,0,3,-0.43910301796282214,106.2,0,kaggle
7608-RGIRO,1,-0.43991649313097614,0,1,1.2064976032430856,1,2,2,1,1,1,1,1,1,2,1,3,-1.341458789053027,1413.0,0,kaggle
0480-BIXDE,0,-0.43991649313097614,1,0,-0.5444780367182193,1,0,1,0,0,2,0,2,2,0,1,2,1.0648232671875193,1743.05,0,kaggle
5895-QSXOD,1,-0.43991649313097614,0,0,-0.9516816739185228,1,0,1,0,0,0,0,0,0,0,0,3,0.17576187209864347,657.5,0,kaggle
9814-AOUDH,1,-0.43991649313097614,0,0,0.8400143297628127,1,0,2,1,1,1,1,1,1,2,0,1,-1.504314895069307,1050.5,0,kaggle
6175-IRFIT,1,-0.43991649313097614,0,0,-1.1145631287986442,1,0,1,0,0,0,0,0,2,0,0,3,0.464914550127549,426.35,0,kaggle
8760-ZRHKE,0,2.273158691738958,1,1,1.5729808767233588,1,2,0,2,2,0,0,2,0,1,0,2,0.14751132309581955,4982.5,0,kaggle
1622-HSHSF,0,-0.43991649313097614,0,0,-1.2774445836787656,1,0,2,1,1,1,1,1,1,0,1,3,-1.502653098069141,19.55,0,kaggle
8854-CCVSQ,1,-0.43991649313097614,0,0,-0.5851984004382496,1,2,1,0,2,0,0,0,0,0,1,2,0.5280628361338618,1451.9,1,kaggle
6749-UTDVX,1,-0.43991649313097614,0,0,1.6137012404433893,1,2,1,0,2,2,0,2,2,2,1,2,1.2924894562102784,7634.8,0,kaggle
5542-DHSXL,0,-0.43991649313097614,1,0,-1.1552834925186746,1,0,0,2,2,0,0,0,0,0,0,3,-0.33440980695235617,235.05,0,kaggle
9102-OXKFY,1,-0.43991649313097614,0,0,1.0843365120829946,1,2,0,0,0,2,0,0,0,2,0,1,-0.35268957395418365,3116.15,0,kaggle
0511-JTEOY,0,-0.43991649313097614,0,0,-1.2774445836787656,1,0,1,0,0,0,0,0,0,0,0,3,0.21065960910213194,71.1,1,kaggle
5216-WASFJ,0,2.273158691738958,1,0,-0.055833672077855064,1,2,1,0,0,0,0,0,2,0,1,2,0.6676537841478158,2633.4,0,kaggle
7808-DVWEP,1,-0.43991649313097614,1,0,-1.1960038562387048,1,0,2,1,1,1,1,1,1,0,0,0,-1.4876969250676457,49.65,0,kaggle
7067-KSAZT,0,2.273158691738958,1,0,1.3286586944031769,1,2,1,0,2,2,0,2,2,1,1,2,1.3789029002189168,6979.8,1,kaggle
2284-VFLKH,1,-0.43991649313097614,1,0,0.6771328748826912,1,0,1,0,0,2,2,2,2,1,1,1,1.1462513201956595,4920.8,0,kaggle
0366-NQSHS,1,-0.43991649313097614,0,0,-1.2367242199587352,1,0,2,1,1,1,1,1,1,0,0,3,-1.5093002860698053,46.35,0,kaggle
6532-YLWSI,0,-0.43991649313097614,1,0,0.8400143297628127,1,0,2,1,1,1,1,1,1,1,0,0,-1.461108173064988,1021.8,1,kaggle
3807-BPOMJ,0,-0.43991649313097614,1,0,0.9214550572028734,1,0,1,2,0,0,0,2,2,1,1,2,0.9966895901807084,5276.1,0,kaggle
3892-NXAZG,1,-0.43991649313097614,1,1,1.6137012404433893,1,2,1,2,2,2,2,2,2,2,1,1,1.638143232244832,8289.2,0,kaggle
4948-WBBKL,0,2.273158691738958,0,0,0.14776814652229667,1,2,1,0,0,0,0,0,0,0,1,0,0.33695618111475767,2659.45,0,kaggle
4182-BGSIQ,0,-0.43991649313097614,1,1,-0.9109613101984924,1,0,2,1,1,1,1,1,1,0,1,0,-1.4943441130683104,196.75,0,kaggle
9300-AGZNL,1,2.273158691738958,0,0,-1.2774445836787656,1,2,1,0,0,0,0,2,2,0,1,2,0.9717626351782166,94.0,1,kaggle
0988-AADSA,0,-0.43991649313097614,1,1,1.6137012404433893,1,2,0,2,2,2,2,0,2,2,0,0,0.534710024134526,5824.75,0,kaggle
9972-NKTFD,0,-0.43991649313097614,0,0,-0.1779947632379461,1,0,0,0,2,0,2,0,0,0,0,0,-0.33607160395252245,1517.5,0,kaggle
3717-LNXKW,1,-0.43991649313097614,1,0,0.22920887396235737,1,2,1,2,0,0,0,2,0,0,0,0,0.895319973170575,3479.05,0,kaggle
5734-EJKXG,0,-0.43991649313097614,0,0,1.1657772395230555,1,2,1,2,2,2,2,2,2,1,1,2,1.789366759259949,7365.7,0,kaggle
2207-RYYRL,1,-0.43991649313097614,1,1,0.7992939660427822,1,2,2,1,1,1,1,1,1,2,0,3,-1.3364733980525287,1331.05,0,kaggle
6729-FZWSY,1,-0.43991649313097614,0,0,1.4100994218432374,1,0,2,1,1,1,1,1,1,1,1,3,-1.505976692069473,1195.95,0,kaggle
9695-IDRZR,0,-0.43991649313097614,0,1,0.06632741908223598,1,2,1,2,2,2,2,2,2,2,1,1,1.7079387062518092,3946.9,0,kaggle
8144-DGHXP,0,-0.43991649313097614,0,0,0.880734693482843,1,0,0,2,0,2,2,2,2,2,0,2,0.5264010391336954,4299.95,0,kaggle
7814-LEEVE,0,-0.43991649313097614,1,0,-1.2774445836787656,1,0,2,1,1,1,1,1,1,0,1,0,-1.477726143066649,20.3,0,kaggle
1112-CUNAO,0,2.273158691738958,0,0,-0.7073594915983407,1,2,1,0,2,0,0,0,2,0,0,2,0.8338334841644282,1424.95,1,kaggle
5175-AOBHI,0,-0.43991649313097614,0,0,-1.1552834925186746,1,0,0,0,0,0,0,0,0,0,1,3,-0.6235624849812617,193.6,1,kaggle
5174-RNGBH,0,-0.43991649313097614,0,0,-0.9516816739185228,1,0,0,0,2,0,2,2,0,0,0,3,0.04946530008601819,620.55,1,kaggle
8631-WUXGY,0,-0.43991649313097614,0,1,0.5549717837226001,1,0,1,0,2,2,0,2,2,0,1,2,1.1645310871974868,4391.25,0,kaggle
7270-BDIOA,0,-0.43991649313097614,0,0,-0.4223169455581282,1,2,1,0,0,0,2,2,0,0,1,2,0.8388188751649267,1993.8,1,kaggle
9565-JSNFM,1,-0.43991649313097614,0,0,0.22920887396235737,1,0,1,0,0,0,0,0,0,1,1,0,0.18905624809997262,2597.6,1,kaggle
5906-DVAPM,0,-0.43991649313097614,1,1,0.9214550572028734,1,2,0,2,2,0,2,2,0,1,1,1,0.3402797751150897,4213.9,0,kaggle
6654-QGBZZ,0,-0.43991649313097614,0,0,-1.2774445836787656,1,0,2,1,1,1,1,1,1,0,0,3,-1.491020519067978,19.9,0,kaggle
8348-JLBUG,1,2.273158691738958,1,0,1.2879383306831464,1,0,1,2,0,2,0,0,0,1,0,1,0.5164302571326987,5017.7,0,kaggle
0607-DAAHE,1,-0.43991649313097614,0,1,0.8400143297628127,1,0,2,1,1,1,1,1,1,2,0,0,-1.4960059100684764,1052.35,1,kaggle
5641-DMBFJ,0,-0.43991649313097614,1,0,1.0436161483629645,1,2,0,2,0,2,2,2,2,2,1,2,0.6493740171459885,4916.4,0,kaggle
9200-NLNPD,1,-0.43991649313097614,1,0,0.9621754209229036,0,1,0,0,0,2,2,2,2,1,1,0,-0.35601316795451593,2959.8,0,kaggle
2664-XJZNO,1,-0.43991649313097614,1,1,1.6137012404433893,1,0,1,2,0,2,2,2,2,2,1,1,1.3340343812144315,7559.55,0,kaggle
9732-KPKBW,1,-0.43991649313097614,0,0,-1.2774445836787656,1,0,0,2,0,0,2,0,0,0,1,2,-0.35933676195484804,53.95,1,kaggle
3339-EAQNV,1,2.273158691738958,1,0,1.6137012404433893,1,2,1,0,2,0,0,2,2,1,1,1,1.0797794401890146,7133.1,0,kaggle
0921-OHLVP,1,-0.43991649313097614,0,0,-0.4223169455581282,1,2,1,0,0,0,0,0,2,0,0,2,0.6078290921418354,1799.3,0,kaggle
3389-YGYAI,0,2.273158691738958,0,0,-0.9924020376385531,1,2,1,0,2,2,0,2,2,0,1,2,1.3539759452164248,829.55,1,kaggle
9560-ARGQJ,0,-0.43991649313097614,0,1,-0.6666391278783103,1,0,1,0,0,0,0,2,0,0,1,2,0.5396954151350245,1312.15,1,kaggle
8350-NYMVI,0,-0.43991649313097614,0,0,0.26992923768238775,0,1,0,0,2,2,2,0,0,0,0,0,-0.7864185909975417,1597.05,0,kaggle
1600-DILPE,0,-0.43991649313097614,0,0,-0.8295205827584317,1,0,0,0,0,0,0,0,0,0,1,0,-0.6567984249845842,524.35,0,kaggle
0536-ESJEP,1,-0.43991649313097614,1,0,0.880734693482843,1,0,0,2,2,0,0,2,2,2,1,0,0.32532360211359457,4191.45,0,kaggle
4654-GGUII,0,-0.43991649313097614,0,0,-0.5851984004382496,0,1,0,2,2,0,2,0,0,1,1,3,-0.8163309370005319,711.95,0,kaggle
6478-HRRCZ,1,-0.43991649313097614,1,0,-0.015113308357824713,1,0,0,2,2,0,2,0,2,1,0,3,0.19071804510013865,2201.75,0,kaggle
8510-BBWMU,0,-0.43991649313097614,0,0,0.35136996512244845,1,0,2,1,1,1,1,1,1,1,1,3,-1.4960059100684764,806.95,0,kaggle
6857-TKDJV,1,-0.43991649313097614,1,1,1.4100994218432374,1,2,2,1,1,1,1,1,1,2,0,0,-1.3331498040521963,1620.45,0,kaggle
2360-RDGRO,1,-0.43991649313097614,1,0,1.3286586944031769,1,2,1,2,0,2,0,2,2,0,1,2,1.3124310202122718,6812.95,0,kaggle
0584-BJQGZ,0,-0.43991649313097614,0,0,-0.30015585439803716,1,2,0,2,2,2,2,2,0,0,1,0,0.4516201741262198,1837.9,0,kaggle
5134-IKDAY,0,-0.43991649313097614,1,1,-1.2774445836787656,1,0,1,0,0,0,0,0,0,0,1,2,0.16745288709781284,69.8,1,kaggle
1360-XFJMR,0,-0.43991649313097614,1,0,1.4100994218432374,1,2,1,0,2,2,2,2,2,1,1,1,1.4935668932303794,7344.45,0,kaggle
3070-DVEYC,1,2.273158691738958,0,0,-1.0331224013585834,1,2,1,0,0,0,0,0,0,0,0,3,0.29873485011093664,545.15,1,kaggle
5730-RIITO,0,2.273158691738958,0,0,0.43281069256250915,0,1,0,2,2,0,0,0,0,0,1,1,-1.0406735320229585,1500.25,0,kaggle
9058-MJLZC,0,-0.43991649313097614,0,0,-0.3408762181180675,1,0,1,2,0,0,0,2,2,0,1,2,0.9917041991802098,2283.15,0,kaggle
5707-ORNDZ,1,2.273158691738958,0,0,-0.9516816739185228,1,2,0,2,0,0,0,0,0,0,0,2,-0.3393951979528547,494.05,1,kaggle
0902-XKXPN,1,-0.43991649313097614,1,1,1.4915401492832983,1,0,2,1,1,1,1,1,1,2,0,0,-1.481049737066981,1376.5,0,kaggle
5177-RVZNU,0,-0.43991649313097614,0,1,0.18848851024232702,1,0,2,1,1,1,1,1,1,1,0,0,-1.477726143066649,755.4,0,kaggle
0056-EPFBG,1,-0.43991649313097614,1,1,-0.5037576729981889,0,1,0,2,0,2,2,0,0,2,1,1,-0.84291968900319,825.4,0,kaggle
8993-IZEUX,1,-0.43991649313097614,0,0,-1.0331224013585834,1,0,1,0,0,0,0,0,0,0,0,0,0.14584952609565352,488.65,0,kaggle
8696-JKZNU,0,2.273158691738958,0,0,0.18848851024232702,1,2,1,0,0,0,0,0,0,0,1,2,0.3818247001192428,2841.55,1,kaggle
5380-AFSSK,0,-0.43991649313097614,0,0,-1.1145631287986442,1,2,1,0,0,0,0,2,2,0,1,3,0.9684390411778845,486.85,1,kaggle
8190-ZTQFB,1,-0.43991649313097614,0,0,0.35136996512244845,0,1,0,0,0,2,0,2,2,1,1,2,-0.44575020596348647,2075.1,0,kaggle
0931-MHTEM,0,-0.43991649313097614,0,0,0.880734693482843,1,0,1,2,2,0,0,2,2,1,1,1,1.1728400721983174,5299.65,0,kaggle
2055-PDADH,0,2.273158691738958,0,0,-1.1960038562387048,1,0,1,0,0,0,0,0,0,0,1,2,0.1873944510998066,204.7,1,kaggle
7515-LODFU,1,2.273158691738958,0,0,1.4915401492832983,1,0,2,1,1,1,1,1,1,2,0,1,-1.477726143066649,1356.3,0,kaggle
0440-UEDAI,0,-0.43991649313097614,0,0,0.8400143297628127,1,0,1,0,2,2,2,0,2,1,1,1,0.9867188081797118,5042.75,0,kaggle
1337-BOZWO,1,-0.43991649313097614,1,1,-0.5851984004382496,0,1,0,0,2,2,0,2,0,1,0,1,-0.6102681089799328,812.4,0,kaggle
0868-VJRDR,1,-0.43991649313097614,1,0,1.2879383306831464,1,0,1,2,2,0,2,2,2,2,1,1,1.3057838322116073,6605.55,0,kaggle
8714-EUHJO,0,-0.43991649313097614,1,1,-0.055833672077855064,1,2,1,0,2,0,0,0,2,0,1,2,0.8770402061687477,2995.45,1,kaggle
6344-SFJVH,0,-0.43991649313097614,0,0,-0.5037576729981889,0,1,0,0,0,0,0,0,0,0,0,1,-1.3248408190513656,505.95,0,kaggle
3950-VPYJB,1,-0.43991649313097614,1,1,1.002895784642934,1,0,0,2,2,0,2,0,0,1,0,3,-0.17155370093607614,3509.4,0,kaggle
8041-TMEID,1,2.273158691738958,1,0,1.247217966963116,1,2,1,2,2,2,0,2,2,2,0,1,1.4536837652263923,6991.9,0,kaggle
7321-ZNSLA,1,-0.43991649313097614,1,1,-0.7888002190384014,0,1,0,2,2,0,2,0,0,2,0,3,-0.8046983579993692,590.35,0,kaggle
6941-KXRRV,0,2.273158691738958,1,0,0.6364125111626608,1,0,0,0,2,0,0,0,2,1,1,0,-0.1931570619382357,2789.7,0,kaggle
3721-CNEYS,0,-0.43991649313097614,0,0,-1.2367242199587352,1,0,1,0,0,0,0,0,0,0,1,2,0.20567421810163386,137.95,1,kaggle
8727-JQFHV,1,-0.43991649313097614,1,1,1.002895784642934,1,0,2,1,1,1,1,1,1,2,0,3,-1.462769970065154,1123.15,0,kaggle
9475-NNDGC,1,-0.43991649313097614,1,0,1.5729808767233588,1,2,1,0,2,2,2,2,2,1,1,0,1.608230886241842,7953.25,0,kaggle
1355-KUSBG,0,-0.43991649313097614,1,1,-1.0331224013585834,1,2,0,0,0,0,0,0,0,0,0,2,-0.5305018529719588,349.8,0,kaggle
3688-FTHLT,0,-0.43991649313097614,0,0,-0.6666391278783103,1,2,0,0,0,0,0,0,2,0,1,0,-0.056889707924613786,1067.05,0,kaggle
0899-LIIBW,1,-0.43991649313097614,1,0,0.06632741908223598,1,2,1,0,0,2,0,2,2,0,0,2,1.1994288242009752,3527.3,0,kaggle
2568-OIADY,0,-0.43991649313097614,1,0,0.18848851024232702,1,2,1,0,0,2,0,2,2,0,1,2,1.15456030519649,3762.0,1,kaggle
1384-RCUXW,1,-0.43991649313097614,0,0,-0.6666391278783103,1,2,1,0,2,0,0,0,0,0,1,3,0.5247392421335293,1248.9,0,kaggle
5825-XJOCM,1,-0.43991649313097614,0,1,0.6364125111626608,1,2,0,2,2,2,0,0,0,1,1,0,-0.012021188920128179,3035.35,0,kaggle
6848-YLDFR,1,-0.43991649313097614,1,1,1.0436161483629645,1,0,0,0,2,0,2,2,2,1,1,1,0.3469269631157543,4300.8,0,kaggle
8125-QPFJD,0,-0.43991649313097614,1,0,1.6137012404433893,1,2,0,2,0,2,2,2,2,2,1,0,0.6693155811479823,6065.3,0,kaggle
2320-YKQBO,0,-0.43991649313097614,0,0,-1.0331224013585834,1,0,2,1,1,1,1,1,1,0,0,3,-1.5109620830699715,144.95,0,kaggle
1193-RTSLK,0,-0.43991649313097614,0,0,0.22920887396235737,1,0,1,2,2,2,0,0,0,0,1,1,0.6360796411446599,3233.6,1,kaggle
2302-ANTDP,0,2.273158691738958,1,0,0.6364125111626608,1,2,1,2,2,2,2,2,2,0,0,2,1.7511454282561285,5438.9,1,kaggle
5923-GXUOC,1,-0.43991649313097614,0,0,-0.9109613101984924,1,0,1,2,2,2,0,2,2,0,1,2,1.3174164112127704,1081.45,1,kaggle
4973-RLZVI,0,-0.43991649313097614,0,0,-0.0965540357978854,1,0,0,2,2,2,2,2,0,1,0,1,0.32864719611392706,2308.6,0,kaggle
7869-ZYDST,1,-0.43991649313097614,1,0,-0.055833672077855064,1,2,0,0,0,0,0,2,0,0,1,1,-0.18983346793790365,1882.8,0,kaggle
4501-UYKBC,0,2.273158691738958,0,0,0.5549717837226001,1,2,0,0,0,2,2,0,2,1,1,1,0.14418772909548702,3255.35,0,kaggle
1215-EXRMO,1,-0.43991649313097614,1,0,0.7178532386027215,1,0,2,1,1,1,1,1,1,2,0,3,-1.4694171580658184,1067.65,0,kaggle
2305-MRGLV,1,-0.43991649313097614,1,0,-0.1779947632379461,1,0,1,0,0,0,2,0,0,0,0,0,0.39179548212023946,2065.4,0,kaggle
8404-VIOMB,0,-0.43991649313097614,0,0,1.369379058123207,0,1,0,2,2,2,2,2,2,2,1,0,-0.07516947492644105,4136.4,0,kaggle
5233-GEEAX,1,2.273158691738958,0,0,-0.9924020376385531,0,1,0,0,0,2,0,0,0,0,1,2,-1.1752790890364146,221.9,1,kaggle
2359-KLTEK,0,-0.43991649313097614,1,1,0.35136996512244845,1,0,1,0,0,2,0,2,2,0,1,0,1.001674981181207,3848.0,0,kaggle
5304-EFJLP,1,2.273158691738958,1,0,1.6137012404433893,1,2,1,0,2,2,2,2,2,2,1,0,1.5583769762368582,8022.85,0,kaggle
2673-ZALNP,0,-0.43991649313097614,0,0,-1.0331224013585834,1,0,2,1,1,1,1,1,1,1,0,3,-1.491020519067978,173.15,0,kaggle
9184-GALIL,0,-0.43991649313097614,1,1,0.22920887396235737,1,0,2,1,1,1,1,1,1,0,0,3,-1.4727407520661506,781.25,0,kaggle
4393-RYCRE,1,-0.43991649313097614,0,0,0.47353105628253944,1,0,1,2,2,2,0,2,2,1,1,2,1.3722557122182522,4510.8,0,kaggle
9746-MDMBK,1,-0.43991649313097614,1,1,0.5956921474426305,1,2,1,2,2,2,2,2,2,1,1,0,1.6182016682428386,5317.8,0,kaggle
3162-ZJZFU,1,-0.43991649313097614,1,1,0.8400143297628127,1,0,1,0,2,0,2,2,0,0,1,2,0.9235705221733989,4779.45,0,kaggle
8404-GFGCZ,1,-0.43991649313097614,1,0,-1.1552834925186746,1,2,0,0,0,2,0,2,0,0,0,2,0.0278619390838584,250.1,0,kaggle
8875-AKBYH,1,2.273158691738958,0,0,-0.5037576729981889,1,2,1,0,0,0,0,2,0,0,1,2,0.6510358141461546,1745.2,0,kaggle
4432-ADRLB,1,-0.43991649313097614,0,0,-1.2367242199587352,1,0,0,0,0,0,0,0,0,0,0,3,-0.6684310039857471,74.9,1,kaggle
0533-UCAAU,1,2.273158691738958,1,0,1.002895784642934,1,2,0,0,2,2,0,2,0,1,1,1,0.21065960910213194,4140.1,0,kaggle
1394-SUIUH,0,2.273158691738958,1,0,0.47353105628253944,1,0,1,2,2,0,2,0,0,0,1,2,0.677624566148813,3670.5,0,kaggle
3521-MNKLV,1,-0.43991649313097614,0,0,-0.3408762181180675,1,0,0,0,0,2,0,0,0,0,1,3,-0.5005895069689685,1167.8,0,kaggle
2533-TIBIX,1,-0.43991649313097614,1,1,-0.7073594915983407,0,1,0,2,0,0,0,0,0,0,1,0,-1.1486903370337564,469.65,0,kaggle
8993-PHFWD,0,-0.43991649313097614,0,0,-1.1960038562387048,0,1,0,0,0,0,0,0,0,0,0,2,-1.3132082400502028,58.9,1,kaggle
1565-RHDJD,0,-0.43991649313097614,0,1,-1.1552834925186746,1,2,1,0,2,2,0,0,0,0,0,0,0.641065032145158,333.55,1,kaggle
7137-RYLPP,1,2.273158691738958,1,0,0.18848851024232702,1,2,1,0,0,0,0,2,0,0,1,2,0.6959043331506402,3171.15,1,kaggle
3765-JXVKY,0,-0.43991649313097614,0,0,-1.2774445836787656,1,0,1,0,2,0,0,0,0,0,1,2,0.3303089931140931,74.7,1,kaggle
5092-STPKP,0,-0.43991649313097614,0,0,-0.3408762181180675,1,0,0,2,0,0,2,0,0,0,0,1,-0.27957050594687416,1381.2,0,kaggle
7330-WZLNC,0,-0.43991649313097614,0,0,-1.1145631287986442,1,2,1,0,2,0,0,2,0,0,1,2,0.8654076271675846,455.5,1,kaggle
0114-PEGZZ,0,-0.43991649313097614,0,0,0.025607055362205634,1,2,1,0,2,2,0,2,2,0,0,2,1.422109622223236,3645.5,0,kaggle
3359-DSRKA,0,-0.43991649313097614,1,1,1.0436161483629645,1,0,2,1,1,1,1,1,1,2,1,3,-1.4926823160681442,1158.85,0,kaggle
8639-NHQEI,0,-0.43991649313097614,1,1,1.6137012404433893,1,2,1,2,2,0,0,2,0,2,1,0,1.0349109211845293,6954.15,0,kaggle
7161-DFHUF,0,-0.43991649313097614,1,0,1.5729808767233588,1,2,2,1,1,1,1,1,1,2,0,3,-1.3597385560548543,1672.1,0,kaggle
3957-LXOLK,0,2.273158691738958,0,0,-0.1779947632379461,1,2,1,0,2,2,0,2,2,0,1,2,1.3755793062185846,3152.5,1,kaggle
3720-DBRWL,1,-0.43991649313097614,1,0,0.758573602322752,1,0,0,2,2,2,2,2,2,2,1,1,0.6344178441444933,4307.1,0,kaggle
6635-MYYYZ,0,-0.43991649313097614,0,0,-0.0965540357978854,1,0,0,2,2,2,2,2,2,1,0,0,0.684271754149477,2530.4,1,kaggle
8565-WUXZU,1,2.273158691738958,1,0,1.6137012404433893,1,0,1,2,2,0,2,0,0,2,1,1,0.6659919871476498,6141.65,0,kaggle
5281-BUZGT,1,2.273158691738958,0,0,0.14776814652229667,1,2,1,2,0,0,0,2,0,0,1,2,0.8670694241677506,3186.7,1,kaggle
4994-OBRSZ,1,-0.43991649313097614,0,1,-0.748079855318371,1,0,0,2,2,2,2,0,2,2,0,0,0.37683930911874425,1054.8,0,kaggle
0562-FGDCR,0,-0.43991649313097614,1,1,1.6137012404433893,1,2,0,2,2,0,2,2,0,2,0,3,0.32532360211359457,5430.65,0,kaggle
2436-QBZFP,0,-0.43991649313097614,1,1,-0.4223169455581282,0,1,0,0,2,0,0,2,0,0,0,2,-0.8495668770038544,849.9,0,kaggle
3420-YJLQT,0,-0.43991649313097614,0,0,-1.2367242199587352,1,2,1,0,2,0,0,0,0,0,0,2,0.4915033021302069,151.75,0,kaggle
6040-CGACY,0,-0.43991649313097614,0,0,-0.7073594915983407,1,0,2,1,1,1,1,1,1,0,0,3,-1.5009913010689746,299.4,0,kaggle
6582-PLFUU,1,-0.43991649313097614,1,1,0.758573602322752,1,0,2,1,1,1,1,1,1,2,0,1,-1.502653098069141,1086.75,0,kaggle
8242-PDSGJ,1,-0.43991649313097614,1,0,1.5322605130033284,0,1,0,2,0,2,2,0,0,2,1,1,-0.8512286740040206,2692.75,0,kaggle
0264-CNITK,0,-0.43991649313097614,1,1,1.5729808767233588,1,0,2,1,1,1,1,1,1,2,0,0,-1.4843733310673135,1389.6,0,kaggle
0089-IIQKO,0,-0.43991649313097614,1,1,0.26992923768238775,1,2,1,0,0,0,2,2,2,0,1,1,1.1695164781979852,3767.4,0,kaggle
7839-NUIAA,0,-0.43991649313097614,1,1,1.1657772395230555,1,2,0,2,2,0,0,0,0,0,0,2,-0.16490651293541178,3641.5,0,kaggle
6075-QMNRR,0,-0.43991649313097614,0,0,0.7992939660427822,1,0,0,2,0,0,0,0,0,0,1,0,-0.4989277099688025,2535.55,0,kaggle
5378-IKEEG,0,-0.43991649313097614,0,0,-1.2774445836787656,0,1,0,0,0,0,0,2,0,0,1,2,-0.9642308700153169,35.75,1,kaggle
5966-EMAZU,1,-0.43991649313097614,1,0,1.2879383306831464,1,2,1,2,0,2,2,2,2,1,1,3,1.4536837652263923,6880.85,0,kaggle
0440-EKDCF,1,-0.43991649313097614,1,0,1.2064976032430856,1,0,0,0,2,2,2,0,0,2,1,1,-0.15327393393424887,3753.2,0,kaggle
4774-HHGGS,1,-0.43991649313097614,1,0,-0.0965540357978854,1,0,2,1,1,1,1,1,1,2,0,3,-1.5192710680708021,637.55,0,kaggle
2718-GAXQD,0,2.273158691738958,1,1,-1.1552834925186746,1,0,0,0,0,0,0,0,0,0,0,2,-0.6235624849812617,181.6,1,kaggle
2055-BFOCC,1,2.273158691738958,1,0,1.247217966963116,1,0,0,2,2,2,2,2,2,1,1,0,0.6394032351449919,5329.55,0,kaggle
8180-AKMJV,0,-0.43991649313097614,0,0,-1.2774445836787656,1,0,0,0,0,0,0,0,0,0,1,1,-0.6717545979860794,44.55,0,kaggle
4298-OYIFC,1,-0.43991649313097614,1,0,-0.7073594915983407,1,2,1,0,0,2,2,2,2,0,1,2,1.285842268209614,1539.8,0,kaggle
5566-SOEZD,1,-0.43991649313097614,1,1,-0.21871512695797646,1,0,1,2,2,0,0,0,0,1,1,1,0.5280628361338618,2209.75,0,kaggle
9842-EFSYY,0,-0.43991649313097614,0,1,-1.1552834925186746,0,1,0,2,2,2,0,2,2,0,1,3,-0.25131995694405,223.75,0,kaggle
2272-WUSPA,0,-0.43991649313097614,1,0,1.6137012404433893,1,2,1,2,2,2,0,2,2,2,1,2,1.5284646302338678,7751.7,0,kaggle
4584-LBNMK,1,2.273158691738958,1,0,0.5142514200025698,1,2,2,1,1,1,1,1,1,1,0,1,-1.33148800705203,1174.35,0,kaggle
3898-GUYTS,0,2.273158691738958,0,0,0.5142514200025698,1,2,1,2,2,0,2,2,0,0,1,2,1.07313225218835,4385.05,0,kaggle
0930-EHUZA,0,-0.43991649313097614,0,0,0.14776814652229667,1,0,0,2,2,2,2,2,0,1,1,3,0.3851482941195749,2606.35,0,kaggle
6413-XKKPU,1,-0.43991649313097614,1,1,-0.62591876415828,1,0,1,2,0,2,0,2,0,0,1,2,0.8188773111629334,1539.45,1,kaggle
9975-SKRNR,1,-0.43991649313097614,0,0,-1.2774445836787656,1,0,2,1,1,1,1,1,1,0,0,3,-1.5242564590713006,18.9,0,kaggle
3703-KBKZP,1,2.273158691738958,0,0,-0.6666391278783103,1,2,1,0,0,0,0,0,0,0,1,0,0.32200000811326246,1261.35,0,kaggle
1449-XQEMT,1,-0.43991649313097614,0,0,-1.1960038562387048,1,0,2,1,1,1,1,1,1,0,1,3,-1.4943441130683104,58.15,1,kaggle
2626-URJFX,1,-0.43991649313097614,1,1,-1.1552834925186746,1,2,0,0,0,0,0,0,0,0,1,2,-0.4607063789649817,225.6,1,kaggle
4973-MGTON,0,-0.43991649313097614,1,0,1.5729808767233588,1,0,0,2,2,2,2,2,2,2,1,1,0.6526976111463211,5969.3,0,kaggle
3682-YEUWS,1,-0.43991649313097614,1,1,-0.9109613101984924,1,2,2,1,1,1,1,1,1,0,1,3,-1.341458789053027,253.9,0,kaggle
1223-UNPKS,1,-0.43991649313097614,1,1,-0.5037576729981889,1,0,2,1,1,1,1,1,1,2,0,3,-1.4860351280674797,400.0,0,kaggle
2612-RRIDN,1,-0.43991649313097614,0,0,-1.1552834925186746,1,0,1,0,0,0,0,2,0,0,1,2,0.5396954151350245,340.85,1,kaggle
4735-ASGMA,1,-0.43991649313097614,0,0,-0.2594354906780068,1,2,1,0,0,2,0,2,2,0,1,2,1.116338974192669,2515.3,1,kaggle
3446-QDSZF,0,-0.43991649313097614,0,0,-1.1552834925186746,1,0,0,0,0,0,0,2,0,0,0,1,-0.3078210549496983,227.35,0,kaggle
3669-LVWZB,1,-0.43991649313097614,0,0,-1.1145631287986442,0,1,0,0,2,0,0,2,2,0,1,3,-0.4573827849646494,305.95,1,kaggle
6892-EZDTG,0,-0.43991649313097614,1,0,-1.1552834925186746,1,2,1,0,2,0,0,2,0,0,1,2,0.893658176170409,365.4,1,kaggle
5117-IFGPS,1,2.273158691738958,1,0,-0.13727439951791576,1,2,1,0,0,0,0,0,2,0,1,2,0.6493740171459885,2357.75,0,kaggle
7379-FNIUJ,1,-0.43991649313097614,0,0,-1.2367242199587352,1,0,1,2,2,0,0,2,2,0,0,2,1.1778254631988159,198.5,0,kaggle
1627-AFWVJ,0,-0.43991649313097614,0,0,-0.13727439951791576,1,0,2,1,1,1,1,1,1,2,0,3,-1.5076384890696393,554.25,0,kaggle
9725-SCPZG,1,-0.43991649313097614,0,1,-1.2774445836787656,1,0,1,0,0,0,0,2,2,0,1,2,0.8670694241677506,90.85,1,kaggle
5884-GCYMI,1,-0.43991649313097614,0,0,-1.2774445836787656,1,0,1,0,0,0,0,0,0,0,0,3,0.15415851109648415,69.4,1,kaggle
3217-FZDMN,0,2.273158691738958,0,0,-0.9924020376385531,1,0,1,0,0,2,0,2,2,0,1,1,0.9867188081797118,742.95,1,kaggle
4486-EFAEB,1,-0.43991649313097614,0,0,-0.7888002190384014,1,0,2,1,1,1,1,1,1,0,1,2,-1.4744025490663168,251.65,0,kaggle
0060-FUALY,0,-0.43991649313097614,1,0,1.0843365120829946,1,2,1,2,2,0,0,2,0,0,1,2,0.9966895901807084,5597.65,0,kaggle
7853-GVUDZ,0,-0.43991649313097614,1,1,-1.2774445836787656,1,0,2,1,1,1,1,1,1,0,1,1,-1.4827115340671475,20.15,1,kaggle
7480-QNVZJ,1,2.273158691738958,0,0,0.7178532386027215,1,2,1,0,0,0,0,2,2,0,1,2,1.0282637331838649,4816.7,1,kaggle
6954-OOYZZ,1,-0.43991649313097614,1,0,-0.5851984004382496,1,0,0,0,0,0,0,0,0,0,1,0,-0.6784017859867437,768.05,0,kaggle
7088-FBAWU,0,-0.43991649313097614,1,1,-0.62591876415828,1,0,0,2,2,0,0,2,2,0,0,3,0.32532360211359457,1215.8,0,kaggle
8313-AFGBW,1,-0.43991649313097614,1,0,0.5956921474426305,1,0,0,0,2,2,0,2,2,2,0,2,0.2937494591104381,3522.65,0,kaggle
3943-KDREE,0,-0.43991649313097614,0,0,-0.2594354906780068,1,2,1,0,0,0,0,0,0,0,1,0,0.3386179781149237,1834.95,1,kaggle
9239-ZBZZV,0,-0.43991649313097614,0,0,-1.0738427650786138,0,1,0,0,0,2,0,2,2,0,1,2,-0.5587524019747828,305.1,1,kaggle
3097-IDVPU,1,-0.43991649313097614,1,1,-0.5444780367182193,1,2,0,0,0,0,0,0,0,0,0,1,-0.48729513096763954,910.45,0,kaggle
4398-HSCJH,0,-0.43991649313097614,0,0,-1.1960038562387048,1,2,0,0,0,0,2,2,0,0,1,2,-0.03860994092278629,155.65,1,kaggle
2197-OMWGI,0,2.273158691738958,1,1,1.4508197855632678,0,1,0,0,2,2,0,2,2,2,1,2,-0.39091090495800446,3656.25,0,kaggle
2303-PJYHN,0,-0.43991649313097614,1,0,-1.2367242199587352,1,0,2,1,1,1,1,1,1,0,0,0,-1.4926823160681442,52.0,0,kaggle
9795-VOWON,1,-0.43991649313097614,0,0,-1.0331224013585834,0,1,0,0,0,0,0,0,0,1,1,1,-1.343120586053193,150.85,0,kaggle
1237-WIYYZ,0,-0.43991649313097614,0,0,-0.5851984004382496,1,0,2,1,1,1,1,1,1,0,1,3,-1.502653098069141,389.25,0,kaggle
1987-AUELQ,0,-0.43991649313097614,1,0,1.5729808767233588,1,2,2,1,1,1,1,1,1,2,0,1,-1.3198554280508674,1873.7,0,kaggle
7852-LECYP,1,2.273158691738958,1,0,-0.7888002190384014,1,2,1,2,2,0,0,0,2,0,0,1,0.9651154471775519,1261.0,0,kaggle
4430-UZIPO,1,-0.43991649313097614,0,0,-1.1960038562387048,0,1,0,0,2,0,2,0,0,0,1,3,-0.9276713360116622,108.7,1,kaggle
4822-LPTYJ,1,-0.43991649313097614,1,0,1.6137012404433893,1,2,1,0,2,2,0,2,2,2,1,0,1.2958130502106107,7346.2,0,kaggle
8165-CBKXO,1,-0.43991649313097614,1,1,1.369379058123207,0,1,0,0,2,2,0,2,2,2,1,1,-0.2662761299455452,3708.4,0,kaggle
6527-PZFPV,1,-0.43991649313097614,1,1,-0.3408762181180675,1,0,2,1,1,1,1,1,1,1,1,1,-1.461108173064988,469.65,0,kaggle
4855-SNKMY,0,-0.43991649313097614,0,0,-1.2774445836787656,1,0,0,0,0,0,0,0,0,0,1,2,-0.6867107709875744,44.1,1,kaggle
9593-CVZKR,0,-0.43991649313097614,1,1,0.9621754209229036,1,2,2,1,1,1,1,1,1,2,1,3,-1.3397969920528607,1385.85,0,kaggle
8595-SIZNC,0,2.273158691738958,1,0,-0.4223169455581282,1,2,2,1,1,1,1,1,1,1,0,0,-1.3015756610490399,548.8,0,kaggle
8008-HAWED,1,-0.43991649313097614,0,0,-0.748079855318371,0,1,0,0,0,2,0,2,2,0,1,2,-0.46569176996548,712.75,1,kaggle
7124-UGSUR,0,2.273158691738958,1,0,1.1657772395230555,1,2,1,0,2,2,0,2,2,1,1,1,1.3174164112127704,6405.0,1,kaggle
1862-SKORY,0,2.273158691738958,1,0,0.3106496014024181,0,1,0,0,2,0,0,2,0,0,1,2,-0.8462432830035223,1637.4,1,kaggle
5236-XMZJY,0,-0.43991649313097614,0,0,0.3920903288424788,1,0,0,2,2,2,0,0,0,0,0,0,-0.1698919039359101,2536.55,0,kaggle
4827-DPADN,0,-0.43991649313097614,1,1,1.6137012404433893,1,2,0,2,0,2,2,2,2,2,1,0,0.6161380771426661,6042.7,0,kaggle
2694-CIUMO,0,-0.43991649313097614,0,0,-0.8295205827584317,1,2,1,0,0,0,2,0,0,0,1,1,0.4915033021302069,958.25,0,kaggle
5846-ABOBJ,1,-0.43991649313097614,1,0,1.5729808767233588,1,2,2,1,1,1,1,1,1,2,0,0,-1.3397969920528607,1730.65,0,kaggle
1439-LCGVL,0,-0.43991649313097614,1,0,-0.2594354906780068,1,0,2,1,1,1,1,1,1,1,0,3,-1.5142856770703037,459.6,0,kaggle
0909-SDHNU,0,-0.43991649313097614,0,1,-1.0331224013585834,0,1,0,2,0,0,0,0,0,0,0,3,-1.1619847130350858,201.95,0,kaggle
4647-XXZAM,0,-0.43991649313097614,1,1,-1.0738427650786138,1,0,0,0,0,0,0,0,0,0,0,3,-0.640180454982923,285.2,0,kaggle
1502-XFCVR,0,-0.43991649313097614,0,0,1.0436161483629645,1,0,1,2,2,2,0,2,2,1,1,2,1.3855500882195813,6145.85,1,kaggle
7740-KKCXF,1,-0.43991649313097614,1,0,0.758573602322752,0,1,0,0,2,0,0,0,0,0,1,1,-1.153675728034255,1529.45,0,kaggle
5360-XGYAZ,1,-0.43991649313097614,1,1,1.6137012404433893,0,1,0,2,2,2,2,2,2,2,1,0,0.0295237360840249,4664.5,0,kaggle
9692-TUSXH,0,-0.43991649313097614,0,0,-0.5851984004382496,1,0,1,2,0,0,0,2,2,0,1,2,1.0398963121850275,1740.7,1,kaggle
7912-SYRQT,0,-0.43991649313097614,0,0,-1.0331224013585834,1,2,1,0,0,0,0,0,0,0,1,0,0.3436033691154218,552.95,1,kaggle
3557-HTYWR,0,-0.43991649313097614,0,0,0.5956921474426305,1,2,0,2,2,0,2,0,2,2,0,3,0.3087056321119333,3496.3,0,kaggle
4816-JBHOV,1,2.273158691738958,0,0,-1.2367242199587352,1,0,0,0,0,0,0,0,0,0,1,2,-0.6667692069855808,93.7,1,kaggle
8920-NAVAY,1,2.273158691738958,0,0,1.2064976032430856,1,2,1,0,2,2,2,2,2,1,1,0,1.5284646302338678,7053.35,0,kaggle
1699-TLDLZ,0,-0.43991649313097614,1,1,-0.6666391278783103,1,0,2,1,1,1,1,1,1,2,0,3,-1.4976677070686424,301.55,0,kaggle
5600-PDUJF,1,-0.43991649313097614,0,0,-1.0738427650786138,1,0,0,0,0,0,2,0,0,0,1,1,-0.5072366949696331,312.7,0,kaggle
8292-TYSPY,1,-0.43991649313097614,0,0,-0.5444780367182193,1,0,0,0,0,2,2,0,0,0,1,1,-0.3244390249513595,1046.5,1,kaggle
0567-XRHCU,0,-0.43991649313097614,1,1,1.4915401492832983,0,1,0,2,0,2,0,0,2,2,1,1,-0.6916961619880726,2960.1,0,kaggle
1867-BDVFH,1,-0.43991649313097614,1,1,-0.8702409464784621,1,2,1,0,0,0,0,0,0,0,1,2,0.31867641411292996,834.2,1,kaggle
2067-QYTCF,0,-0.43991649313097614,1,0,1.2879383306831464,1,2,1,0,2,2,2,2,2,0,1,2,1.541759006235197,6953.4,0,kaggle
2359-QWQUL,0,-0.43991649313097614,1,0,0.26992923768238775,1,0,1,2,0,2,2,2,2,1,1,1,1.327387193213767,4134.85,1,kaggle
9103-TCIHJ,0,-0.43991649313097614,0,0,-0.7073594915983407,1,2,0,2,0,0,0,0,0,0,1,3,-0.3011738669490337,899.8,1,kaggle
7407-SUJIZ,1,-0.43991649313097614,0,0,-0.30015585439803716,1,0,2,1,1,1,1,1,1,0,0,3,-1.4677553610656522,541.5,0,kaggle
9150-KPBJQ,0,-0.43991649313097614,0,0,-1.0738427650786138,1,0,2,1,1,1,1,1,1,2,0,1,-1.4993295040688086,116.85,0,kaggle
0052-DCKON,1,-0.43991649313097614,1,0,1.369379058123207,1,2,1,2,2,2,2,2,2,1,0,0,1.6963061272506461,7942.15,0,kaggle
3654-ARMGP,0,-0.43991649313097614,0,0,1.1657772395230555,1,2,0,0,2,2,2,2,2,2,0,1,0.7939503561604415,5321.25,0,kaggle
9699-UBQFS,0,2.273158691738958,1,0,0.43281069256250915,1,2,1,2,2,0,0,2,0,0,1,2,0.9883806051798778,4156.8,0,kaggle
9367-TCUYN,0,-0.43991649313097614,0,0,-0.8295205827584317,1,0,2,1,1,1,1,1,1,0,0,3,-1.4843733310673135,223.6,0,kaggle
1261-FWTTE,1,2.273158691738958,0,0,-0.38159658183809786,0,1,0,0,0,0,0,0,2,0,1,0,-1.0007904040189717,768.45,0,kaggle
3528-HFRIQ,1,2.273158691738958,1,0,1.5729808767233588,0,1,0,0,2,2,0,2,2,0,1,0,-0.41417606296033027,3765.05,0,kaggle
0708-SJDIS,0,-0.43991649313097614,0,0,0.06632741908223598,1,2,0,0,0,0,2,2,0,0,0,3,0.00792037508186511,2157.5,0,kaggle
4140-WJAWW,0,-0.43991649313097614,0,0,-1.1145631287986442,1,0,2,1,1,1,1,1,1,0,0,1,-1.4926823160681442,108.05,1,kaggle
2073-QBVBI,0,-0.43991649313097614,1,0,0.35136996512244845,0,1,0,0,2,0,2,0,0,1,0,3,-0.9742016520163136,1391.65,0,kaggle
6928-ONTRW,0,-0.43991649313097614,1,1,1.6137012404433893,1,0,2,1,1,1,1,1,1,2,0,1,-1.4976677070686424,1379.8,0,kaggle
3320-VEOYC,1,2.273158691738958,0,0,-0.748079855318371,1,2,1,0,0,0,0,2,2,0,1,2,1.0249401391835322,1273.3,0,kaggle
5231-FIQPA,0,-0.43991649313097614,0,0,0.35136996512244845,1,0,2,1,1,1,1,1,1,2,1,3,-1.4926823160681442,810.45,0,kaggle
6617-WLBQC,0,-0.43991649313097614,1,1,-0.38159658183809786,1,2,1,2,0,0,0,0,0,1,0,1,0.5679459641378485,1810.85,0,kaggle
2599-CIPQE,1,-0.43991649313097614,1,1,1.5729808767233588,1,0,1,2,2,2,2,2,2,2,0,1,1.48027251722905,7782.85,0,kaggle
6653-CBBOM,0,-0.43991649313097614,0,0,-1.2774445836787656,1,0,1,0,0,0,0,0,0,0,1,2,0.18407085709947407,70.3,1,kaggle
8774-GSBUN,1,-0.43991649313097614,1,0,1.6137012404433893,1,2,2,1,1,1,1,1,1,2,0,3,-1.3082228490497045,1797.1,0,kaggle
7326-RIGQZ,1,-0.43991649313097614,1,1,-1.0738427650786138,1,0,1,0,0,0,0,0,0,0,1,2,0.16745288709781284,377.85,0,kaggle
1401-FTHFQ,1,-0.43991649313097614,1,1,-0.38159658183809786,1,0,2,1,1,1,1,1,1,1,1,1,-1.4876969250676457,445.3,0,kaggle
3247-ZVOUO,1,2.273158691738958,1,0,-0.9109613101984924,1,2,1,0,0,0,0,0,2,0,0,2,0.6909189421501416,851.75,1,kaggle
0254-FNMCI,0,-0.43991649313097614,0,0,1.6137012404433893,1,0,1,2,2,2,2,2,2,2,1,2,1.5002140812310438,7624.2,0,kaggle
1848-LBZHY,0,-0.43991649313097614,1,0,-1.0331224013585834,1,0,0,2,0,0,0,0,0,0,1,0,-0.4806479429669752,355.1,0,kaggle
6101-IMRMM,1,-0.43991649313097614,0,1,-1.0738427650786138,1,0,1,0,0,2,0,2,2,0,0,3,0.9883806051798778,575.45,1,kaggle
8118-TJAFG,1,-0.43991649313097614,1,1,-0.9516816739185228,1,0,1,0,2,0,2,2,2,0,1,2,1.221032185203135,906.85,0,kaggle
5429-LWCMV,0,-0.43991649313097614,0,0,-0.8295205827584317,1,2,1,0,2,0,0,0,2,0,1,2,0.8105683261621028,1057.55,0,kaggle
7298-IZWLY,0,-0.43991649313097614,0,0,-1.2774445836787656,1,0,2,1,1,1,1,1,1,0,1,3,-1.5076384890696393,19.4,0,kaggle
9758-MFWGD,0,2.273158691738958,1,1,0.6364125111626608,0,1,0,0,2,0,0,0,0,1,0,0,-1.1586611190347533,1388.75,0,kaggle
3955-JBZZM,1,-0.43991649313097614,0,0,-0.5037576729981889,1,0,1,0,0,0,0,2,0,0,0,2,0.466576347127715,1641.3,0,kaggle
1268-ASBGA,0,2.273158691738958,1,0,-0.6666391278783103,1,2,1,0,0,0,0,0,2,0,1,1,0.684271754149477,1375.15,1,kaggle
8943-URTMR,0,-0.43991649313097614,0,0,-1.2367242199587352,1,0,1,0,0,0,0,2,0,0,1,3,0.4948268961305394,152.7,1,kaggle
4815-TUMEQ,0,-0.43991649313097614,0,0,-0.9109613101984924,1,0,2,1,1,1,1,1,1,1,1,3,-1.5109620830699715,185.2,0,kaggle
4713-LZDRV,0,2.273158691738958,0,0,-1.2367242199587352,1,0,1,0,0,0,0,0,2,0,1,2,0.4931650991303729,195.05,1,kaggle
9909-IDLEK,1,-0.43991649313097614,1,1,-0.5037576729981889,1,2,1,0,2,0,2,2,0,0,0,3,1.0648232671875193,1826.7,0,kaggle
4092-OFQZS,1,-0.43991649313097614,1,0,-0.5037576729981889,1,0,2,1,1,1,1,1,1,1,0,3,-1.4660935640654862,417.5,0,kaggle
1561-BWHIN,1,-0.43991649313097614,1,1,-0.5444780367182193,1,0,2,1,1,1,1,1,1,1,0,3,-1.4943441130683104,344.5,0,kaggle
4325-NFSKC,1,2.273158691738958,0,0,-0.5444780367182193,1,2,1,2,0,0,0,2,0,0,1,2,0.85876043916692,1660.0,1,kaggle
9927-DSWDF,1,-0.43991649313097614,1,0,-0.4223169455581282,1,0,1,2,2,0,2,2,2,0,1,2,1.3240635992134344,2180.55,0,kaggle
9500-LTVBP,0,-0.43991649313097614,0,0,0.10704778280226633,1,2,1,0,0,0,2,0,0,0,0,1,0.5081212721318681,2835.9,0,kaggle
7252-NTGSS,0,-0.43991649313097614,0,0,-1.2774445836787656,1,0,0,0,0,0,0,0,0,0,0,3,-0.6518130339840859,45.15,0,kaggle
8149-AIQCG,1,-0.43991649313097614,0,0,0.26992923768238775,1,2,1,0,0,0,0,0,0,0,1,1,0.2787932861089434,2730.85,0,kaggle
1360-JYXKQ,0,2.273158691738958,1,0,0.880734693482843,1,0,1,0,0,2,2,2,2,1,1,2,1.141265929195161,5437.1,0,kaggle
2955-PSXOE,0,-0.43991649313097614,0,0,-1.2774445836787656,1,0,2,1,1,1,1,1,1,0,1,0,-1.481049737066981,20.2,1,kaggle
7762-URZQH,1,-0.43991649313097614,1,0,1.369379058123207,1,2,1,2,0,2,0,2,2,2,1,1,1.3722557122182522,6981.35,1,kaggle
0899-WZRSD,1,-0.43991649313097614,0,0,0.9621754209229036,1,2,1,2,0,0,2,2,2,0,1,3,1.3489905542159264,5794.45,0,kaggle
3255-GRXMG,1,-0.43991649313097614,0,1,-0.5851984004382496,1,0,0,0,0,0,0,0,0,0,1,1,-0.6351950639824246,747.2,0,kaggle
4828-FAZPK,0,-0.43991649313097614,1,1,-0.6666391278783103,1,2,1,0,2,0,0,0,0,0,1,1,0.5047976781315361,1267.95,0,kaggle
6094-ZIVKX,0,-0.43991649313097614,0,0,1.4508197855632678,1,0,0,2,0,2,0,0,0,1,1,1,-0.3427187919531868,3674.95,0,kaggle
6925-BAYGL,0,2.273158691738958,1,0,0.8400143297628127,1,2,2,1,1,1,1,1,1,2,0,1,-1.3181936310507012,1275.6,0,kaggle
3262-EIDHV,0,-0.43991649313097614,1,1,1.6137012404433893,1,2,0,2,0,2,2,2,2,2,0,1,0.6626683931473177,5893.9,0,kaggle
7354-OIJLX,1,-0.43991649313097614,0,0,-0.9516816739185228,1,2,1,0,0,0,0,0,0,0,1,2,0.36853032411791364,724.65,0,kaggle
1376-HHBDV,0,-0.43991649313097614,0,0,-0.0965540357978854,1,0,0,2,0,0,0,0,0,0,1,3,-0.5305018529719588,1536.75,0,kaggle
6907-NZZIJ,0,-0.43991649313097614,0,0,0.14776814652229667,1,2,1,0,2,0,0,2,2,0,1,2,1.1429277261953275,3615.6,1,kaggle
6133-OZILE,0,-0.43991649313097614,0,0,-0.5851984004382496,0,1,0,0,0,2,2,0,0,0,1,2,-0.9825106370171443,607.3,0,kaggle
4135-FRWKJ,0,2.273158691738958,1,1,0.9214550572028734,1,2,0,2,0,2,2,2,0,1,0,2,0.3818247001192428,4154.55,0,kaggle
2911-UREFD,0,-0.43991649313097614,1,0,0.26992923768238775,0,1,0,2,0,2,0,2,2,0,0,2,-0.29452667894836937,2184.35,1,kaggle
3744-ZRRDZ,1,-0.43991649313097614,0,0,-0.46303730927815856,1,2,1,0,2,0,0,0,0,0,1,2,0.5845639341395097,1852.85,1,kaggle
5673-TIYIB,1,-0.43991649313097614,0,0,-1.2367242199587352,0,1,0,0,2,2,2,0,0,0,1,1,-0.8096837489998675,77.15,1,kaggle
6551-ZCOTS,1,2.273158691738958,0,0,0.025607055362205634,1,2,2,1,1,1,1,1,1,1,1,0,-1.3248408190513656,847.8,0,kaggle
7191-ADRGF,1,-0.43991649313097614,1,0,0.47353105628253944,0,1,0,0,2,2,0,2,2,2,0,0,-0.3477041829536853,2390.45,0,kaggle
5018-LXQQG,0,-0.43991649313097614,1,1,-0.0965540357978854,1,0,0,2,0,0,2,0,2,0,0,0,0.051127097086184216,1923.5,0,kaggle
6892-BOGQE,0,-0.43991649313097614,1,0,1.5729808767233588,1,0,2,1,1,1,1,1,1,2,1,0,-1.4577845790646555,1493.2,0,kaggle
1602-IJQQE,0,-0.43991649313097614,0,0,-1.1552834925186746,1,2,1,0,0,0,0,0,0,0,0,2,0.35191235411625243,338.1,1,kaggle
4628-WQCQQ,1,-0.43991649313097614,0,1,0.10704778280226633,1,0,1,0,0,2,0,2,0,1,1,2,0.677624566148813,3030.6,1,kaggle
1746-TGTWV,1,-0.43991649313097614,1,0,-1.2774445836787656,1,0,1,0,0,2,0,0,0,0,0,1,0.35191235411625243,75.35,0,kaggle
5995-SNNEW,1,2.273158691738958,1,0,-0.38159658183809786,1,2,1,0,2,2,0,2,2,0,1,2,1.3190782082129364,2184.85,0,kaggle
8050-WYBND,0,-0.43991649313097614,0,1,-0.4223169455581282,0,1,0,0,0,2,0,2,2,1,1,1,-0.5088984919697991,1031.4,0,kaggle
2821-WARNZ,0,-0.43991649313097614,0,1,0.6771328748826912,1,0,2,1,1,1,1,1,1,1,0,1,-1.505976692069473,921.3,0,kaggle
4879-GZLFH,0,-0.43991649313097614,1,1,0.3920903288424788,1,0,1,0,0,2,0,2,2,0,1,2,0.9102761461720702,3875.4,0,kaggle
1644-IRKSF,0,-0.43991649313097614,1,1,0.025607055362205634,1,0,1,0,0,2,0,2,2,1,1,2,0.9651154471775519,3124.5,1,kaggle
8314-HTWVE,0,-0.43991649313097614,1,1,-1.0331224013585834,1,0,2,1,1,1,1,1,1,2,0,3,-1.4926823160681442,144.15,0,kaggle
9402-ROUMJ,0,-0.43991649313097614,1,1,1.4100994218432374,1,2,1,2,0,2,2,0,2,1,1,0,1.1794872601989819,6689.0,0,kaggle
2507-QZPQS,1,-0.43991649313097614,0,0,-0.7073594915983407,1,2,1,0,2,0,2,0,2,0,0,2,1.0282637331838649,1451.1,0,kaggle
7159-NOKYQ,1,-0.43991649313097614,1,0,1.4100994218432374,1,2,1,0,2,2,0,0,2,2,1,2,0.9435120861753926,6368.2,0,kaggle
5707-ZMDJP,1,-0.43991649313097614,1,1,0.8400143297628127,1,0,0,2,2,0,2,2,0,2,1,3,0.16412929309748078,3729.6,0,kaggle
8779-YIQQA,1,-0.43991649313097614,1,1,-0.46303730927815856,1,0,2,1,1,1,1,1,1,1,0,3,-1.4943441130683104,350.1,0,kaggle
7136-IHZJA,0,-0.43991649313097614,1,1,0.3106496014024181,1,0,0,2,2,0,2,0,2,0,1,3,0.21896859410296257,2847.2,0,kaggle
8966-OIQHG,0,-0.43991649313097614,1,1,-0.4223169455581282,1,0,2,1,1,1,1,1,1,1,0,0,-1.462769970065154,452.35,0,kaggle
7074-STDCN,1,-0.43991649313097614,0,0,0.26992923768238775,0,1,0,0,0,0,2,0,2,0,1,2,-0.803036560999203,1494.5,0,kaggle
3705-PSNGL,1,-0.43991649313097614,0,0,0.5142514200025698,1,0,2,1,1,1,1,1,1,1,1,2,-1.4744025490663168,930.45,1,kaggle
8739-QOTTN,0,-0.43991649313097614,1,0,-1.2367242199587352,1,0,2,1,1,1,1,1,1,0,0,3,-1.4760643460664828,41.85,0,kaggle
1399-OUPJN,0,-0.43991649313097614,1,1,1.002895784642934,1,0,2,1,1,1,1,1,1,2,0,0,-1.4960059100684764,1272.05,0,kaggle
0277-BKSQP,1,-0.43991649313097614,1,1,-0.9924020376385531,1,0,0,0,0,0,0,2,0,0,1,2,-0.34438058895335305,475.1,0,kaggle
6502-HCJTI,1,2.273158691738958,1,0,-1.0331224013585834,1,2,1,2,2,0,0,0,2,0,1,1,0.9950277931805424,673.1,1,kaggle
2606-RMDHZ,1,-0.43991649313097614,0,0,-1.0738427650786138,0,1,0,0,2,0,0,0,0,0,1,1,-1.1387195550327598,208.7,1,kaggle
5774-XZTQC,0,-0.43991649313097614,1,1,-1.0331224013585834,1,0,2,1,1,1,1,1,1,0,0,3,-1.4727407520661506,150.75,0,kaggle
2676-SSLTO,1,-0.43991649313097614,0,0,0.6771328748826912,1,2,0,0,0,0,2,2,0,2,1,0,0.046141706085686136,3199.0,0,kaggle
6266-QHOJZ,0,-0.43991649313097614,0,0,1.3286586944031769,1,2,1,2,2,0,2,0,0,1,1,2,0.8338334841644282,5844.65,0,kaggle
7269-JISCY,0,-0.43991649313097614,0,0,0.9214550572028734,1,0,0,0,0,0,0,0,0,1,0,0,-0.6551366279844181,2462.6,0,kaggle
0363-SVHYR,1,-0.43991649313097614,1,1,1.5729808767233588,1,2,0,2,2,2,2,2,2,2,0,0,0.7341256641544608,6263.8,0,kaggle
8547-NSBBO,1,-0.43991649313097614,0,0,0.10704778280226633,1,2,1,2,2,2,2,0,0,0,1,3,1.0631614701873533,3403.4,0,kaggle
8258-GSTJK,1,2.273158691738958,0,0,-1.1960038562387048,1,2,1,0,0,0,0,0,0,0,1,2,0.40675165512173467,237.75,1,kaggle
6861-OKBCE,0,-0.43991649313097614,0,1,-0.8702409464784621,1,0,2,1,1,1,1,1,1,0,0,1,-1.4843733310673135,221.35,1,kaggle
9940-RHLFB,0,-0.43991649313097614,0,0,-1.2774445836787656,1,0,1,0,0,2,0,0,0,0,0,2,0.3502505571160864,75.3,1,kaggle
6591-QGOYB,1,-0.43991649313097614,0,0,-0.62591876415828,1,2,1,2,2,2,2,2,0,0,1,0,1.392197276220246,1672.1,0,kaggle
9070-BCKQP,0,-0.43991649313097614,1,0,1.6137012404433893,1,2,1,2,0,2,2,2,2,2,1,1,1.5085230662318745,7881.2,0,kaggle
6421-SZVEM,0,-0.43991649313097614,1,1,-0.1779947632379461,1,0,1,2,0,0,0,0,2,1,1,0,0.6011819041411709,2320.8,0,kaggle
1328-EUZHC,0,-0.43991649313097614,1,0,-0.5851984004382496,1,0,2,1,1,1,1,1,1,2,0,3,-1.4843733310673135,370.5,0,kaggle
2995-UPRYS,0,2.273158691738958,1,0,0.3106496014024181,1,0,1,0,2,0,2,2,2,1,1,1,1.1445895231954935,4062.2,1,kaggle
8878-RYUKI,0,-0.43991649313097614,0,0,0.7992939660427822,1,0,0,0,0,2,0,0,2,0,1,2,-0.17653909193657447,3043.7,0,kaggle
9633-DENPU,0,-0.43991649313097614,1,0,0.5956921474426305,1,0,0,0,2,0,0,2,0,0,1,0,-0.2047896409393986,2723.4,0,kaggle
7811-JIVPF,0,-0.43991649313097614,0,0,-0.38159658183809786,1,0,0,0,0,2,0,0,0,0,0,1,-0.5005895069689685,1081.25,0,kaggle
7113-HIPFI,1,-0.43991649313097614,1,1,1.369379058123207,1,0,0,2,2,2,2,0,0,2,0,3,0.03617092408468901,4097.05,0,kaggle
8541-QVFKM,0,-0.43991649313097614,0,0,-0.9924020376385531,1,2,1,0,0,0,0,0,0,0,1,2,0.29042586511010604,632.2,0,kaggle
6686-YPGHK,1,2.273158691738958,0,0,0.5956921474426305,1,0,1,2,0,0,0,0,2,0,0,3,0.6892571451499756,4042.3,1,kaggle
1383-EZRWL,0,-0.43991649313097614,0,0,-1.0331224013585834,1,0,2,1,1,1,1,1,1,0,0,3,-1.4860351280674797,164.85,1,kaggle
9258-CNWAC,0,-0.43991649313097614,1,1,1.5729808767233588,1,2,1,2,2,2,2,2,2,2,0,1,1.624848856243503,8166.8,0,kaggle
5371-VYLSX,0,2.273158691738958,0,0,0.7178532386027215,1,2,1,2,2,0,0,0,0,0,1,2,0.6194616711429987,4113.7,0,kaggle
6374-AFWOX,1,-0.43991649313097614,1,0,0.5549717837226001,1,0,0,2,2,2,2,0,0,2,0,3,0.0295237360840249,3047.15,0,kaggle
4759-TRPLW,1,-0.43991649313097614,0,0,-1.2774445836787656,1,0,1,0,0,0,0,0,0,0,0,2,0.1873944510998066,70.4,1,kaggle
5317-FLPJF,0,-0.43991649313097614,0,0,1.369379058123207,0,1,0,2,0,2,2,2,2,2,1,0,-0.11339080593026184,4193.4,0,kaggle
7621-VPNET,0,-0.43991649313097614,1,0,0.3920903288424788,1,2,1,0,0,2,2,0,0,0,1,1,0.7025515211513048,3729.75,0,kaggle
6034-YMTOB,0,-0.43991649313097614,0,0,-1.1145631287986442,1,0,1,0,0,0,2,0,0,0,1,3,0.36188313611724954,399.45,0,kaggle
8563-IIOXK,1,-0.43991649313097614,1,1,-1.0331224013585834,1,0,0,2,0,0,0,0,0,1,1,2,-0.4989277099688025,331.3,1,kaggle
4903-CNOZC,1,-0.43991649313097614,0,0,-0.13727439951791576,1,2,0,0,2,2,0,0,2,1,0,1,0.20401242110146783,1964.6,0,kaggle
4353-HYOJD,0,-0.43991649313097614,1,1,-0.21871512695797646,1,0,0,0,2,0,0,0,0,0,0,3,-0.49560411596847015,1336.15,0,kaggle
8020-BWHYL,0,2.273158691738958,0,0,-0.7073594915983407,1,0,1,0,2,0,0,0,0,0,1,1,0.3502505571160864,1147.45,1,kaggle
7267-FRMJW,0,-0.43991649313097614,1,1,-0.30015585439803716,1,0,2,1,1,1,1,1,1,2,0,3,-1.4843733310673135,486.05,0,kaggle
2982-VPSGI,0,-0.43991649313097614,1,0,-0.8702409464784621,1,2,1,0,0,0,0,2,2,0,1,2,0.9717626351782166,1078.9,1,kaggle
4188-FRABG,1,-0.43991649313097614,1,0,1.002895784642934,1,2,1,2,2,2,2,2,0,0,1,2,1.2725478922082847,5925.75,0,kaggle
8199-ZLLSA,1,-0.43991649313097614,0,0,1.4100994218432374,1,2,1,2,2,2,2,2,2,1,1,0,1.7810577742591183,7804.15,1,kaggle
4128-ETESU,0,2.273158691738958,1,0,0.5956921474426305,1,2,1,0,0,2,0,2,2,0,0,2,1.1612074931971548,4747.2,0,kaggle
0620-DLSLK,0,-0.43991649313097614,0,0,-0.7888002190384014,1,0,1,0,0,0,0,2,0,0,1,3,0.5696077611380149,1028.9,0,kaggle
4625-EWPTF,1,-0.43991649313097614,0,0,-0.9924020376385531,0,1,0,2,0,0,0,0,0,0,1,2,-1.140381352032926,226.45,1,kaggle
5980-NOPLP,0,-0.43991649313097614,1,0,0.47353105628253944,1,2,1,0,0,0,0,2,2,0,1,2,1.0415581091851935,4364.1,1,kaggle
3850-OKINF,1,-0.43991649313097614,1,1,1.5729808767233588,1,2,0,2,0,0,0,2,0,1,1,2,0.04780350308585216,4692.55,0,kaggle
6892-XPFPU,1,2.273158691738958,1,0,-0.3408762181180675,1,2,1,0,2,2,0,2,2,0,1,2,1.3124310202122718,2433.9,1,kaggle
8010-EZLOU,1,2.273158691738958,0,0,-0.7073594915983407,1,2,1,0,2,0,0,0,0,0,1,2,0.5131066631323666,1217.25,1,kaggle
1156-ZFYDO,0,-0.43991649313097614,0,0,-1.2774445836787656,1,0,2,1,1,1,1,1,1,0,0,2,-1.4960059100684764,19.75,0,kaggle
3295-YVUSR,1,2.273158691738958,0,0,-1.2367242199587352,1,2,1,0,0,0,0,0,0,0,1,3,0.2605135191071156,154.3,0,kaggle
8016-NCFVO,1,2.273158691738958,0,0,0.9214550572028734,1,2,1,2,2,2,2,2,2,0,1,2,1.7195712852529719,6382.55,0,kaggle
4119-ZYPZY,1,2.273158691738958,0,0,1.5729808767233588,1,2,1,0,2,0,2,2,2,2,1,2,1.397182667220744,7623.2,0,kaggle
5549-ZGHFB,1,-0.43991649313097614,1,1,0.7178532386027215,1,2,2,1,1,1,1,1,1,2,0,3,-1.3231790220511994,1261.45,0,kaggle
7577-SWIFR,1,-0.43991649313097614,0,0,-1.2774445836787656,1,0,1,0,0,0,0,2,2,0,1,2,0.8138919201624348,89.25,0,kaggle
0303-WMMRN,1,-0.43991649313097614,0,0,-1.1145631287986442,1,0,2,1,1,1,1,1,1,0,1,3,-1.5126238800701375,86.05,0,kaggle
6408-OTUBZ,0,-0.43991649313097614,0,0,1.369379058123207,1,2,1,2,2,2,2,2,0,1,1,0,1.3224018022132684,6779.05,0,kaggle
5204-HMGYF,0,-0.43991649313097614,1,1,0.6771328748826912,1,0,0,2,2,2,2,2,2,1,1,3,0.7457582431556239,4345.0,0,kaggle
1078-TDCRN,0,2.273158691738958,1,0,-1.1960038562387048,0,1,0,0,2,0,0,0,0,0,1,2,-1.1304105700319294,82.85,0,kaggle
3727-OVPRY,1,-0.43991649313097614,1,1,1.369379058123207,1,2,2,1,1,1,1,1,1,1,1,1,-1.2982520670487077,1714.55,0,kaggle
3797-FKOGQ,1,-0.43991649313097614,0,1,-0.8702409464784621,1,2,1,0,0,0,0,0,2,0,0,2,0.7125223031523015,893.2,0,kaggle
7622-NXQZR,1,-0.43991649313097614,0,0,-0.1779947632379461,0,1,0,0,0,0,2,0,0,0,1,1,-1.152013931034089,810.85,0,kaggle
6196-HBOBZ,1,-0.43991649313097614,1,0,1.3286586944031769,1,2,1,2,2,2,0,2,0,2,1,2,1.1495749141959914,6347.55,0,kaggle
3970-XGJDU,0,-0.43991649313097614,0,0,1.2064976032430856,1,0,2,1,1,1,1,1,1,2,1,1,-1.5142856770703037,1123.65,0,kaggle
7017-VFULY,0,-0.43991649313097614,1,0,-1.2367242199587352,1,0,2,1,1,1,1,1,1,0,0,0,-1.4843733310673135,43.15,0,kaggle
5562-YJQGT,0,-0.43991649313097614,0,0,-1.2367242199587352,1,0,2,1,1,1,1,1,1,0,0,1,-1.4760643460664828,35.1,0,kaggle
8807-OPMBM,0,-0.43991649313097614,1,1,0.9214550572028734,1,2,2,1,1,1,1,1,1,2,1,1,-1.2999138640488739,1388.0,0,kaggle
5439-WIKXB,1,2.273158691738958,1,0,0.35136996512244845,1,0,1,0,2,0,0,2,2,0,1,2,0.9900424021800438,3851.45,0,kaggle
9874-QLCLH,0,-0.43991649313097614,1,1,-0.62591876415828,1,2,1,2,0,2,0,2,2,0,1,2,1.3107692232121058,1743.5,1,kaggle
8294-UIMBA,0,-0.43991649313097614,0,0,-0.0965540357978854,1,0,1,0,0,0,2,2,2,1,1,0,0.9850570111795457,2638.1,0,kaggle
8109-YUOHE,1,-0.43991649313097614,0,0,-0.62591876415828,1,0,0,2,2,0,0,0,0,1,0,3,-0.28787949094770476,946.95,0,kaggle
5840-NVDCG,0,-0.43991649313097614,1,1,-0.6666391278783103,1,0,0,2,2,0,2,0,2,2,0,0,0.11593718009266311,1114.85,0,kaggle
8092-NLTGF,1,-0.43991649313097614,0,0,1.6137012404433893,1,2,2,1,1,1,1,1,1,2,0,0,-1.329826210051864,1777.6,0,kaggle
5928-QLDHB,1,-0.43991649313097614,0,0,-0.9516816739185228,1,2,1,0,0,0,0,0,0,0,1,2,0.3818247001192428,684.85,0,kaggle
9840-EFJQB,0,-0.43991649313097614,0,0,-1.2774445836787656,1,0,1,0,2,0,0,0,0,0,0,2,0.31867641411292996,74.35,0,kaggle
0696-UKTOX,1,-0.43991649313097614,0,1,-0.38159658183809786,1,0,0,0,2,0,2,0,0,0,0,2,-0.35268957395418365,1312.45,0,kaggle
4801-KFYKL,1,-0.43991649313097614,0,1,-0.9924020376385531,1,0,2,1,1,1,1,1,1,0,0,0,-1.505976692069473,159.2,0,kaggle
3472-OAOOR,1,-0.43991649313097614,1,1,-0.5444780367182193,0,1,0,2,2,0,0,0,0,0,1,3,-0.9908196220179748,610.2,0,kaggle
6135-OZQVA,0,-0.43991649313097614,0,0,-1.0331224013585834,1,2,0,2,0,0,0,0,0,0,1,2,-0.3693075439558449,404.35,0,kaggle
8062-YBDOE,1,2.273158691738958,0,0,-1.2774445836787656,1,0,1,0,0,0,0,0,0,0,1,2,0.16246749609731476,69.65,1,kaggle
2252-JHJGE,1,-0.43991649313097614,0,0,1.1657772395230555,1,2,1,2,0,2,0,2,2,1,0,2,1.304122035211441,6363.45,0,kaggle
4188-PCPIG,0,-0.43991649313097614,1,0,1.002895784642934,1,0,0,2,2,0,2,2,0,2,1,1,0.1857326540996401,4124.65,0,kaggle
6000-APYLU,1,-0.43991649313097614,0,0,-0.9516816739185228,1,0,1,0,0,0,0,0,2,0,1,2,0.53304822713436,713.1,1,kaggle
7105-BENQF,1,-0.43991649313097614,0,1,-0.7073594915983407,1,0,0,2,0,2,0,0,2,1,0,3,0.0029349840813665527,950.75,0,kaggle
7721-DVEKZ,0,-0.43991649313097614,0,0,-1.2774445836787656,1,0,2,1,1,1,1,1,1,0,0,3,-1.4993295040688086,19.65,0,kaggle
3566-VVORZ,0,-0.43991649313097614,1,0,-0.8295205827584317,1,0,0,0,0,0,0,0,0,0,0,0,-0.626886078981594,505.95,0,kaggle
9507-HSMMZ,1,-0.43991649313097614,0,0,0.880734693482843,1,0,2,1,1,1,1,1,1,2,0,3,-1.4876969250676457,1149.65,0,kaggle
2480-SQIOB,1,-0.43991649313097614,1,1,-1.1552834925186746,1,0,0,0,0,0,0,0,0,0,0,2,-0.6634456129852487,169.65,0,kaggle
0947-IDHRQ,0,-0.43991649313097614,0,0,-1.0331224013585834,1,0,1,0,0,0,0,2,0,0,1,3,0.5164302571326987,526.7,1,kaggle
7813-TKCVO,0,-0.43991649313097614,1,0,-0.5037576729981889,1,0,2,1,1,1,1,1,1,1,0,3,-1.4760643460664828,393.15,0,kaggle
0128-MKWSG,0,-0.43991649313097614,0,1,-0.2594354906780068,0,1,0,2,0,0,2,0,2,0,0,3,-0.6302096729819263,1147.0,0,kaggle
3672-YITQD,1,2.273158691738958,1,0,0.14776814652229667,1,2,1,0,0,0,0,0,2,0,1,2,0.642726829145324,3021.6,1,kaggle
4350-ZTLPI,0,-0.43991649313097614,1,0,0.8400143297628127,1,2,1,0,2,2,2,2,2,1,1,0,1.4686399382278874,5718.2,0,kaggle
9048-JVYVF,1,-0.43991649313097614,0,0,-1.1960038562387048,1,0,0,0,0,0,2,2,2,0,1,2,0.15249671409631763,191.35,1,kaggle
0361-HJRDX,0,-0.43991649313097614,0,0,1.4508197855632678,0,1,0,2,2,2,2,2,2,2,0,1,-0.013682985920294679,4539.6,0,kaggle
5727-MYATE,1,-0.43991649313097614,1,1,1.6137012404433893,1,2,0,2,2,2,2,2,2,2,1,1,0.8654076271675846,6397.6,0,kaggle
3823-KYNQY,1,-0.43991649313097614,0,0,-0.8295205827584317,1,2,2,1,1,1,1,1,1,1,0,1,-1.3231790220511994,280.4,0,kaggle
8988-ECPJR,0,2.273158691738958,1,1,0.06632741908223598,1,2,1,0,2,0,0,0,0,0,1,3,0.4931650991303729,2718.3,1,kaggle
7570-WELNY,0,-0.43991649313097614,1,0,1.4508197855632678,1,2,1,2,2,0,0,0,0,2,1,0,0.6626683931473177,5711.05,0,kaggle
3021-VLNRJ,0,-0.43991649313097614,0,1,0.7178532386027215,1,0,0,2,0,2,2,2,0,1,1,1,0.2006888271011353,3478.15,0,kaggle
3776-EKTKM,0,2.273158691738958,0,0,-1.2774445836787656,0,1,0,0,0,0,0,2,0,0,1,2,-0.9409657120129912,36.45,1,kaggle
2080-CAZNM,0,2.273158691738958,0,0,0.35136996512244845,1,2,1,0,2,2,0,2,2,0,1,2,1.3174164112127704,4133.95,0,kaggle
1028-FFNJK,1,2.273158691738958,1,0,-0.0965540357978854,1,2,1,0,0,0,2,2,2,0,1,2,1.221032185203135,2917.65,0,kaggle
6907-FLBER,1,-0.43991649313097614,0,0,-1.2774445836787656,1,2,0,0,2,0,0,0,0,0,0,2,-0.3477041829536853,54.3,0,kaggle
3001-UNBTL,1,2.273158691738958,1,1,-0.13727439951791576,1,2,1,0,0,2,0,2,2,0,1,2,1.302460238211275,2964.8,0,kaggle
5982-PSMKW,0,-0.43991649313097614,1,1,-0.38159658183809786,1,2,0,2,2,2,2,2,2,2,1,1,0.8753784091685812,2198.3,0,kaggle
3507-GASNP,1,-0.43991649313097614,0,1,1.125056875803025,1,0,2,1,1,1,1,1,1,2,0,3,-1.4893587220678117,1189.9,0,kaggle
7096-ZNBZI,0,-0.43991649313097614,1,0,1.6137012404433893,1,2,2,1,1,1,1,1,1,2,0,1,-1.2733251120462157,1914.5,0,kaggle
1902-XBTFB,1,-0.43991649313097614,0,1,-0.4223169455581282,1,0,1,0,2,2,0,2,0,0,1,2,0.8188773111629334,2001.5,1,kaggle
1676-MQAOA,1,-0.43991649313097614,0,0,1.6137012404433893,1,0,0,2,2,2,2,2,0,2,1,0,0.3436033691154218,5336.35,0,kaggle
0786-IVLAW,0,2.273158691738958,0,0,1.369379058123207,1,2,1,0,2,2,0,2,2,1,0,0,1.440389389225063,7238.6,0,kaggle
7566-DSRLQ,0,-0.43991649313097614,1,0,1.6137012404433893,1,2,1,0,2,2,2,2,2,2,1,2,1.5085230662318745,7998.8,0,kaggle
0643-OKLRP,0,2.273158691738958,1,0,0.5956921474426305,1,2,1,2,0,0,0,0,0,0,0,2,0.5180920541328647,3825.85,1,kaggle
7245-JMTTQ,0,-0.43991649313097614,0,0,0.758573602322752,1,2,1,0,2,2,2,2,2,1,1,2,1.5533915852363596,5703.25,0,kaggle
6050-IJRHS,0,-0.43991649313097614,1,1,1.5322605130033284,1,2,1,0,2,2,0,2,2,1,1,2,1.3872118852197473,7397.0,0,kaggle
6202-JVYEU,1,-0.43991649313097614,0,0,-0.9516816739185228,1,0,2,1,1,1,1,1,1,1,1,2,-1.491020519067978,164.6,0,kaggle
8591-TKMZH,1,-0.43991649313097614,1,1,1.0843365120829946,1,2,1,2,2,0,2,2,2,2,1,3,1.5400972092350305,6555.2,0,kaggle
0734-OXWBT,1,-0.43991649313097614,0,1,-1.1960038562387048,1,0,0,0,0,0,2,2,2,0,0,3,0.19736523310080326,225.65,0,kaggle
4282-ACRXS,1,2.273158691738958,1,0,0.22920887396235737,0,1,0,0,0,0,0,0,0,0,1,2,-1.3265026160515319,955.75,0,kaggle
0365-TRTPY,0,-0.43991649313097614,0,0,0.18848851024232702,1,2,1,2,2,2,0,0,0,0,0,0,0.8787020031689138,3382.3,0,kaggle
7349-ALMUX,1,-0.43991649313097614,0,0,0.18848851024232702,1,0,0,2,2,2,2,0,0,2,0,0,0.0278619390838584,2313.8,0,kaggle
9381-NDKME,0,2.273158691738958,1,0,-0.3408762181180675,0,1,0,0,0,2,0,0,2,0,1,1,-0.801374763999037,933.3,1,kaggle
6502-KUGLL,0,-0.43991649313097614,1,1,-0.748079855318371,1,0,0,2,2,0,2,0,0,0,0,0,-0.17653909193657447,780.85,0,kaggle
1841-YSJGV,1,-0.43991649313097614,1,0,1.6137012404433893,1,2,1,2,2,0,2,2,2,2,1,1,1.5018758782312098,7852.4,0,kaggle
2794-XIMMO,1,-0.43991649313097614,1,0,0.8400143297628127,0,1,0,0,2,2,2,2,2,1,1,2,-0.143303151933252,3184.25,1,kaggle
8382-SHQEH,0,-0.43991649313097614,1,0,-0.9924020376385531,1,2,1,0,0,0,0,0,2,0,1,2,0.6693155811479823,764.95,1,kaggle
3511-BFTJW,1,-0.43991649313097614,1,1,1.6137012404433893,0,1,0,2,2,2,0,0,0,2,0,1,-0.8728320350061801,2763.0,0,kaggle
7668-XCFYV,0,2.273158691738958,1,0,-0.62591876415828,1,2,1,0,0,0,0,2,2,0,1,2,0.9235705221733989,1614.7,0,kaggle
2983-ZANRP,0,-0.43991649313097614,1,1,-1.2367242199587352,1,0,1,0,2,0,0,0,0,0,1,0,0.2920876621102721,145.4,1,kaggle
7845-URHJN,0,-0.43991649313097614,1,0,-0.9924020376385531,1,0,2,1,1,1,1,1,1,0,0,0,-1.4827115340671475,156.25,1,kaggle
3034-ZBEQN,0,-0.43991649313097614,1,0,0.6364125111626608,0,1,0,0,2,2,0,0,0,1,0,3,-0.9991286070188055,1604.5,1,kaggle
5018-HEKFO,0,-0.43991649313097614,0,0,-0.9109613101984924,1,2,2,1,1,1,1,1,1,0,1,3,-1.3381351950526947,270.15,0,kaggle
2923-ARZLG,1,-0.43991649313097614,1,1,-1.318164947398796,1,0,2,1,1,1,1,1,1,1,1,3,-1.4976677070686424,1397.475,0,kaggle
3976-NLDEZ,1,-0.43991649313097614,0,0,-1.2774445836787656,1,0,2,1,1,1,1,1,1,0,0,3,-1.4677553610656522,20.6,0,kaggle
2282-YGNOR,0,-0.43991649313097614,0,0,-0.13727439951791576,1,0,0,2,0,2,2,0,0,1,0,1,-0.22473120494139212,1734.5,0,kaggle
5336-UFNZP,0,2.273158691738958,1,1,1.3286586944031769,1,2,1,0,2,2,0,2,2,1,1,2,1.4187860282229037,7047.5,0,kaggle
6854-EXGSF,0,-0.43991649313097614,0,0,-0.9924020376385531,1,2,0,2,2,2,0,0,0,0,1,0,0.02453834508352634,573.15,0,kaggle
1241-EZFMJ,1,-0.43991649313097614,1,0,1.1657772395230555,1,2,2,1,1,1,1,1,1,2,0,0,-1.3065610520495383,1538.6,0,kaggle
9233-PSYHO,0,2.273158691738958,0,0,0.5142514200025698,1,2,1,0,0,2,0,2,2,1,1,0,1.1761636661986499,4459.8,0,kaggle
5376-PCKNB,1,-0.43991649313097614,1,1,1.6137012404433893,1,2,1,0,2,2,0,2,2,1,1,1,1.3190782082129364,7459.0,0,kaggle
8044-BGWPI,1,-0.43991649313097614,1,1,-0.8295205827584317,1,0,2,1,1,1,1,1,1,0,1,2,-1.4494755940638249,306.05,0,kaggle
4060-LDNLU,1,-0.43991649313097614,0,0,-1.0331224013585834,1,2,1,0,0,0,0,2,2,0,0,2,1.044881703185526,639.7,0,kaggle
3589-PPVKW,1,-0.43991649313097614,0,0,-0.9516816739185228,1,0,0,0,0,0,0,0,0,0,1,3,-0.6767399889865777,348.15,0,kaggle
8327-LZKAS,0,2.273158691738958,1,0,0.43281069256250915,1,2,1,0,0,2,2,2,2,1,1,2,1.422109622223236,4533.9,1,kaggle
5887-IKKYO,1,-0.43991649313097614,1,1,1.0436161483629645,1,2,1,0,0,2,2,0,2,2,0,0,0.9833952141793793,5563.65,0,kaggle
1075-BGWOH,1,2.273158691738958,1,0,-0.6666391278783103,1,2,1,0,0,2,0,2,2,0,1,2,1.1296333501939984,1587.55,1,kaggle
1755-RMCXH,1,-0.43991649313097614,1,1,-1.2367242199587352,1,0,2,1,1,1,1,1,1,0,0,3,-1.477726143066649,40.25,0,kaggle
0302-JOIVN,0,-0.43991649313097614,1,0,-0.9924020376385531,1,0,1,0,2,2,0,2,2,0,0,2,1.2093996062019723,842.9,1,kaggle
3858-XHYJO,0,-0.43991649313097614,1,0,0.3106496014024181,1,2,1,2,0,2,0,2,2,1,0,0,1.3622849302172555,4228.55,0,kaggle
4299-SIMNS,1,-0.43991649313097614,0,0,-0.9516816739185228,1,2,1,2,0,0,0,0,0,0,1,2,0.544680806135523,784.45,0,kaggle
7025-IWFHT,1,-0.43991649313097614,0,0,0.35136996512244845,1,0,1,0,2,0,2,2,0,1,1,2,0.8238627021634315,3729.75,0,kaggle
6261-LHRTG,0,-0.43991649313097614,0,0,-0.2594354906780068,1,0,0,0,2,2,0,0,0,0,1,1,-0.3327480099521901,1406.9,0,kaggle
7841-FCRQD,0,-0.43991649313097614,1,0,0.025607055362205634,1,0,0,0,2,0,2,0,0,1,1,1,-0.3659839499555126,1857.3,0,kaggle
2056-EVGZL,1,-0.43991649313097614,1,1,1.4508197855632678,1,0,1,0,2,2,2,2,2,1,0,1,1.3622849302172555,7322.5,0,kaggle
8777-MBMTS,0,2.273158691738958,1,0,1.3286586944031769,1,0,1,0,2,2,2,2,2,2,1,1,1.3656085242175875,6725.5,0,kaggle
7753-USQYQ,1,-0.43991649313097614,0,0,0.9214550572028734,1,0,0,0,2,0,2,0,2,1,1,2,-0.018668376920792765,3627.3,0,kaggle
5366-IJEQJ,1,-0.43991649313097614,0,0,-0.5037576729981889,1,2,1,0,0,2,0,2,0,0,1,2,0.7956121531606076,1761.45,1,kaggle
7661-CPURM,1,-0.43991649313097614,0,0,-0.5444780367182193,1,0,1,0,0,0,2,0,2,1,1,1,0.7623762131572851,1725.95,0,kaggle
6233-HXJMX,0,-0.43991649313097614,0,0,0.5142514200025698,1,2,1,0,0,2,0,0,2,0,1,1,0.8155537171626008,4192.15,0,kaggle
5902-WBLSE,0,-0.43991649313097614,1,1,1.5322605130033284,1,0,2,1,1,1,1,1,1,2,1,1,-1.4827115340671475,1411.2,0,kaggle
1981-INRFU,0,-0.43991649313097614,0,0,-1.2367242199587352,1,0,1,0,0,0,0,2,0,0,1,2,0.4981504901308714,164.5,1,kaggle
4971-PUYQO,0,-0.43991649313097614,0,0,-0.21871512695797646,1,2,1,0,0,0,0,2,2,0,1,3,0.9900424021800438,2724.6,1,kaggle
3239-TPHPZ,0,-0.43991649313097614,1,0,-0.8295205827584317,1,0,2,1,1,1,1,1,1,2,1,2,-1.4860351280674797,264.55,0,kaggle
5115-GZDEL,1,-0.43991649313097614,0,1,1.6137012404433893,0,1,0,2,2,2,2,2,2,2,0,1,0.08103944308917463,4671.7,0,kaggle
3338-CVVEH,1,-0.43991649313097614,0,0,-0.8295205827584317,1,2,1,0,0,0,0,2,2,0,0,2,0.9900424021800438,1173.55,0,kaggle
8485-GJCDN,0,2.273158691738958,0,0,-1.1145631287986442,1,0,1,0,0,0,0,0,0,0,1,3,0.142525932095321,318.5,1,kaggle
2615-YVMYX,1,2.273158691738958,1,0,1.5729808767233588,1,2,1,2,2,2,0,2,2,0,1,2,1.42044782522307,7713.55,0,kaggle
2851-STERV,1,2.273158691738958,0,0,0.10704778280226633,1,0,0,0,0,2,2,2,2,1,1,2,0.27380789510844483,2471.25,0,kaggle
4393-GEADV,1,-0.43991649313097614,1,1,1.5322605130033284,1,2,1,2,2,2,2,2,2,2,0,1,1.6614083902471577,7842.3,0,kaggle
8486-AYEQH,0,-0.43991649313097614,0,0,-0.055833672077855064,1,2,1,0,0,0,0,0,0,0,1,2,0.37517751211857825,2227.8,0,kaggle
1527-SXDPN,1,-0.43991649313097614,1,1,0.7992939660427822,1,2,1,0,0,2,2,0,2,2,1,0,1.0465435001856922,4990.25,1,kaggle
6029-WTIPC,1,2.273158691738958,0,0,0.18848851024232702,1,2,1,0,0,2,0,2,2,0,1,2,1.2077378092018058,3744.05,1,kaggle
8634-CILSZ,1,-0.43991649313097614,0,0,1.4915401492832983,1,2,1,0,2,0,2,2,2,1,1,0,1.327387193213767,7220.35,1,kaggle
5419-JKZNQ,1,2.273158691738958,1,0,-0.0965540357978854,1,2,1,0,0,0,0,0,0,0,0,3,0.4366640011247251,2351.45,0,kaggle
2495-KZNFB,0,-0.43991649313097614,0,0,0.025607055362205634,1,2,1,2,0,0,0,0,2,0,1,2,0.8604222361670865,2989.6,0,kaggle
1409-PHXTF,1,2.273158691738958,1,0,0.880734693482843,1,2,1,0,2,2,2,2,2,2,1,2,1.5184938482328711,6077.75,0,kaggle
4560-WQAQW,0,-0.43991649313097614,0,0,1.0843365120829946,1,2,0,2,0,0,2,0,2,1,0,0,0.1308933530941583,4070.95,0,kaggle
9591-YVTEB,1,2.273158691738958,0,0,0.9214550572028734,0,1,0,2,2,0,0,2,0,0,1,2,-0.6617838159850825,2479.05,0,kaggle
9309-BZGNT,1,2.273158691738958,1,0,1.4915401492832983,0,1,0,0,0,2,0,0,0,1,1,1,-1.1619847130350858,2134.3,0,kaggle
4274-DRSQT,0,-0.43991649313097614,0,0,1.369379058123207,1,2,1,0,2,0,0,2,0,1,1,0,0.8022593411612722,6000.1,0,kaggle
2027-DNKIV,1,-0.43991649313097614,1,1,0.18848851024232702,1,0,0,2,0,2,2,0,0,1,1,3,-0.19980424993890028,2203.1,0,kaggle
8075-GXIUB,1,2.273158691738958,1,0,-0.9516816739185228,1,0,2,1,1,1,1,1,1,1,0,1,-1.4926823160681442,183.15,0,kaggle
2885-HIJDH,1,-0.43991649313097614,1,1,1.4915401492832983,1,2,0,2,0,2,2,2,2,2,0,0,0.7357874611546272,6194.1,0,kaggle
5424-RLQLC,1,-0.43991649313097614,0,0,-0.9109613101984924,1,0,0,0,2,0,0,2,0,0,1,3,-0.1698919039359101,638.95,0,kaggle
6682-QJDGB,1,-0.43991649313097614,0,1,0.3106496014024181,1,0,0,2,2,0,0,0,0,0,1,3,-0.3161300399505289,2139.2,1,kaggle
6507-DTJZV,1,-0.43991649313097614,0,1,-0.7888002190384014,1,0,0,0,0,0,0,2,2,0,0,1,0.05445069108651675,831.75,0,kaggle
8780-IXSTS,0,-0.43991649313097614,0,0,-1.0738427650786138,1,2,1,0,2,0,0,2,0,0,1,2,0.8421424691652587,521.3,1,kaggle
7673-BQGKU,0,-0.43991649313097614,1,1,1.4915401492832983,1,0,2,1,1,1,1,1,1,2,0,0,-1.4827115340671475,1337.5,0,kaggle
6723-WSNTY,0,2.273158691738958,1,0,1.369379058123207,1,2,1,0,2,2,2,2,2,1,1,1,1.440389389225063,7181.95,0,kaggle
9530-EHPOH,1,-0.43991649313097614,0,0,-0.8702409464784621,1,2,0,0,0,2,0,0,0,0,0,2,-0.3659839499555126,608.0,1,kaggle
2725-IWWBA,1,-0.43991649313097614,1,1,0.5549717837226001,1,0,0,2,0,2,2,0,0,1,0,3,-0.2612907389450469,2560.1,0,kaggle
0345-HKJVM,0,-0.43991649313097614,0,0,-1.0738427650786138,1,0,1,0,0,0,0,2,2,0,0,2,0.8155537171626008,577.6,1,kaggle
1061-PNTHC,0,-0.43991649313097614,1,1,0.9621754209229036,1,2,1,2,0,2,2,2,2,0,1,3,1.4902432992300467,5953.0,0,kaggle
0394-YONDK,1,-0.43991649313097614,1,1,1.5322605130033284,1,2,2,1,1,1,1,1,1,2,0,1,-1.3165318340505352,1790.15,0,kaggle
6574-MCOEH,0,-0.43991649313097614,1,1,0.025607055362205634,1,2,0,0,0,2,2,2,2,1,1,2,0.47820892612887816,2531.4,0,kaggle
7399-QHBJS,0,-0.43991649313097614,1,1,1.6137012404433893,1,2,0,2,2,0,2,0,0,2,0,1,0.06608327008767942,4760.3,0,kaggle
3049-SOLAY,0,-0.43991649313097614,1,0,-1.1960038562387048,1,2,1,0,0,0,0,2,2,0,1,2,1.0116457631822036,292.85,1,kaggle
0997-YTLNY,0,-0.43991649313097614,0,1,-0.5444780367182193,1,0,0,0,0,0,2,0,0,0,0,3,-0.5305018529719588,953.65,0,kaggle
3317-HRTNN,0,2.273158691738958,0,0,-1.1145631287986442,0,1,0,0,0,0,0,2,2,0,0,2,-0.6335332669822583,198.0,1,kaggle
9479-HYNYL,0,-0.43991649313097614,1,0,1.5729808767233588,1,0,0,0,2,2,2,2,2,2,1,1,0.5297246331340278,5705.05,0,kaggle
3235-ETOOB,1,-0.43991649313097614,1,0,-0.9924020376385531,1,0,1,2,0,0,0,0,0,0,1,2,0.3236618051134285,609.9,1,kaggle
9708-KFDBY,1,-0.43991649313097614,0,0,-1.2774445836787656,1,0,2,1,1,1,1,1,1,0,0,1,-1.4694171580658184,20.55,0,kaggle
8058-INTPH,0,-0.43991649313097614,0,0,-1.2774445836787656,1,0,1,0,0,0,0,2,0,0,1,2,0.4948268961305394,79.65,1,kaggle
3642-GKTCT,0,-0.43991649313097614,0,0,1.1657772395230555,1,2,1,2,2,2,2,2,2,1,1,3,1.6730409692483204,6993.65,0,kaggle
0774-RMNUW,0,-0.43991649313097614,1,1,1.5729808767233588,0,1,0,2,2,0,2,2,2,2,0,0,-0.16823010693574386,4122.65,0,kaggle
1334-PDUKM,0,-0.43991649313097614,1,0,1.4508197855632678,1,2,1,0,2,2,0,0,0,1,0,1,0.720831288153132,5762.95,0,kaggle
0756-MPZRL,1,-0.43991649313097614,0,0,0.5549717837226001,0,1,0,0,0,2,2,0,0,1,0,1,-1.0323645470221279,1537.85,0,kaggle
2242-MFOTG,1,-0.43991649313097614,0,0,0.025607055362205634,1,2,1,2,0,0,0,0,0,1,0,0,0.5097830691320341,2603.3,0,kaggle
2927-CVULT,0,-0.43991649313097614,1,1,0.8400143297628127,1,2,1,2,2,2,2,0,2,2,1,0,1.3057838322116073,5566.4,0,kaggle
2144-BFDSO,0,2.273158691738958,1,0,0.7178532386027215,1,2,1,2,2,2,0,2,2,0,0,0,1.461992750227223,5431.9,0,kaggle
8745-PVESG,0,-0.43991649313097614,0,0,1.002895784642934,0,1,0,2,0,2,2,0,0,1,1,1,-0.7864185909975417,2258.25,0,kaggle
7647-GYYKX,0,-0.43991649313097614,1,1,0.880734693482843,1,0,2,1,1,1,1,1,1,2,1,0,-1.4760643460664828,1092.35,0,kaggle
5647-FXOTP,0,2.273158691738958,1,0,1.125056875803025,1,2,1,0,2,2,0,2,2,0,1,2,1.3672703212177542,6401.25,0,kaggle
5569-OUICF,0,2.273158691738958,1,0,-0.1779947632379461,1,2,1,0,0,0,2,2,2,0,1,1,1.2143849972024705,2812.2,1,kaggle
8821-XNHVZ,0,-0.43991649313097614,1,1,-1.2774445836787656,1,0,1,0,0,0,0,2,0,0,1,3,0.5081212721318681,80.05,1,kaggle
2082-OJVTK,1,-0.43991649313097614,1,1,-0.13727439951791576,1,2,1,0,0,2,0,0,2,0,1,2,0.8122301231622688,2698.35,1,kaggle
9700-ISPUP,0,-0.43991649313097614,1,1,-0.9109613101984924,1,0,0,0,2,0,2,0,2,0,1,2,0.02453834508352634,616.9,0,kaggle
9839-ETQOE,1,-0.43991649313097614,0,1,0.43281069256250915,0,1,0,2,2,2,0,0,0,0,1,2,-0.8080219519997013,1912.85,0,kaggle
6078-VESFR,1,2.273158691738958,1,0,-0.7888002190384014,1,0,1,0,0,0,0,0,0,0,0,0,0.18905624809997262,849.1,0,kaggle
9027-TMATR,0,-0.43991649313097614,1,0,0.43281069256250915,1,0,0,2,0,2,2,2,2,2,1,2,0.466576347127715,3460.3,0,kaggle
5940-NFXKV,1,-0.43991649313097614,1,1,-0.5444780367182193,1,2,1,0,0,0,0,0,2,0,1,2,0.6277706561438292,1465.75,1,kaggle
1941-HOSAM,1,-0.43991649313097614,1,1,-1.2774445836787656,1,0,1,0,0,0,0,2,2,0,1,2,0.8421424691652587,90.1,0,kaggle
9110-HSGTV,0,-0.43991649313097614,0,0,1.4915401492832983,1,0,0,2,0,2,2,2,2,2,1,1,0.5878875281398422,5555.3,0,kaggle
0704-VCUMB,0,-0.43991649313097614,1,0,1.1657772395230555,1,0,2,1,1,1,1,1,1,2,0,1,-1.479387940066815,1278.8,0,kaggle
6171-ZTVYB,1,-0.43991649313097614,1,0,0.43281069256250915,1,2,0,2,2,0,2,0,0,0,0,0,0.04946530008601819,2907.35,0,kaggle
8053-WWDRO,0,-0.43991649313097614,1,0,-1.0738427650786138,1,0,2,1,1,1,1,1,1,0,0,0,-1.504314895069307,146.3,1,kaggle
9564-KCLHR,1,-0.43991649313097614,0,0,-1.2774445836787656,1,0,0,0,0,0,2,0,0,0,0,3,-0.44907379996381874,51.25,1,kaggle
1935-IMVBB,1,-0.43991649313097614,1,0,0.9621754209229036,1,0,1,0,0,0,0,2,2,0,0,3,0.82884809316393,4952.95,0,kaggle
2535-PBCGC,0,-0.43991649313097614,1,0,1.5322605130033284,0,1,0,2,2,2,2,2,2,2,0,0,-0.007035797919630092,4504.9,0,kaggle
2082-CEFLT,1,-0.43991649313097614,0,0,-1.2774445836787656,1,0,0,0,0,0,0,0,0,0,1,2,-0.6368568609825906,45.6,1,kaggle
1470-PSXNM,1,-0.43991649313097614,1,1,0.6771328748826912,1,2,1,0,2,2,0,2,0,1,1,2,0.9601300561770538,4520.15,0,kaggle
1213-NGCUN,0,-0.43991649313097614,0,0,-1.0738427650786138,1,0,0,0,0,0,2,0,0,0,1,0,-0.5022513039691348,267.35,1,kaggle
2498-XLDZR,0,-0.43991649313097614,1,1,-0.015113308357824713,1,0,0,2,2,2,2,0,2,2,0,3,0.2937494591104381,2316.85,0,kaggle
9866-OCCKE,0,2.273158691738958,1,0,1.6137012404433893,1,2,1,2,0,2,2,2,2,2,1,3,1.4952286902305454,8075.35,0,kaggle
5338-YHWYT,1,-0.43991649313097614,0,1,0.18848851024232702,1,0,0,2,2,0,2,0,0,2,0,1,-0.11006721192992953,2302.35,0,kaggle
7718-UPSKJ,0,-0.43991649313097614,1,0,1.4915401492832983,1,0,1,2,2,0,2,2,2,1,1,1,1.3838882912194153,7251.9,0,kaggle
8731-WBBMB,0,-0.43991649313097614,1,0,-0.2594354906780068,1,0,0,0,2,2,2,2,2,0,0,0,0.5696077611380149,2078.55,0,kaggle
1448-CYWKC,0,-0.43991649313097614,1,1,1.0436161483629645,1,2,1,0,2,2,0,2,2,1,1,1,1.3440051632154282,6225.4,0,kaggle
7901-IIDQV,1,-0.43991649313097614,0,0,-0.3408762181180675,1,2,0,0,0,0,2,0,0,1,0,0,-0.33773340095268845,1242.25,0,kaggle
2690-DVRVK,1,-0.43991649313097614,1,1,-1.1145631287986442,1,0,2,1,1,1,1,1,1,1,0,2,-1.4694171580658184,99.45,0,kaggle
5688-KZTSN,1,-0.43991649313097614,1,1,-0.7073594915983407,1,0,2,1,1,1,1,1,1,0,1,2,-1.4876969250676457,288.05,1,kaggle
1270-XKUCC,0,-0.43991649313097614,1,1,-0.0965540357978854,1,0,2,1,1,1,1,1,1,2,0,3,-1.4976677070686424,599.25,0,kaggle
0334-ZFJSR,0,-0.43991649313097614,1,0,0.9214550572028734,1,2,0,2,2,0,2,0,0,1,1,1,0.042818112085353605,3462.1,0,kaggle
2894-QOJRX,0,-0.43991649313097614,1,0,-0.30015585439803716,0,1,0,0,0,0,0,2,0,0,1,0,-1.0223937650211312,853.0,1,kaggle
5747-PMBSQ,1,2.273158691738958,1,0,-0.9109613101984924,1,0,1,0,2,2,2,2,0,0,1,3,0.9219087251732329,934.1,1,kaggle
5583-EJXRD,1,-0.43991649313097614,1,1,0.47353105628253944,0,1,0,2,2,2,2,0,2,2,1,1,-0.35601316795451593,2375.2,0,kaggle
4565-EVZMJ,0,-0.43991649313097614,0,0,0.5956921474426305,1,0,0,2,2,0,2,0,0,1,1,3,-0.19481885893840195,2813.05,0,kaggle
3143-JQEGI,0,-0.43991649313097614,1,1,-0.7888002190384014,1,0,1,0,0,0,0,2,2,0,0,2,0.7839795741594444,1222.8,1,kaggle
6386-SZZKH,0,-0.43991649313097614,1,1,0.6771328748826912,1,2,1,0,2,2,2,2,2,2,1,0,1.435403998224565,5293.2,1,kaggle
3327-YBAKM,0,-0.43991649313097614,1,0,1.2879383306831464,1,0,1,2,0,0,2,2,2,1,1,3,1.068146861187852,6314.35,0,kaggle
9441-QHEVC,1,-0.43991649313097614,0,0,-1.2774445836787656,1,0,2,1,1,1,1,1,1,0,0,3,-1.517609271070636,19.1,0,kaggle
6705-LNMDD,1,-0.43991649313097614,0,0,-0.5037576729981889,1,0,0,0,0,0,2,0,0,0,0,3,-0.4906187249679718,1003.05,0,kaggle
2580-ASVVY,0,-0.43991649313097614,1,0,0.18848851024232702,0,1,0,2,0,0,2,2,0,2,0,2,-0.6435040489832552,1593.1,0,kaggle
3370-GQEAL,1,-0.43991649313097614,1,1,-0.0965540357978854,1,2,1,0,0,0,0,2,0,0,0,2,0.6875953481498096,2509.95,0,kaggle
5032-USPKF,0,-0.43991649313097614,0,0,0.22920887396235737,1,2,0,2,2,2,0,2,2,1,0,0,0.642726829145324,3187.65,0,kaggle
2982-IHMFT,0,2.273158691738958,0,0,-1.2774445836787656,1,2,1,0,0,0,0,0,0,0,1,3,0.32200000811326246,74.45,1,kaggle
3521-SYVOR,0,-0.43991649313097614,0,0,0.18848851024232702,1,0,0,0,0,0,0,2,2,0,1,2,-0.00038860991896550476,2345.2,1,kaggle
4254-QPEDE,0,-0.43991649313097614,1,0,0.7992939660427822,0,1,0,2,2,2,2,2,2,2,0,1,0.04946530008601819,3330.1,0,kaggle
6283-GITPX,1,-0.43991649313097614,0,1,1.5729808767233588,1,0,0,2,2,2,2,2,0,2,1,1,0.4034280611214026,5522.7,0,kaggle
9526-JAWYF,1,-0.43991649313097614,0,0,-0.2594354906780068,1,0,1,0,2,2,0,2,0,0,0,2,0.8321716871642622,2335.3,1,kaggle
0771-CHWSK,1,-0.43991649313097614,0,0,1.369379058123207,1,2,0,2,2,2,0,0,2,2,1,1,0.32698539911376057,4798.4,0,kaggle
9788-HNGUT,1,-0.43991649313097614,1,0,1.6137012404433893,1,2,1,2,2,2,2,2,2,2,1,1,1.7345274582544672,8594.4,0,kaggle
9495-REDIY,1,-0.43991649313097614,0,1,-0.30015585439803716,0,1,0,2,0,0,0,2,0,1,1,1,-0.801374763999037,970.55,0,kaggle
5375-XLDOF,1,-0.43991649313097614,1,1,1.4915401492832983,1,2,1,2,2,2,2,2,2,2,1,0,1.6481140142458286,7665.8,0,kaggle
1172-VIYBP,1,-0.43991649313097614,1,1,0.8400143297628127,1,2,0,2,2,0,0,0,2,2,0,0,0.16412929309748078,3686.05,0,kaggle
5649-VUKMC,0,-0.43991649313097614,0,0,-0.8295205827584317,1,0,1,0,0,2,0,2,2,1,0,3,1.0216165451832002,1115.15,1,kaggle
6559-PDZLR,1,-0.43991649313097614,0,0,-0.2594354906780068,1,0,1,0,0,2,2,2,2,0,1,2,1.1263097561936661,2537.0,0,kaggle
8992-OBVDG,1,-0.43991649313097614,0,0,-0.46303730927815856,1,0,0,0,0,2,0,0,2,0,0,3,-0.10342002392926519,1393.6,0,kaggle
4273-MBHYA,0,-0.43991649313097614,0,1,-1.2774445836787656,1,0,1,0,0,0,0,2,2,0,1,2,0.8172155141627669,89.35,0,kaggle
4724-WXVWF,1,-0.43991649313097614,0,0,0.6364125111626608,1,2,1,2,0,0,2,0,2,0,1,2,1.0182929511828682,4445.3,0,kaggle
5701-GUXDC,0,-0.43991649313097614,1,0,-0.2594354906780068,0,1,0,2,0,2,0,0,0,1,0,1,-0.9758634490164798,978.6,0,kaggle
1460-UZPRJ,1,-0.43991649313097614,1,0,1.125056875803025,1,0,2,1,1,1,1,1,1,2,0,3,-1.4893587220678117,1258.15,0,kaggle
6082-GLJIX,1,-0.43991649313097614,0,0,-0.5851984004382496,1,0,2,1,1,1,1,1,1,0,0,3,-1.5126238800701375,331.35,0,kaggle
5143-EGQFK,0,2.273158691738958,0,0,-0.9109613101984924,0,1,0,0,0,0,2,0,0,0,1,2,-1.166970104035584,291.4,1,kaggle
4919-IKATY,1,-0.43991649313097614,1,1,-1.1145631287986442,1,2,1,2,0,2,0,0,0,0,1,2,0.6560212051466532,453.75,1,kaggle
2495-TTHBQ,0,-0.43991649313097614,0,1,-1.1552834925186746,1,0,2,1,1,1,1,1,1,1,1,3,-1.4744025490663168,84.75,0,kaggle
0485-ZBSLN,1,-0.43991649313097614,1,1,1.3286586944031769,1,2,2,1,1,1,1,1,1,2,0,1,-1.329826210051864,1715.1,0,kaggle
3810-PJUHR,1,-0.43991649313097614,1,1,1.5322605130033284,1,2,2,1,1,1,1,1,1,2,0,3,-1.3098846460498705,1715.15,0,kaggle
9050-QLROH,1,-0.43991649313097614,0,0,-0.5851984004382496,1,2,1,0,0,2,0,0,2,0,1,1,0.8620840331672525,1597.25,1,kaggle
0847-HGRML,1,-0.43991649313097614,0,1,1.2064976032430856,1,0,2,1,1,1,1,1,1,2,0,0,-1.4876969250676457,1250.1,0,kaggle
8232-CTLKO,0,-0.43991649313097614,1,1,1.369379058123207,1,0,0,2,0,0,0,2,0,2,1,2,-0.16656830993557784,3996.8,0,kaggle
9227-YBAXE,0,-0.43991649313097614,1,1,1.3286586944031769,1,2,0,2,2,0,2,2,2,2,1,0,0.5895493251400082,5215.1,0,kaggle
6168-WFVVF,0,2.273158691738958,0,0,-1.1960038562387048,1,0,1,0,0,0,0,0,0,0,1,2,0.18407085709947407,235.5,1,kaggle
9860-LISIZ,0,-0.43991649313097614,0,0,0.06632741908223598,1,0,2,1,1,1,1,1,1,0,0,3,-1.4760643460664828,673.2,0,kaggle
0112-QAWRZ,1,-0.43991649313097614,1,1,-0.6666391278783103,1,2,1,0,0,2,0,2,0,0,1,0,0.8654076271675846,1442.2,0,kaggle
0877-SDMBN,0,-0.43991649313097614,0,0,0.880734693482843,1,2,1,2,0,2,0,2,2,1,1,0,1.302460238211275,5639.05,1,kaggle
2786-GCDPI,0,2.273158691738958,0,0,0.7178532386027215,1,2,1,0,0,2,2,2,2,0,1,2,1.3356961782145975,5222.35,0,kaggle
4043-MKDTV,1,-0.43991649313097614,1,0,1.5729808767233588,1,0,1,0,2,2,2,2,2,2,1,2,1.3456669602155942,7291.75,0,kaggle
8065-YKXKD,0,-0.43991649313097614,0,0,-0.9109613101984924,1,2,1,0,0,0,0,0,0,0,1,2,0.3319707901142591,799.65,1,kaggle
9637-EIHEQ,0,-0.43991649313097614,0,0,-1.2774445836787656,1,0,0,0,0,0,2,0,0,0,1,2,-0.46402997296531395,50.8,1,kaggle
9229-RQABD,1,-0.43991649313097614,0,0,-0.5851984004382496,1,2,2,1,1,1,1,1,1,1,0,3,-1.3630621500551865,424.5,0,kaggle
8313-KTIHG,1,-0.43991649313097614,0,0,-1.1552834925186746,1,0,0,0,0,0,2,2,0,0,1,2,-0.1150526029304281,249.4,0,kaggle
5320-BRKGK,0,-0.43991649313097614,1,1,1.0436161483629645,1,2,0,2,0,2,2,2,0,2,0,3,0.36686852711774764,4415.75,0,kaggle
6284-KMNUF,0,-0.43991649313097614,1,0,0.9621754209229036,1,2,1,2,0,0,0,2,2,1,1,2,1.1047063951915064,5270.6,0,kaggle
9689-PTNPG,1,-0.43991649313097614,0,0,-1.2367242199587352,1,0,1,0,0,0,0,2,0,0,1,2,0.5147684601325326,144.55,1,kaggle
9465-RWMXL,1,-0.43991649313097614,1,0,-0.015113308357824713,1,2,1,0,0,2,0,0,0,0,1,2,0.46989994112804756,2447.95,1,kaggle
6229-UOLQL,1,-0.43991649313097614,1,1,0.9621754209229036,0,1,0,2,2,0,2,2,0,1,1,3,-0.42414684496132693,2884.9,0,kaggle
2362-IBOOY,1,-0.43991649313097614,0,0,0.14776814652229667,1,2,1,0,0,0,0,0,2,0,1,2,0.6643301901474837,3050.15,1,kaggle
3137-LUPIX,0,-0.43991649313097614,0,0,-1.1552834925186746,1,2,0,0,0,0,2,2,0,0,1,3,-0.012021188920128179,253.0,0,kaggle
0843-WTBXE,1,-0.43991649313097614,0,0,0.8400143297628127,1,2,1,0,0,0,0,2,0,0,0,0,0.6875953481498096,4517.25,1,kaggle
6143-JQKEA,1,-0.43991649313097614,0,0,-0.9109613101984924,1,0,0,0,0,0,0,0,0,0,1,1,-0.6302096729819263,436.2,0,kaggle
8676-OOQEJ,1,-0.43991649313097614,0,0,-1.1552834925186746,0,1,0,0,0,0,2,0,0,0,0,2,-1.1387195550327598,118.4,0,kaggle
5515-IDEJJ,1,-0.43991649313097614,1,1,-1.2774445836787656,1,0,2,1,1,1,1,1,1,0,0,3,-1.491020519067978,19.9,1,kaggle
9701-CDXHR,0,-0.43991649313097614,1,0,0.758573602322752,1,0,1,0,0,0,0,0,0,0,0,3,0.14584952609565352,3649.6,0,kaggle
7450-NWRTR,1,2.273158691738958,0,0,-0.8295205827584317,1,2,1,0,0,2,0,2,2,0,1,2,1.1528985081963241,1200.15,1,kaggle
8124-NZVGJ,0,-0.43991649313097614,0,0,-1.0738427650786138,0,1,0,0,0,0,2,2,2,1,1,3,-0.5155456799704636,255.6,0,kaggle
2162-FRZAA,1,-0.43991649313097614,1,1,1.247217966963116,0,1,0,0,2,2,2,0,0,2,0,0,-0.844581486003356,2395.05,0,kaggle
5376-DEQCP,0,-0.43991649313097614,0,0,-1.2774445836787656,1,0,1,0,0,0,0,0,0,0,1,2,0.19404163910047073,70.6,1,kaggle
5118-MUEYH,0,-0.43991649313097614,1,0,0.6364125111626608,1,2,1,0,2,0,2,2,2,0,1,1,1.3406815692150957,5083.55,0,kaggle
9095-HFAFX,0,-0.43991649313097614,0,0,-1.1145631287986442,1,0,1,0,0,0,0,2,0,0,1,1,0.5396954151350245,389.6,1,kaggle
5627-TVBPP,0,-0.43991649313097614,0,1,0.10704778280226633,1,0,2,1,1,1,1,1,1,1,1,1,-1.4843733310673135,644.5,0,kaggle
2379-ENZGV,1,-0.43991649313097614,0,0,-1.0738427650786138,1,0,1,0,2,0,0,2,0,0,1,2,0.6676537841478158,523.5,1,kaggle
3936-QQFLL,1,-0.43991649313097614,0,0,-1.2367242199587352,1,0,2,1,1,1,1,1,1,0,0,3,-1.4960059100684764,39.3,0,kaggle
2589-AYCRP,0,-0.43991649313097614,0,0,0.7178532386027215,1,0,2,1,1,1,1,1,1,1,0,0,-1.4960059100684764,989.05,0,kaggle
4067-HLYQI,0,-0.43991649313097614,0,0,0.025607055362205634,1,0,1,0,0,0,0,0,0,0,1,0,0.1873944510998066,2406.1,0,kaggle
5124-EOGYE,1,-0.43991649313097614,0,0,-0.055833672077855064,1,0,2,1,1,1,1,1,1,2,0,3,-1.4727407520661506,638.55,0,kaggle
5057-RKGLH,0,-0.43991649313097614,1,1,-0.9516816739185228,1,0,2,1,1,1,1,1,1,2,0,3,-1.4760643460664828,191.1,0,kaggle
0292-WEGCH,0,-0.43991649313097614,1,1,0.880734693482843,1,2,0,0,2,2,2,2,2,0,1,2,0.7125223031523015,4524.05,0,kaggle
8910-ICHIU,0,-0.43991649313097614,0,0,0.5549717837226001,1,0,1,2,2,2,0,2,0,1,1,1,1.0266019361836989,4664.2,0,kaggle
4097-YODCF,1,-0.43991649313097614,0,1,0.06632741908223598,1,2,1,2,2,0,0,2,2,1,1,2,1.2974748472107767,3470.8,0,kaggle
9715-WZCLW,1,-0.43991649313097614,1,1,1.5729808767233588,1,2,1,2,0,0,0,2,2,2,1,2,1.0781176431888486,6910.3,0,kaggle
9786-YWNHU,0,-0.43991649313097614,1,1,1.247217966963116,1,0,0,2,2,2,2,0,0,2,0,3,-0.04027173792295256,4014.2,0,kaggle
6407-GSJNL,0,-0.43991649313097614,0,0,0.758573602322752,1,2,2,1,1,1,1,1,1,2,0,0,-1.3231790220511994,1288.0,0,kaggle
6005-OBZPH,0,2.273158691738958,0,0,-0.2594354906780068,1,2,1,0,2,0,0,2,0,0,1,2,0.8105683261621028,2277.65,1,kaggle
4049-ZPALD,0,-0.43991649313097614,1,0,1.2879383306831464,1,0,1,2,0,2,0,2,2,2,1,0,1.1379423351948288,6375.8,0,kaggle
7932-WPTDS,0,2.273158691738958,1,0,-1.2774445836787656,0,1,0,0,0,0,0,0,0,0,1,2,-1.328164413051698,24.8,1,kaggle
3733-UOCWF,1,2.273158691738958,1,0,1.1657772395230555,1,2,1,0,2,0,2,0,0,1,1,0,0.6909189421501416,5251.75,0,kaggle
6833-JMZYP,0,-0.43991649313097614,0,0,-0.7073594915983407,1,0,1,0,0,2,0,2,2,0,1,1,0.9717626351782166,1505.45,0,kaggle
2722-VOJQL,1,-0.43991649313097614,0,0,1.2879383306831464,1,2,1,0,2,0,2,2,2,1,1,1,1.3589613362169235,6903.1,1,kaggle
1310-QRITU,0,-0.43991649313097614,0,0,-0.5851984004382496,1,2,0,0,0,0,0,0,0,0,1,2,-0.4806479429669752,913.3,0,kaggle
8961-QDZZJ,0,-0.43991649313097614,1,1,1.002895784642934,1,0,1,0,2,0,0,2,2,1,1,2,1.0049985751815391,5535.8,0,kaggle
9715-SBVSU,1,-0.43991649313097614,1,1,-0.748079855318371,1,0,0,2,2,0,0,0,2,2,1,0,-0.11172900893009581,815.55,0,kaggle
8490-BXHEO,1,2.273158691738958,0,0,-0.5851984004382496,1,2,1,0,2,0,0,0,0,0,1,1,0.5247392421335293,1411.65,0,kaggle
7173-TETGO,0,2.273158691738958,1,0,1.6137012404433893,1,2,1,2,0,0,0,0,0,2,0,0,0.45660556512671835,5602.25,0,kaggle
7929-SKFGK,1,-0.43991649313097614,1,0,1.5322605130033284,1,2,1,2,2,2,2,2,2,2,0,1,1.6464522172456624,8244.3,0,kaggle
2300-RQGOI,0,-0.43991649313097614,0,0,0.22920887396235737,1,0,2,1,1,1,1,1,1,2,0,3,-1.4860351280674797,741.5,0,kaggle
3563-SVYLG,1,-0.43991649313097614,1,1,1.4508197855632678,1,0,0,2,2,2,2,0,0,2,0,1,-0.07018408392594272,4375.8,0,kaggle
5228-EXCET,1,-0.43991649313097614,0,0,-0.7888002190384014,1,0,1,0,0,0,0,0,2,0,1,2,0.534710024134526,1008.7,1,kaggle
6435-VWCCY,1,2.273158691738958,1,0,1.3286586944031769,1,2,1,2,2,0,0,2,0,2,1,1,0.9285559131738974,5968.4,0,kaggle
4998-IKFSE,0,-0.43991649313097614,0,0,-0.0965540357978854,1,2,1,0,0,2,0,2,2,0,0,2,1.1861344481996465,3096.9,0,kaggle
8630-QSGXK,1,-0.43991649313097614,1,0,0.758573602322752,1,2,0,0,0,0,2,2,2,2,1,0,0.3469269631157543,3901.25,0,kaggle
2455-USLMV,0,-0.43991649313097614,0,0,-0.055833672077855064,1,2,1,2,0,2,0,0,0,0,1,1,0.6643301901474837,2613.4,0,kaggle
7394-FKDNK,0,-0.43991649313097614,1,0,-0.9516816739185228,1,0,1,0,0,0,0,2,2,0,0,2,0.8205391081630994,853.1,1,kaggle
9488-FVZCC,0,-0.43991649313097614,1,1,1.6137012404433893,1,2,0,2,2,2,2,0,2,2,1,0,0.4898415051300408,5661.7,0,kaggle
6331-LWDTQ,1,-0.43991649313097614,0,0,-0.9109613101984924,1,2,0,0,0,0,0,2,2,0,1,1,0.2455573461056209,794.25,1,kaggle
5995-WWKKG,0,-0.43991649313097614,0,0,0.18848851024232702,1,0,2,1,1,1,1,1,1,1,1,2,-1.4943441130683104,695.05,0,kaggle
1597-FZREH,0,-0.43991649313097614,0,0,-1.2367242199587352,1,0,0,0,0,2,2,2,2,0,0,2,0.3868100911197414,160.8,1,kaggle
7879-CGSFV,1,-0.43991649313097614,0,0,0.9214550572028734,1,0,1,2,2,0,0,2,2,1,1,3,1.2010906212011416,5552.05,0,kaggle
9921-EZKBY,1,-0.43991649313097614,0,1,0.025607055362205634,1,2,1,2,0,2,0,0,2,0,1,0,1.0149693571825356,3275.15,0,kaggle
7432-FFVAR,0,-0.43991649313097614,1,1,0.5549717837226001,1,0,1,0,0,2,2,0,2,1,0,0,0.8703930181680831,4236.6,0,kaggle
7246-ZGQDF,0,-0.43991649313097614,0,1,-1.2774445836787656,1,0,0,2,0,0,2,0,0,0,0,2,-0.3410569949530208,54.5,0,kaggle
7000-WCEVQ,0,2.273158691738958,0,0,-0.5037576729981889,1,2,0,0,0,0,0,0,2,0,1,3,-0.10508182092943122,1174.35,1,kaggle
0727-IWKVK,1,-0.43991649313097614,1,0,-0.9516816739185228,1,0,1,0,2,2,0,0,0,0,1,2,0.50313588113137,741.7,1,kaggle
5959-BELXA,1,2.273158691738958,0,0,-0.015113308357824713,1,2,1,0,0,0,0,2,2,0,1,1,1.04321990618536,3019.25,1,kaggle
4456-RHSNB,0,-0.43991649313097614,1,1,-0.5444780367182193,1,0,0,0,0,2,0,0,0,0,1,0,-0.5039131009693008,962.9,0,kaggle
3512-IZIKN,0,-0.43991649313097614,1,0,1.5322605130033284,1,2,0,2,0,2,2,0,0,2,0,1,0.017891157082861757,4759.75,1,kaggle
2481-SBOYW,0,-0.43991649313097614,0,1,1.1657772395230555,1,2,2,1,1,1,1,1,1,2,1,1,-1.3215172250510334,1498.35,0,kaggle
7109-MFBYV,1,-0.43991649313097614,0,0,-0.2594354906780068,1,0,0,0,0,0,0,0,0,0,0,2,-0.641842251983089,1233.15,0,kaggle
1833-TCXKK,1,-0.43991649313097614,1,0,0.5142514200025698,1,2,1,0,2,2,0,2,2,0,1,0,1.4287568102239003,4882.8,0,kaggle
1832-PEUTS,1,-0.43991649313097614,1,1,1.2064976032430856,1,2,1,0,0,2,0,2,0,2,1,1,0.8089065291619363,5411.65,0,kaggle
6141-OOXUQ,1,-0.43991649313097614,0,0,-1.2774445836787656,1,0,2,1,1,1,1,1,1,0,0,3,-1.4993295040688086,19.65,1,kaggle
8660-BUETV,0,-0.43991649313097614,0,0,-1.1960038562387048,1,0,0,0,0,0,0,0,0,0,0,3,-0.6651074099854147,148.05,0,kaggle
0580-PIQHM,0,-0.43991649313097614,1,1,0.35136996512244845,1,2,1,2,2,2,0,0,2,1,1,0,1.2243557792034672,3930.55,0,kaggle
5696-CEIQJ,1,-0.43991649313097614,1,1,1.4100994218432374,1,0,1,0,2,2,2,2,2,2,0,0,1.2758714862086173,6895.5,0,kaggle
7503-ZGUZJ,1,-0.43991649313097614,0,0,-1.2774445836787656,1,2,1,0,0,0,0,2,0,0,1,3,0.6610065961471517,84.65,1,kaggle
1696-HXOWK,0,-0.43991649313097614,1,0,1.5729808767233588,1,2,1,2,2,0,0,2,0,1,0,3,1.0266019361836989,6856.95,0,kaggle
3026-ATZYV,0,-0.43991649313097614,1,1,0.18848851024232702,1,0,0,2,2,0,0,2,2,1,0,0,0.3436033691154218,2658.8,0,kaggle
4012-YCFAI,1,-0.43991649313097614,1,0,1.125056875803025,1,0,0,2,2,0,2,0,0,2,1,3,-0.11339080593026184,3766.2,0,kaggle
2506-TNFCO,0,2.273158691738958,1,0,-1.2774445836787656,1,0,1,0,0,0,0,0,0,0,1,2,0.15914390209698223,69.55,1,kaggle
9970-QBCDA,0,-0.43991649313097614,0,0,-1.0738427650786138,1,0,2,1,1,1,1,1,1,0,0,1,-1.4976677070686424,129.55,0,kaggle
8718-PTMEZ,0,-0.43991649313097614,0,0,-0.7888002190384014,0,1,0,0,2,0,0,0,0,0,1,2,-1.1204397880309327,347.25,1,kaggle
9496-IVVRP,0,-0.43991649313097614,1,1,-0.8702409464784621,1,0,0,2,0,0,0,0,0,0,0,0,-0.4573827849646494,581.7,0,kaggle
2207-OBZNX,1,-0.43991649313097614,0,0,-1.0331224013585834,1,0,0,2,0,0,0,0,0,0,1,3,-0.4573827849646494,354.05,1,kaggle
2657-VPXTA,0,-0.43991649313097614,1,1,-0.9109613101984924,1,0,1,0,0,0,0,2,2,0,1,2,0.8005975441611056,929.45,0,kaggle
6551-VLJMV,1,-0.43991649313097614,1,0,0.06632741908223598,1,0,2,1,1,1,1,1,1,2,0,1,-1.4860351280674797,679.0,0,kaggle
1221-GHZEP,0,-0.43991649313097614,0,0,1.2064976032430856,1,0,0,2,0,0,2,0,2,2,1,3,0.011243969082197169,3846.75,0,kaggle
9289-LBQVU,1,-0.43991649313097614,1,0,1.2879383306831464,1,2,0,0,2,0,2,0,2,1,1,3,0.179085466098976,4480.7,0,kaggle
6142-VSJQO,0,-0.43991649313097614,1,1,-1.2774445836787656,1,0,0,0,0,0,0,0,0,0,1,0,-0.6784017859867437,44.35,1,kaggle
3458-IDMFK,1,-0.43991649313097614,0,0,-0.30015585439803716,1,0,2,1,1,1,1,1,1,2,1,3,-1.462769970065154,499.4,0,kaggle
6933-FHBZC,0,-0.43991649313097614,0,0,-0.2594354906780068,1,0,0,0,2,2,0,0,0,1,1,3,-0.28954128794787104,1553.2,0,kaggle
0221-NAUXK,1,-0.43991649313097614,0,1,-0.9109613101984924,1,0,2,1,1,1,1,1,1,1,1,0,-1.4893587220678117,219.5,0,kaggle
9770-KXGQU,0,-0.43991649313097614,0,0,0.8400143297628127,1,2,1,2,2,2,0,2,0,1,0,3,1.1246479591934997,5311.85,0,kaggle
6437-UKHMV,0,-0.43991649313097614,0,0,-1.0331224013585834,1,0,1,0,0,0,0,2,0,0,1,2,0.4964886931307054,586.05,1,kaggle
6538-POCHL,1,-0.43991649313097614,0,0,0.025607055362205634,1,0,1,0,2,2,0,0,0,0,1,1,0.4732235351283796,2576.8,0,kaggle
6726-NNFWD,0,2.273158691738958,1,0,1.5729808767233588,1,0,1,0,2,2,0,0,2,2,0,1,0.8205391081630994,6435.25,0,kaggle
3002-WQZWT,0,-0.43991649313097614,0,0,-0.13727439951791576,1,2,1,0,0,0,0,0,0,0,1,2,0.31369102311243185,1993.25,0,kaggle
4277-UDIEF,1,-0.43991649313097614,1,1,-0.3408762181180675,1,2,0,2,0,0,2,2,2,0,0,0,0.5396954151350245,1923.85,0,kaggle
1208-NBVFH,1,-0.43991649313097614,1,1,-0.5037576729981889,1,0,0,0,0,2,0,0,0,0,1,2,-0.5039131009693008,939.8,0,kaggle
4912-PIGUY,0,-0.43991649313097614,0,0,-1.2774445836787656,1,2,1,0,0,0,0,2,0,0,1,2,0.6593447991469852,84.6,0,kaggle
1114-CENIM,1,-0.43991649313097614,0,1,0.880734693482843,1,2,0,0,2,0,0,0,0,0,1,1,-0.3244390249513595,3092.65,1,kaggle
6060-DRTNL,0,2.273158691738958,0,0,-1.1145631287986442,1,0,1,0,0,2,0,2,0,0,1,3,0.6676537841478158,415.55,1,kaggle
2725-TTRIQ,0,-0.43991649313097614,1,1,1.6137012404433893,1,2,0,2,0,2,2,2,2,2,1,0,0.6460504231456565,5986.55,0,kaggle
3374-TTZTK,1,-0.43991649313097614,1,0,0.7992939660427822,1,0,1,2,2,2,2,2,2,2,1,2,1.3805646972190828,5487.0,0,kaggle
8990-ZXLSU,0,-0.43991649313097614,0,0,-0.9516816739185228,1,0,1,0,0,0,0,0,0,0,0,2,0.142525932095321,651.5,0,kaggle
2275-RBYQS,0,-0.43991649313097614,0,0,-1.2774445836787656,1,0,0,0,0,0,0,0,0,0,1,3,-0.6435040489832552,45.4,0,kaggle
8473-VUVJN,1,2.273158691738958,0,0,-1.2774445836787656,1,2,1,0,0,0,0,0,0,0,1,2,0.2954112561106046,73.65,1,kaggle
6289-CPNLD,1,-0.43991649313097614,1,1,0.025607055362205634,1,0,0,0,0,2,2,2,2,1,1,3,0.30372024111143525,2405.05,1,kaggle
5536-SLHPM,0,-0.43991649313097614,1,0,0.9214550572028734,1,2,1,0,0,2,0,0,0,0,1,2,0.43167861012422654,4458.15,1,kaggle
4419-UJMUS,1,-0.43991649313097614,1,1,1.4915401492832983,1,2,1,0,0,0,2,2,2,2,1,2,1.1495749141959914,6856.45,0,kaggle
7794-JASDG,1,-0.43991649313097614,0,0,-1.2774445836787656,1,0,0,2,0,0,0,0,0,0,1,3,-0.46569176996548,50.75,0,kaggle
7609-YBPXG,1,-0.43991649313097614,0,0,0.880734693482843,1,2,0,2,0,2,2,2,2,2,0,0,0.7424346491552913,4735.2,0,kaggle
5519-TEEUH,1,-0.43991649313097614,0,1,0.025607055362205634,1,0,2,1,1,1,1,1,1,1,1,3,-1.4827115340671475,682.15,0,kaggle
7856-GANIL,1,2.273158691738958,1,0,0.5142514200025698,1,2,1,0,2,2,2,2,0,1,1,0,1.1279715531938321,4525.8,0,kaggle
0804-XBFBV,0,-0.43991649313097614,0,1,-0.8702409464784621,0,1,0,0,0,0,0,0,0,0,0,2,-1.3148700370503688,321.05,0,kaggle
2676-OXPPQ,1,-0.43991649313097614,0,0,-1.0738427650786138,1,0,0,2,2,0,0,0,0,0,1,0,-0.3011738669490337,335.65,0,kaggle
3703-TTEPD,1,-0.43991649313097614,0,0,-0.46303730927815856,1,0,0,2,0,2,0,2,0,0,0,0,0.019552954083027783,1424.4,0,kaggle
2799-TSLAG,0,-0.43991649313097614,1,1,1.3286586944031769,1,2,2,1,1,1,1,1,1,2,1,0,-1.3115464430500368,1748.55,0,kaggle
0196-VULGZ,0,2.273158691738958,1,0,-1.0738427650786138,1,2,1,0,0,0,0,0,2,0,1,2,0.6510358141461546,474.9,1,kaggle
8837-VVWLQ,0,-0.43991649313097614,0,0,-0.9924020376385531,1,0,1,2,0,0,0,2,0,0,0,2,0.6709773781481484,668.4,1,kaggle
2696-NARTR,1,-0.43991649313097614,0,0,-0.8702409464784621,1,0,1,0,0,0,2,0,0,0,1,2,0.3020584441112687,926.25,1,kaggle
2208-NKVVH,1,-0.43991649313097614,1,1,0.43281069256250915,1,2,2,1,1,1,1,1,1,2,0,3,-1.3464441800535252,1077.95,0,kaggle
7614-QVWQL,1,-0.43991649313097614,1,1,0.6771328748826912,0,1,0,0,2,0,0,2,2,1,1,0,-0.4307940329619915,2541.25,1,kaggle
1976-CFOCS,0,2.273158691738958,1,0,-1.2774445836787656,1,0,0,0,0,0,0,0,0,0,0,2,-0.6235624849812617,46.0,1,kaggle
4631-OACRM,1,2.273158691738958,0,0,-0.7073594915983407,1,0,1,0,0,0,0,0,2,0,1,2,0.48651791112970877,1156.1,1,kaggle
7139-JZFVG,1,-0.43991649313097614,1,1,1.125056875803025,1,0,0,2,2,2,0,0,0,2,0,0,-0.14164135493308597,3694.45,0,kaggle
4987-GQWPO,1,-0.43991649313097614,0,0,-0.62591876415828,0,1,0,0,0,0,0,0,0,0,0,1,-1.3181936310507012,382.8,0,kaggle
3755-JBMNH,1,2.273158691738958,1,0,-0.6666391278783103,1,0,1,0,0,0,0,0,0,0,1,0,0.23392476710445778,1167.8,1,kaggle
1757-TCATG,1,-0.43991649313097614,1,1,0.10704778280226633,1,0,2,1,1,1,1,1,1,1,0,0,-1.4860351280674797,746.75,0,kaggle
6345-ULYRW,1,2.273158691738958,1,0,0.47353105628253944,1,2,1,0,2,0,0,0,2,1,0,3,0.785641371159611,3912.9,1,kaggle
4776-XSKYQ,0,-0.43991649313097614,1,1,-0.8295205827584317,0,1,0,0,0,0,2,0,0,1,0,1,-1.1470285400335904,368.85,0,kaggle
8048-DSDFQ,1,-0.43991649313097614,0,0,-1.2774445836787656,1,0,2,1,1,1,1,1,1,0,0,3,-1.481049737066981,20.2,0,kaggle
5753-QQWPW,0,-0.43991649313097614,0,0,-0.1779947632379461,1,0,0,2,2,0,2,0,0,1,1,2,-0.1615829189350795,1654.7,0,kaggle
6010-DDPPW,1,-0.43991649313097614,1,0,1.5322605130033284,1,2,2,1,1,1,1,1,1,2,0,0,-1.3165318340505352,1940.85,0,kaggle
1809-DMJHQ,0,-0.43991649313097614,0,1,-1.1145631287986442,1,0,0,0,0,0,0,0,0,0,0,3,-0.6235624849812617,221.7,1,kaggle
6693-FRIRW,1,-0.43991649313097614,0,0,-0.5851984004382496,1,0,1,0,2,2,0,2,2,0,0,1,1.2143849972024705,1794.65,0,kaggle
6586-MYGKD,1,-0.43991649313097614,1,0,1.5322605130033284,1,2,0,2,0,0,2,2,2,2,1,1,0.40508985812156867,5289.8,0,kaggle
3173-NVMPX,0,-0.43991649313097614,1,1,-0.9516816739185228,1,2,0,0,2,0,0,0,0,0,1,3,-0.31446824295036285,501.2,0,kaggle
0248-PGHBZ,0,2.273158691738958,0,0,1.4100994218432374,1,0,1,2,2,0,2,2,0,2,1,0,0.9202469281730669,6140.85,0,kaggle
0623-GDISB,0,-0.43991649313097614,0,0,-1.2774445836787656,1,0,0,2,0,0,0,0,0,0,1,0,-0.5421344319731216,48.45,0,kaggle
2892-GESUL,0,-0.43991649313097614,1,1,-0.5851984004382496,1,0,2,1,1,1,1,1,1,2,0,3,-1.5093002860698053,309.25,0,kaggle
6923-EFPNL,1,-0.43991649313097614,0,0,-1.1552834925186746,1,2,0,0,0,0,0,0,0,0,0,1,-0.43245582996215753,201.1,1,kaggle
7472-EQOAV,1,2.273158691738958,1,1,1.5729808767233588,1,0,1,2,2,2,0,0,0,1,1,0,0.7291402731539627,6179.35,0,kaggle
9574-RKJIF,1,-0.43991649313097614,1,1,-0.0965540357978854,1,2,1,2,2,0,0,2,0,0,1,2,0.9850570111795457,2838.7,1,kaggle
2043-WVTQJ,1,-0.43991649313097614,1,0,-1.2774445836787656,1,0,0,2,0,2,0,0,0,0,0,3,-0.3011738669490337,55.7,0,kaggle
8034-RYTVV,0,-0.43991649313097614,0,0,0.9214550572028734,1,2,1,2,0,2,0,0,0,1,1,1,0.6477122201458225,4589.85,0,kaggle
3863-QSTYI,1,-0.43991649313097614,0,0,1.0843365120829946,1,0,0,0,0,2,2,2,0,0,1,2,-0.003712203919297562,3735.45,0,kaggle
2619-WFQWU,0,-0.43991649313097614,0,0,-1.2774445836787656,1,0,1,0,0,0,0,0,0,0,1,3,0.179085466098976,70.15,1,kaggle
5044-LRQAQ,0,-0.43991649313097614,1,0,-1.0331224013585834,1,0,1,0,0,0,0,0,0,0,1,0,0.14751132309581955,477.55,0,kaggle
1716-LSAMB,1,-0.43991649313097614,1,1,0.5142514200025698,1,0,0,2,0,0,2,0,0,2,0,0,-0.33607160395252245,2553.7,0,kaggle
1333-PBMXB,0,-0.43991649313097614,1,1,0.880734693482843,1,2,2,1,1,1,1,1,1,1,1,0,-1.329826210051864,1342.15,0,kaggle
6546-OPBBH,1,-0.43991649313097614,1,1,0.758573602322752,1,2,2,1,1,1,1,1,1,1,1,3,-1.3564149620545218,1216.35,0,kaggle
5985-BEHZK,0,2.273158691738958,1,0,1.6137012404433893,1,2,1,0,2,2,0,2,2,1,0,1,1.3373579752147637,7578.05,0,kaggle
9127-QRZMH,1,-0.43991649313097614,1,0,0.47353105628253944,1,0,0,2,2,0,2,0,0,1,1,0,-0.16324471593524553,2603.95,0,kaggle
5919-VCZYM,1,-0.43991649313097614,0,0,-1.2367242199587352,1,0,2,1,1,1,1,1,1,0,0,3,-1.4860351280674797,42.7,0,kaggle
9644-KVCNC,0,-0.43991649313097614,0,0,1.369379058123207,1,2,1,0,0,2,0,2,0,1,1,0,0.9102761461720702,6056.9,0,kaggle
2137-DQMEV,1,-0.43991649313097614,1,1,1.4508197855632678,0,1,0,2,2,0,0,2,0,1,0,3,-0.6634456129852487,2983.65,0,kaggle
8174-LNWMW,0,-0.43991649313097614,0,0,-0.055833672077855064,1,0,2,1,1,1,1,1,1,2,0,1,-1.4577845790646555,689.35,0,kaggle
9279-CJEOJ,0,2.273158691738958,0,0,-0.46303730927815856,1,2,1,0,0,0,0,2,2,0,1,0,1.0182929511828682,2025.1,0,kaggle
7964-VEXDG,1,-0.43991649313097614,0,1,-0.46303730927815856,1,2,1,2,0,0,0,0,0,0,0,2,0.5180920541328647,1747.2,0,kaggle
2404-JIBFC,0,-0.43991649313097614,1,1,0.9214550572028734,1,2,0,2,0,2,2,2,2,2,1,0,0.6759627691486464,4657.95,0,kaggle
0778-NELLA,1,-0.43991649313097614,0,0,-0.9516816739185228,0,1,0,0,0,0,0,2,0,0,1,1,-0.9991286070188055,296.1,1,kaggle
8029-XYPWT,1,2.273158691738958,1,0,1.5729808767233588,1,2,1,2,2,2,2,2,2,2,1,0,1.6713791722481544,8016.6,0,kaggle
4614-NUVZD,0,-0.43991649313097614,0,0,-1.2774445836787656,1,0,1,0,0,0,0,0,2,0,1,2,0.5430190091353566,81.1,1,kaggle
4632-PAOYU,1,-0.43991649313097614,1,1,-0.4223169455581282,1,0,2,1,1,1,1,1,1,1,0,3,-1.4893587220678117,433.5,0,kaggle
3803-KMQFW,0,-0.43991649313097614,1,1,-1.2774445836787656,1,0,2,1,1,1,1,1,1,0,0,3,-1.4694171580658184,20.55,1,kaggle
6804-GDMOI,0,-0.43991649313097614,0,0,1.1657772395230555,1,2,1,0,0,2,2,2,2,2,1,2,1.3905354792200795,6428.4,1,kaggle
2990-OGYTD,0,-0.43991649313097614,1,0,1.4100994218432374,1,2,0,0,2,2,2,2,2,2,0,0,0.7108605061521354,5883.85,0,kaggle
6646-JPPHA,0,2.273158691738958,0,0,-0.748079855318371,1,0,1,2,2,0,0,0,0,0,0,2,0.46823814412788106,1043.8,0,kaggle
9572-MTILT,1,-0.43991649313097614,1,0,1.0843365120829946,1,2,1,2,2,2,2,2,0,0,1,2,1.395520870220578,6252.9,1,kaggle
7658-UYUQS,1,2.273158691738958,1,0,-0.46303730927815856,1,0,1,0,0,2,0,2,0,0,0,0,0.7241548821534641,1857.25,0,kaggle
7880-XSOJX,1,-0.43991649313097614,0,0,-1.1552834925186746,0,1,0,2,2,0,2,0,0,0,0,3,-0.7432118689932226,146.4,0,kaggle
9611-CTWIH,0,-0.43991649313097614,0,0,-1.1960038562387048,1,0,1,0,0,0,0,2,2,0,1,2,0.8205391081630994,240.45,1,kaggle
4589-IUAJB,1,-0.43991649313097614,1,0,1.5322605130033284,1,2,2,1,1,1,1,1,1,2,0,0,-1.3464441800535252,1724.15,0,kaggle
0329-GTIAJ,0,-0.43991649313097614,0,0,-1.1960038562387048,1,0,1,0,2,0,2,2,2,0,1,2,1.1013828011911744,315.3,1,kaggle
8746-BFOAJ,1,2.273158691738958,0,0,-0.46303730927815856,1,0,2,1,1,1,1,1,1,1,0,0,-1.4710789550659844,429.55,0,kaggle
8457-XIGKN,1,-0.43991649313097614,0,0,-0.5037576729981889,1,0,2,1,1,1,1,1,1,0,1,1,-1.5009913010689746,356.15,0,kaggle
6072-NUQCB,1,-0.43991649313097614,1,1,-0.4223169455581282,1,0,2,1,1,1,1,1,1,1,0,0,-1.479387940066815,488.25,0,kaggle
6629-CZTTH,1,-0.43991649313097614,0,0,-1.2774445836787656,1,0,0,0,0,0,0,0,2,0,1,3,-0.3011738669490337,55.7,1,kaggle
8838-GPHZP,0,-0.43991649313097614,0,0,1.247217966963116,1,0,2,1,1,1,1,1,1,2,1,3,-1.4677553610656522,1298.7,0,kaggle
8750-QWZAJ,0,-0.43991649313097614,1,1,1.5322605130033284,1,0,2,1,1,1,1,1,1,2,0,0,-1.4943441130683104,1378.75,0,kaggle
5364-EVNIB,1,-0.43991649313097614,0,0,-0.7888002190384014,1,0,1,0,2,2,0,0,0,0,1,2,0.4998122871310375,973.45,1,kaggle
6918-UMQCG,0,-0.43991649313097614,0,0,-1.1145631287986442,1,0,1,0,0,0,0,2,0,0,0,2,0.5131066631323666,384.25,0,kaggle
0675-NCDYU,0,-0.43991649313097614,1,1,1.6137012404433893,1,2,1,2,2,2,2,2,2,2,1,1,1.7162476912526399,8543.25,0,kaggle
6339-DKLMK,0,-0.43991649313097614,0,0,-0.7888002190384014,0,1,0,0,2,0,0,0,0,0,1,2,-1.1004982240289392,389.95,0,kaggle
1346-PJWTK,1,-0.43991649313097614,1,0,1.1657772395230555,1,0,1,0,2,2,2,0,2,0,0,1,0.9767480261787151,5731.85,0,kaggle
5088-QZLRL,1,-0.43991649313097614,0,0,-1.2774445836787656,1,0,2,1,1,1,1,1,1,0,0,2,-1.4660935640654862,20.65,0,kaggle
8023-QHAIO,0,2.273158691738958,1,0,0.9621754209229036,1,2,1,0,0,0,2,0,0,0,1,0,0.4017662641212361,4275.75,0,kaggle
4397-FRLTA,0,-0.43991649313097614,0,0,-1.1552834925186746,1,0,2,1,1,1,1,1,1,0,0,3,-1.4827115340671475,84.5,0,kaggle
3057-VJJQE,1,-0.43991649313097614,0,0,0.10704778280226633,1,2,0,2,0,0,0,0,0,2,0,3,-0.3161300399505289,1924.1,0,kaggle
5087-SUURX,0,-0.43991649313097614,1,0,-0.5851984004382496,0,1,0,0,0,2,0,2,0,0,1,2,-0.8545522680043529,669.85,1,kaggle
2302-OUZXB,1,-0.43991649313097614,1,0,1.6137012404433893,1,2,0,0,2,2,0,2,2,2,0,0,0.5779167461388456,5784.3,0,kaggle
8133-ANHHJ,0,2.273158691738958,0,0,0.6771328748826912,1,2,1,2,2,2,2,0,2,1,0,0,1.2708860952081187,5166.2,0,kaggle
2270-CHBFN,0,-0.43991649313097614,1,0,0.47353105628253944,1,2,1,2,2,2,2,0,0,0,1,1,1.0083221691818711,4060.55,0,kaggle
0013-EXCHZ,0,2.273158691738958,1,0,-1.1960038562387048,1,0,1,0,0,0,2,2,0,0,1,3,0.6360796411446599,267.4,1,kaggle
5982-FPVQN,0,-0.43991649313097614,1,1,0.18848851024232702,1,2,1,0,2,2,0,0,2,0,1,2,1.0099839661820376,3532.85,0,kaggle
9107-UKCKY,1,-0.43991649313097614,1,0,1.1657772395230555,1,2,0,0,2,2,0,2,2,1,1,2,0.4998122871310375,4914.8,0,kaggle
4654-ULTTN,1,-0.43991649313097614,1,0,1.5322605130033284,1,2,0,2,0,2,2,0,2,2,1,1,0.33363258711442517,5315.8,0,kaggle
5550-VFRLC,0,2.273158691738958,0,0,-1.2774445836787656,1,0,1,0,0,0,0,0,0,0,1,2,0.16911468409797886,69.85,1,kaggle
5546-BYZSM,0,-0.43991649313097614,0,0,0.35136996512244845,1,0,2,1,1,1,1,1,1,0,0,2,-1.4727407520661506,775.6,0,kaggle
1492-KGETH,1,-0.43991649313097614,1,1,1.5322605130033284,1,2,0,2,2,2,2,0,2,1,0,0,0.4516201741262198,5445.95,0,kaggle
4929-BSTRX,0,-0.43991649313097614,0,0,-1.2774445836787656,1,0,0,0,0,0,0,2,0,0,1,3,-0.3726311379561772,53.55,1,kaggle
4163-HFTUK,1,-0.43991649313097614,0,0,0.758573602322752,1,0,2,1,1,1,1,1,1,1,0,2,-1.517609271070636,1007.8,0,kaggle
8215-NGSPE,0,-0.43991649313097614,1,1,0.3920903288424788,1,0,2,1,1,1,1,1,1,2,0,3,-1.4876969250676457,833.55,0,kaggle
2225-ZRGSG,0,-0.43991649313097614,1,1,1.5322605130033284,1,2,1,2,2,2,2,0,0,2,0,0,0.9684390411778845,6579.05,1,kaggle
8859-YSTWS,1,-0.43991649313097614,0,0,0.6364125111626608,1,0,2,1,1,1,1,1,1,1,0,0,-1.4893587220678117,1004.5,0,kaggle
5271-YNWVR,1,-0.43991649313097614,1,1,1.4508197855632678,1,2,1,2,2,2,2,2,2,2,1,2,1.608230886241842,7856.0,1,kaggle
7601-DHFWZ,0,-0.43991649313097614,0,0,0.6364125111626608,1,2,2,1,1,1,1,1,1,2,0,1,-1.3547531650543558,1183.05,0,kaggle
2657-ALMWY,0,2.273158691738958,1,0,-0.2594354906780068,1,0,1,0,2,0,0,0,2,0,0,2,0.6709773781481484,2169.75,1,kaggle
6330-JKLPC,1,-0.43991649313097614,1,0,-0.8702409464784621,1,2,1,0,2,0,0,0,0,0,1,0,0.5230774451333633,896.9,1,kaggle
4667-OHGKG,1,-0.43991649313097614,0,0,-1.2774445836787656,1,0,2,1,1,1,1,1,1,0,1,3,-1.5109620830699715,19.3,1,kaggle
1998-VHJHK,0,-0.43991649313097614,0,0,-0.21871512695797646,1,0,2,1,1,1,1,1,1,1,0,3,-1.51594747407047,501.35,0,kaggle
1707-HABPF,0,2.273158691738958,0,0,0.5549717837226001,1,0,1,0,2,2,0,2,0,1,1,0,0.8820255971692458,4126.35,0,kaggle
1660-HSOOQ,1,-0.43991649313097614,0,0,-1.2774445836787656,1,0,0,0,0,2,0,0,0,0,1,3,-0.5022513039691348,49.65,1,kaggle
7253-UVNDW,0,-0.43991649313097614,0,0,0.5549717837226001,1,0,0,0,0,2,2,0,0,2,0,1,-0.34604238595351905,2460.15,1,kaggle
0487-VVUVK,1,-0.43991649313097614,1,1,-0.30015585439803716,1,0,2,1,1,1,1,1,1,0,1,3,-1.51594747407047,477.6,0,kaggle
7228-OMTPN,1,-0.43991649313097614,0,0,-1.1552834925186746,1,0,1,0,0,0,0,2,2,0,1,2,0.787303168159777,370.65,1,kaggle
5063-IUOKK,1,-0.43991649313097614,0,0,-0.7888002190384014,1,0,2,1,1,1,1,1,1,2,0,3,-1.4960059100684764,265.75,0,kaggle
4508-OEBEY,1,-0.43991649313097614,1,0,-0.055833672077855064,1,0,0,2,2,2,2,0,2,1,1,1,0.356897745116751,2424.45,0,kaggle
0027-KWYKW,0,-0.43991649313097614,1,1,-0.38159658183809786,1,2,1,0,0,0,0,2,0,0,1,2,0.6310942501441613,1849.95,0,kaggle
2308-STERM,0,-0.43991649313097614,0,0,-1.2367242199587352,1,0,2,1,1,1,1,1,1,0,0,3,-1.5076384890696393,61.05,0,kaggle
5982-XMDEX,0,-0.43991649313097614,0,0,1.3286586944031769,1,2,2,1,1,1,1,1,1,2,0,0,-1.2716633150460497,1698.55,0,kaggle
6284-AHOOQ,1,2.273158691738958,0,0,-0.4223169455581282,1,2,1,0,0,0,2,2,0,0,1,0,0.8554368451665879,1910.6,1,kaggle
6051-PTVNS,0,-0.43991649313097614,1,1,0.9214550572028734,1,0,2,1,1,1,1,1,1,1,0,1,-1.51594747407047,998.1,0,kaggle
2344-JMOGN,1,-0.43991649313097614,1,0,-0.9516816739185228,1,0,1,0,2,2,2,2,0,0,1,3,1.0000131841810405,890.6,1,kaggle
3799-ISUZQ,1,-0.43991649313097614,1,1,-1.0331224013585834,1,0,1,0,0,0,0,0,0,0,1,0,0.1724382780983114,529.5,1,kaggle
2877-VDUER,0,-0.43991649313097614,1,1,0.10704778280226633,0,1,0,0,0,0,2,2,0,1,0,3,-0.7930657789982063,1383.6,0,kaggle
9152-AMKAK,1,-0.43991649313097614,0,0,-1.0738427650786138,1,0,0,2,0,2,2,2,2,2,1,3,0.5147684601325326,493.4,0,kaggle
1794-HBQTJ,0,-0.43991649313097614,0,0,-1.2774445836787656,1,0,0,2,0,0,0,0,0,0,1,1,-0.5371490409726233,48.6,1,kaggle
9432-VOFYX,1,-0.43991649313097614,0,0,-0.62591876415828,1,0,1,0,0,0,0,0,0,0,1,2,0.2006888271011353,1207.0,0,kaggle
8049-WJCLQ,1,-0.43991649313097614,1,1,-0.9109613101984924,1,0,0,0,0,2,0,2,0,0,0,3,-0.15161213693408263,563.5,0,kaggle
6586-PSJOX,1,-0.43991649313097614,0,1,-0.7073594915983407,1,0,0,0,0,2,2,0,0,1,0,1,-0.31779183695069496,864.55,0,kaggle
2460-FPSYH,0,2.273158691738958,0,0,0.3106496014024181,0,1,0,2,2,0,0,2,2,0,1,2,-0.29785027294870164,2109.35,1,kaggle
9705-ZJBCG,0,-0.43991649313097614,1,1,-0.7888002190384014,1,0,0,2,0,0,2,0,0,1,0,0,-0.35268957395418365,701.05,0,kaggle
4818-DRBQT,1,-0.43991649313097614,1,0,-0.13727439951791576,1,2,1,0,2,0,0,0,0,0,1,0,0.5114448661322006,2265.25,1,kaggle
1320-HTRDR,0,-0.43991649313097614,0,0,-1.1960038562387048,1,2,1,0,0,0,0,0,0,0,1,2,0.356897745116751,220.6,1,kaggle
6847-KJLTS,0,2.273158691738958,1,0,1.0436161483629645,1,2,1,0,0,0,2,2,2,0,1,0,1.1844726511994805,5749.8,0,kaggle
9670-BPNXF,0,-0.43991649313097614,0,0,0.5142514200025698,1,0,0,2,2,0,2,0,0,1,1,1,-0.07350767792627502,2796.45,0,kaggle
3913-FCUUW,0,-0.43991649313097614,1,1,1.6137012404433893,1,2,0,2,2,2,2,0,0,2,1,0,0.18905624809997262,5165.7,0,kaggle
3301-VKTGC,1,-0.43991649313097614,1,1,1.4508197855632678,1,2,1,2,2,0,0,0,0,1,1,0,0.6892571451499756,5696.6,0,kaggle
1493-AMTIE,1,-0.43991649313097614,0,0,-1.2774445836787656,1,0,2,1,1,1,1,1,1,0,1,0,-1.481049737066981,20.2,1,kaggle
9555-SAHUZ,0,-0.43991649313097614,1,1,0.22920887396235737,1,0,0,2,2,0,0,0,0,0,0,2,-0.3410569949530208,2076.05,0,kaggle
0816-TSPHQ,1,-0.43991649313097614,0,0,-1.2367242199587352,1,0,2,1,1,1,1,1,1,0,0,3,-1.462769970065154,44.2,0,kaggle
9932-WBWIK,1,-0.43991649313097614,0,0,-0.8702409464784621,1,0,2,1,1,1,1,1,1,0,0,3,-1.4760643460664828,215.25,0,kaggle
4619-EVPHY,0,2.273158691738958,1,0,-0.5037576729981889,1,0,1,0,0,0,0,2,2,1,1,0,0.8720548151682491,1859.5,0,kaggle
5286-YHCVC,1,-0.43991649313097614,1,0,1.6137012404433893,1,2,1,0,2,2,0,2,2,2,1,0,1.330710787214099,7470.1,0,kaggle
6424-ELEYH,0,-0.43991649313097614,1,0,-1.1960038562387048,1,2,1,0,0,0,0,0,0,0,1,1,0.3319707901142591,229.5,1,kaggle
4391-RESHN,1,-0.43991649313097614,0,0,-0.38159658183809786,1,2,1,0,0,2,2,2,2,0,1,3,1.3057838322116073,2470.1,1,kaggle
9115-YQHGA,1,-0.43991649313097614,0,0,0.3106496014024181,1,0,0,0,0,0,2,0,0,0,1,2,-0.45405919096431707,2092.9,0,kaggle
4462-CYWMH,1,2.273158691738958,1,0,1.2064976032430856,1,2,1,0,2,0,0,0,2,0,1,0,0.8321716871642622,5629.55,0,kaggle
8963-MQVYN,0,-0.43991649313097614,0,1,-0.4223169455581282,1,0,2,1,1,1,1,1,1,0,1,2,-1.4694171580658184,469.85,0,kaggle
2458-EOMRE,0,-0.43991649313097614,0,0,-0.8702409464784621,1,0,0,2,0,2,0,0,2,0,0,0,-0.023653767921291324,733.95,0,kaggle
9334-GWGOW,1,2.273158691738958,1,0,-1.0331224013585834,1,2,1,0,0,0,0,0,0,0,1,2,0.33529438411459117,485.25,0,kaggle
6821-BUXUX,0,-0.43991649313097614,0,0,-0.7888002190384014,1,2,1,2,2,0,0,2,0,0,1,2,1.0598378761870213,1244.5,1,kaggle
5028-HTLJB,1,2.273158691738958,0,0,-1.2774445836787656,1,0,2,1,1,1,1,1,1,0,0,3,-1.4860351280674797,20.05,1,kaggle
9801-GDWGV,0,-0.43991649313097614,0,0,0.26992923768238775,1,2,1,0,2,2,0,2,2,0,1,2,1.285842268209614,3994.45,1,kaggle
6542-LWGXJ,1,-0.43991649313097614,1,0,-1.1960038562387048,0,1,0,0,0,0,0,0,0,0,0,3,-1.3215172250510334,78.25,0,kaggle
5567-GZKQY,1,-0.43991649313097614,0,0,1.0436161483629645,1,0,2,1,1,1,1,1,1,2,0,1,-1.477726143066649,1131.5,0,kaggle
1222-LRYKO,1,-0.43991649313097614,0,1,-1.0738427650786138,1,2,2,1,1,1,1,1,1,0,0,3,-1.2766487060465481,184.05,0,kaggle
2320-JRSDE,0,-0.43991649313097614,1,1,-1.2774445836787656,1,0,2,1,1,1,1,1,1,0,1,2,-1.491020519067978,19.9,1,kaggle
2087-QAREY,0,-0.43991649313097614,1,0,-0.4223169455581282,1,0,0,0,2,2,0,0,0,0,1,3,-0.33440980695235617,1178.75,0,kaggle
0601-WZHJF,1,-0.43991649313097614,1,0,-0.748079855318371,0,1,0,0,0,0,0,2,2,0,0,2,-0.6119299059800988,667.7,1,kaggle
4423-JWZJN,1,-0.43991649313097614,1,1,1.2879383306831464,1,2,1,0,0,2,0,0,2,1,0,1,0.8471278601657574,5629.15,0,kaggle
5143-WMWOG,1,-0.43991649313097614,0,0,-1.2774445836787656,1,0,2,1,1,1,1,1,1,0,0,2,-1.4893587220678117,19.95,1,kaggle
6490-FGZAT,1,-0.43991649313097614,0,0,-1.0738427650786138,1,0,2,1,1,1,1,1,1,0,0,3,-1.4660935640654862,109.3,0,kaggle
5393-RXQSZ,1,-0.43991649313097614,0,0,-1.2774445836787656,1,0,1,0,0,0,0,0,2,0,0,2,0.4931650991303729,79.6,1,kaggle
7452-FOLON,1,-0.43991649313097614,0,1,0.26992923768238775,1,2,2,1,1,1,1,1,1,1,0,0,-1.3065610520495383,958.45,0,kaggle
2320-TZRRH,0,-0.43991649313097614,0,0,-0.5037576729981889,1,0,2,1,1,1,1,1,1,1,0,3,-1.504314895069307,403.15,0,kaggle
0231-LXVAP,1,-0.43991649313097614,0,0,-1.2774445836787656,1,0,1,0,0,0,2,0,0,0,1,2,0.37019212111808014,75.9,1,kaggle
9444-JTXHZ,1,-0.43991649313097614,1,0,-1.2774445836787656,1,0,1,0,0,2,0,0,0,0,0,2,0.3801629031190768,76.2,1,kaggle
4942-VZZOM,1,-0.43991649313097614,1,0,1.2879383306831464,1,2,0,2,0,0,0,2,0,1,1,1,0.046141706085686136,4392.5,0,kaggle
5510-BOIUJ,1,-0.43991649313097614,0,1,-1.2774445836787656,1,0,2,1,1,1,1,1,1,0,0,3,-1.5126238800701375,19.25,1,kaggle
7502-BNYGS,0,-0.43991649313097614,1,0,0.5549717837226001,1,0,0,0,2,0,0,2,2,0,1,1,0.14418772909548702,3168.0,0,kaggle
4291-HYEBC,0,2.273158691738958,1,1,-0.1779947632379461,0,1,0,0,2,0,0,0,2,1,1,2,-0.8528904710041867,1096.6,0,kaggle
6147-CBCRA,0,-0.43991649313097614,1,0,0.025607055362205634,1,0,2,1,1,1,1,1,1,0,0,3,-1.4860351280674797,669.45,0,kaggle
6047-SUHPR,1,-0.43991649313097614,1,1,0.26992923768238775,1,0,0,2,2,2,0,0,0,1,0,2,-0.16490651293541178,2343.85,0,kaggle
4471-KXAUH,0,-0.43991649313097614,1,0,0.3920903288424788,1,2,1,0,0,2,2,0,0,0,1,2,0.6493740171459885,3588.4,1,kaggle
9752-ZNQUT,0,-0.43991649313097614,0,0,-1.2774445836787656,1,0,0,0,2,0,0,0,0,0,1,2,-0.5371490409726233,48.6,0,kaggle
7638-QVMVY,0,-0.43991649313097614,0,0,-1.0331224013585834,1,0,1,0,0,0,0,2,0,0,1,2,0.4732235351283796,522.95,1,kaggle
1576-PFZIW,1,2.273158691738958,1,0,1.5322605130033284,1,0,1,2,2,2,0,2,2,2,0,1,1.3489905542159264,7511.9,0,kaggle
5666-MBJPT,1,-0.43991649313097614,0,0,1.3286586944031769,1,2,2,1,1,1,1,1,1,2,1,0,-1.3181936310507012,1725.0,0,kaggle
7312-XSBAT,1,-0.43991649313097614,0,0,-1.2774445836787656,1,0,0,2,0,0,0,0,0,0,0,2,-0.4989277099688025,49.75,0,kaggle
3096-GKWEB,1,-0.43991649313097614,1,0,-0.5851984004382496,1,2,1,0,0,0,0,2,2,0,1,2,0.9966895901807084,1691.9,0,kaggle
2371-JQHZZ,1,-0.43991649313097614,1,0,-0.3408762181180675,1,2,1,0,0,0,0,2,2,0,1,2,0.9385266951748941,2248.05,0,kaggle
0674-GCDXG,1,-0.43991649313097614,0,0,1.247217966963116,1,2,0,2,0,2,2,0,2,2,1,0,0.2372483611047903,4479.2,0,kaggle
1121-QSIVB,0,-0.43991649313097614,0,1,0.47353105628253944,1,2,0,0,2,0,0,2,2,1,1,3,0.42503142212356193,3471.1,0,kaggle
4396-KLSEH,1,-0.43991649313097614,0,0,-1.1552834925186746,1,0,2,1,1,1,1,1,1,0,1,2,-1.4926823160681442,63.0,0,kaggle
3244-DCJWY,0,-0.43991649313097614,0,0,-1.2774445836787656,1,0,1,0,0,0,0,0,0,0,1,2,0.18240906009930805,70.25,1,kaggle
2824-MYYBN,0,-0.43991649313097614,1,1,0.18848851024232702,1,2,1,0,0,0,0,2,2,0,1,2,1.0133075601823696,3314.15,0,kaggle
0875-CABNR,0,2.273158691738958,0,0,-0.9109613101984924,1,0,1,0,0,2,0,0,2,0,1,1,0.6593447991469852,865.55,1,kaggle
6345-HOVES,1,-0.43991649313097614,0,0,0.06632741908223598,0,1,0,0,0,0,0,0,0,0,1,0,-1.3198554280508674,852.7,0,kaggle
8318-LCNBW,1,-0.43991649313097614,1,0,0.10704778280226633,0,1,0,2,0,2,0,2,2,1,0,1,-0.3859255139575061,1930.9,0,kaggle
6469-QJKZW,0,-0.43991649313097614,1,0,-1.1552834925186746,1,0,2,1,1,1,1,1,1,0,0,2,-1.4827115340671475,91.4,0,kaggle
0147-ESWWR,0,2.273158691738958,1,0,0.26992923768238775,1,2,1,0,0,0,2,2,2,0,1,2,1.2127232002023045,3949.15,0,kaggle
1217-VASWC,1,2.273158691738958,1,0,0.43281069256250915,1,0,1,0,2,2,0,2,2,1,1,0,1.1894580421999785,4304.0,0,kaggle
7812-FZHPE,0,-0.43991649313097614,1,1,-0.62591876415828,1,2,2,1,1,1,1,1,1,0,0,3,-1.3514295710540236,409.9,1,kaggle
6370-ZVHDV,0,-0.43991649313097614,1,0,1.1657772395230555,1,2,2,1,1,1,1,1,1,2,0,0,-1.3115464430500368,1554.9,0,kaggle
5915-DGNVC,0,-0.43991649313097614,1,0,0.6771328748826912,1,2,0,2,2,2,0,0,2,1,0,2,0.23392476710445778,3472.05,0,kaggle
6260-XLACS,1,-0.43991649313097614,0,0,-1.1552834925186746,1,0,2,1,1,1,1,1,1,1,0,3,-1.4976677070686424,117.8,0,kaggle
3566-CAAYU,0,-0.43991649313097614,1,1,1.2879383306831464,0,1,0,0,2,2,2,0,2,2,0,2,-0.49560411596847015,3210.35,0,kaggle
4983-CCWMC,1,-0.43991649313097614,0,0,-1.1960038562387048,1,0,1,0,0,0,0,0,0,0,1,3,0.16080569909714826,207.4,0,kaggle
9103-CXVOK,1,-0.43991649313097614,1,1,-1.2774445836787656,1,0,2,1,1,1,1,1,1,0,0,2,-1.4960059100684764,19.75,0,kaggle
2896-TBNBE,1,-0.43991649313097614,1,0,0.3106496014024181,1,0,1,0,2,2,0,0,0,1,0,2,0.53304822713436,3132.75,0,kaggle
4797-AXPXK,0,-0.43991649313097614,0,1,-1.2774445836787656,1,0,0,2,2,0,2,0,0,0,1,2,-0.1582593249347472,60.0,1,kaggle
5229-PRWKT,1,-0.43991649313097614,0,0,-0.9924020376385531,1,2,1,0,0,0,0,0,2,0,1,2,0.7241548821534641,649.65,1,kaggle
6982-UQZLY,0,2.273158691738958,1,0,-1.2774445836787656,1,0,2,1,1,1,1,1,1,0,1,3,-1.4594463760648215,20.85,1,kaggle
2522-WLNSF,0,2.273158691738958,1,0,0.06632741908223598,1,0,0,0,0,2,2,2,0,1,0,0,-0.018668376920792765,2106.3,0,kaggle
3841-CONLJ,0,-0.43991649313097614,1,0,-1.2774445836787656,0,1,0,0,0,0,0,0,2,0,0,2,-0.9891578250178088,35.0,0,kaggle
5057-LCOUI,0,-0.43991649313097614,0,0,0.26992923768238775,0,1,0,0,0,2,0,2,2,0,1,2,-0.46569176996548,2011.4,1,kaggle
0193-ESZXP,0,2.273158691738958,1,0,1.0436161483629645,1,0,1,2,2,0,2,2,2,1,1,1,1.3539759452164248,6205.5,1,kaggle
4475-NVTLU,1,-0.43991649313097614,1,1,0.5142514200025698,1,0,2,1,1,1,1,1,1,2,0,2,-1.5142856770703037,903.7,0,kaggle
4369-HTUIF,1,2.273158691738958,0,0,-1.0738427650786138,1,0,1,2,0,0,0,2,0,0,1,0,0.677624566148813,503.6,1,kaggle
9386-LDCZR,1,-0.43991649313097614,0,0,0.43281069256250915,1,0,1,2,2,2,2,0,0,1,1,1,0.8604222361670865,3882.3,0,kaggle
9585-KKMFD,1,-0.43991649313097614,1,1,0.35136996512244845,1,0,2,1,1,1,1,1,1,2,1,3,-1.4876969250676457,879.8,0,kaggle
5399-ZIMKF,1,-0.43991649313097614,0,0,-1.1145631287986442,1,0,1,0,2,0,0,0,0,0,1,2,0.32864719611392706,383.65,0,kaggle
0336-KXKFK,1,-0.43991649313097614,0,0,1.6137012404433893,0,1,0,2,0,2,2,2,2,2,1,1,-0.11837619693076015,4390.25,0,kaggle
5619-XZZKR,1,-0.43991649313097614,0,0,-1.1552834925186746,1,0,2,1,1,1,1,1,1,1,0,3,-1.4893587220678117,68.2,0,kaggle
3948-FVVRP,1,-0.43991649313097614,1,1,-0.9516816739185228,1,0,0,0,2,0,2,0,0,0,0,3,-0.3310862129520241,452.8,0,kaggle
5327-XOKKY,1,2.273158691738958,1,0,1.6137012404433893,1,2,0,0,0,2,0,2,2,2,1,1,0.28876406810994004,5329.0,0,kaggle
0983-TATYJ,0,-0.43991649313097614,1,0,0.025607055362205634,1,0,0,0,0,0,2,0,0,1,1,3,-0.4424266119631542,1758.9,0,kaggle
1813-JYWTO,0,-0.43991649313097614,1,0,1.6137012404433893,1,2,1,2,0,0,0,0,0,2,0,0,0.5214156481331973,5737.6,0,kaggle
0156-FVPTA,1,-0.43991649313097614,1,0,-0.4223169455581282,1,0,0,2,0,0,2,0,0,0,1,2,-0.3510277769540174,1152.7,1,kaggle
1984-FCOWB,0,-0.43991649313097614,1,0,1.5322605130033284,1,2,1,0,2,2,2,2,2,1,1,2,1.4869197052297147,7674.55,1,kaggle
0654-HMSHN,1,-0.43991649313097614,1,1,-0.46303730927815856,1,2,1,0,2,2,0,2,2,0,0,2,1.3174164112127704,2157.95,1,kaggle
6719-OXYBR,1,-0.43991649313097614,0,0,-0.7073594915983407,1,0,1,0,0,2,0,2,0,0,0,2,0.682609957149311,1219.85,0,kaggle
3312-ZWLGF,1,2.273158691738958,1,0,-0.13727439951791576,1,2,1,0,0,0,2,0,0,0,1,2,0.4831943171293762,2414.55,0,kaggle
6476-YHMGA,0,-0.43991649313097614,1,1,-0.7073594915983407,1,0,0,0,2,2,2,2,2,0,0,0,0.39013368512007346,1155.6,0,kaggle
5287-QWLKY,1,2.273158691738958,1,1,1.5729808767233588,1,2,1,2,2,0,0,2,2,0,1,1,1.3406815692150957,7548.1,1,kaggle
0795-XCCTE,1,2.273158691738958,0,0,1.6137012404433893,1,2,2,1,1,1,1,1,1,2,0,0,-1.3082228490497045,1809.35,0,kaggle
0168-XZKBB,0,-0.43991649313097614,1,0,-0.5444780367182193,1,2,1,0,0,0,0,2,0,0,1,2,0.7341256641544608,1564.4,0,kaggle
3785-NRHYR,1,-0.43991649313097614,0,0,-1.2774445836787656,1,0,2,1,1,1,1,1,1,0,0,3,-1.4993295040688086,19.65,0,kaggle
5196-SGOAK,0,-0.43991649313097614,0,0,-1.2774445836787656,1,0,1,0,2,0,0,0,0,0,1,2,0.36354493311741554,75.7,1,kaggle
4537-DKTAL,0,-0.43991649313097614,0,0,-1.2367242199587352,1,0,0,0,0,0,0,0,0,0,0,2,-0.6385186579827569,84.4,0,kaggle
7072-MBHEV,0,2.273158691738958,1,1,-0.8702409464784621,1,2,1,0,0,2,0,0,0,0,1,1,0.4433111891253892,864.85,0,kaggle
5602-BVFMK,0,-0.43991649313097614,0,0,-0.8295205827584317,1,0,2,1,1,1,1,1,1,1,0,3,-1.5109620830699715,228.75,0,kaggle
6297-NOOPG,0,-0.43991649313097614,1,0,1.5322605130033284,1,2,1,0,2,2,2,2,2,2,1,2,1.5201556452330371,7752.05,0,kaggle
1891-UAWWU,0,2.273158691738958,1,0,-0.5037576729981889,1,2,1,0,0,2,0,2,0,0,0,2,0.8654076271675846,1951.0,1,kaggle
8204-TIFGJ,0,-0.43991649313097614,0,0,-0.38159658183809786,1,0,2,1,1,1,1,1,1,0,1,0,-1.477726143066649,470.6,0,kaggle
8050-DVOJX,1,2.273158691738958,0,0,0.6771328748826912,1,2,0,2,2,2,2,0,2,2,0,1,0.5513279941361872,4060.9,0,kaggle
6108-OQZDQ,0,-0.43991649313097614,1,1,-1.1552834925186746,1,2,1,0,2,0,0,2,2,0,1,2,1.1030445981913404,384.5,1,kaggle
0363-QJVFX,1,-0.43991649313097614,0,0,-0.015113308357824713,1,2,1,2,2,0,2,2,2,0,1,1,1.4420511862252297,3432.9,1,kaggle
8903-XEBGX,1,-0.43991649313097614,0,1,-1.2367242199587352,1,0,0,0,0,0,0,0,2,0,1,2,-0.31446824295036285,108.65,0,kaggle
8169-SAEJD,1,2.273158691738958,1,0,1.4915401492832983,0,1,0,2,2,0,0,2,2,2,0,1,-0.2729233179462098,3952.65,0,kaggle
9840-DVNDC,1,-0.43991649313097614,0,0,-1.0738427650786138,1,0,1,0,0,0,0,2,0,0,1,1,0.5230774451333633,463.05,1,kaggle
1089-XZWHH,0,-0.43991649313097614,1,1,-0.3408762181180675,1,0,2,1,1,1,1,1,1,2,1,3,-1.4976677070686424,494.05,0,kaggle
2325-WINES,0,-0.43991649313097614,0,0,-0.015113308357824713,1,2,1,0,2,2,0,2,2,1,1,1,1.3057838322116073,3416.85,0,kaggle
6064-ZATLR,0,-0.43991649313097614,0,0,-0.21871512695797646,1,0,0,2,2,0,0,0,0,2,0,0,-0.3958962959585028,1498.65,0,kaggle
3096-JRDSO,0,2.273158691738958,1,0,-0.21871512695797646,1,2,1,2,0,0,2,2,2,0,1,0,1.3140928172124378,2867.75,1,kaggle
7824-PANSQ,1,-0.43991649313097614,0,0,1.0436161483629645,1,2,1,0,0,0,2,0,0,0,0,0,0.5280628361338618,4807.35,0,kaggle
8042-JVNFH,1,-0.43991649313097614,0,0,-1.2774445836787656,1,0,1,0,0,0,0,0,0,0,1,3,0.21896859410296257,71.35,1,kaggle
9648-BCHKM,0,-0.43991649313097614,1,1,-0.5851984004382496,1,2,2,1,1,1,1,1,1,2,1,1,-1.3331498040521963,471.35,0,kaggle
2888-ADFAO,0,-0.43991649313097614,1,1,0.5956921474426305,1,0,2,1,1,1,1,1,1,2,1,0,-1.4444902030633266,1041.8,0,kaggle
8707-HOEDG,0,-0.43991649313097614,1,1,1.5322605130033284,1,2,1,0,2,2,2,2,2,2,1,2,1.5101848632320405,7689.8,0,kaggle
3374-LXDEV,0,-0.43991649313097614,0,0,-0.7888002190384014,1,2,1,0,2,2,2,0,0,0,0,2,0.8188773111629334,1132.35,1,kaggle
4072-IPYLT,0,-0.43991649313097614,1,1,0.14776814652229667,1,0,0,2,0,0,0,0,0,0,0,1,-0.45572098796448335,1815.0,0,kaggle
7167-PCEYD,1,-0.43991649313097614,0,0,1.4100994218432374,1,0,2,1,1,1,1,1,1,2,1,3,-1.4943441130683104,1311.3,0,kaggle
4936-YPJNK,0,-0.43991649313097614,0,0,-0.9109613101984924,1,0,2,1,1,1,1,1,1,0,1,3,-1.491020519067978,199.45,0,kaggle
1580-BMCMR,1,2.273158691738958,0,0,-0.5444780367182193,1,0,1,2,0,0,0,0,2,0,1,2,0.749081837155956,1637.3,0,kaggle
4817-KEQSP,0,-0.43991649313097614,1,1,1.5729808767233588,1,0,2,1,1,1,1,1,1,2,0,0,-1.4926823160681442,1326.35,0,kaggle
6408-WHTEF,1,-0.43991649313097614,1,1,1.6137012404433893,1,2,0,2,2,2,2,2,2,2,1,3,0.8188773111629334,6376.55,0,kaggle
9251-AWQGT,0,-0.43991649313097614,1,1,0.6364125111626608,1,0,2,1,1,1,1,1,1,2,0,3,-1.4876969250676457,935.9,0,kaggle
8749-CLJXC,1,-0.43991649313097614,0,0,-1.2774445836787656,1,0,2,1,1,1,1,1,1,0,0,3,-1.4860351280674797,20.05,0,kaggle
7989-VCQOH,1,-0.43991649313097614,1,1,-0.5851984004382496,1,0,0,2,0,2,2,2,2,0,0,2,0.6144762801425001,1611.15,0,kaggle
5049-GLYVG,1,-0.43991649313097614,0,0,-1.2774445836787656,1,0,2,1,1,1,1,1,1,0,0,3,-1.4677553610656522,20.6,1,kaggle
4199-QHJNM,1,2.273158691738958,1,0,1.4100994218432374,1,2,1,0,2,0,2,2,2,2,0,0,1.2675625012077867,6989.7,0,kaggle
8882-TLVRW,1,-0.43991649313097614,1,1,1.4915401492832983,0,1,0,2,0,2,2,0,0,2,0,3,-0.8528904710041867,2779.5,0,kaggle
5883-GTGVD,1,-0.43991649313097614,0,0,-0.5444780367182193,1,2,1,0,2,0,0,2,2,0,1,2,1.1695164781979852,1931.75,1,kaggle
5135-GRQJV,1,2.273158691738958,1,0,1.6137012404433893,1,2,1,2,2,2,2,2,2,2,1,3,1.653099405246327,8331.95,0,kaggle
2384-OVPSA,0,2.273158691738958,0,0,0.22920887396235737,1,0,2,1,1,1,1,1,1,2,0,3,-1.481049737066981,735.9,0,kaggle
1371-WEPDS,1,2.273158691738958,1,0,0.3106496014024181,1,0,0,0,0,0,0,0,2,1,0,2,-0.29785027294870164,2283.3,0,kaggle
3580-GICBM,0,-0.43991649313097614,1,1,1.1657772395230555,1,2,2,1,1,1,1,1,1,2,1,3,-1.3481059770536914,1445.2,0,kaggle
4817-QRJSX,0,-0.43991649313097614,0,0,-0.9109613101984924,1,2,1,0,2,0,0,0,0,0,1,1,0.5396954151350245,818.05,1,kaggle
9730-DRTMJ,1,-0.43991649313097614,1,0,-0.015113308357824713,1,2,0,2,0,0,2,2,0,1,1,1,0.2671607071077802,2333.05,0,kaggle
4686-UXDML,0,-0.43991649313097614,0,0,-0.46303730927815856,1,2,1,0,2,0,0,2,2,0,1,1,1.1661928841976528,1992.55,0,kaggle
3349-ANQNH,0,2.273158691738958,0,0,1.0843365120829946,1,2,1,0,0,2,0,2,2,1,1,2,1.15456030519649,5890.0,0,kaggle
2398-YPMUR,0,2.273158691738958,1,0,-0.7888002190384014,1,0,1,0,0,0,0,0,0,0,1,2,0.179085466098976,916.75,1,kaggle
0932-YIXYU,0,-0.43991649313097614,0,0,0.5956921474426305,1,0,2,1,1,1,1,1,1,2,0,1,-1.479387940066815,1029.8,0,kaggle
7480-SPLEF,1,-0.43991649313097614,1,1,1.4915401492832983,1,2,2,1,1,1,1,1,1,2,1,0,-1.288281285047711,1796.55,0,kaggle
7636-XUHWW,1,-0.43991649313097614,0,0,-1.2367242199587352,1,0,2,1,1,1,1,1,1,0,1,1,-1.491020519067978,33.7,0,kaggle
1431-CYWMH,0,-0.43991649313097614,1,1,-0.4223169455581282,1,0,2,1,1,1,1,1,1,0,0,0,-1.5192710680708021,454.05,0,kaggle
5937-EORGB,1,2.273158691738958,1,0,-0.7073594915983407,1,2,1,2,0,2,0,2,0,0,1,2,1.0548524851865226,1392.25,0,kaggle
6349-JDHQP,0,-0.43991649313097614,0,0,0.8400143297628127,1,0,2,1,1,1,1,1,1,2,0,1,-1.4926823160681442,1049.6,0,kaggle
5539-HIVAK,0,2.273158691738958,1,0,-0.1779947632379461,1,2,2,1,1,1,1,1,1,0,0,3,-1.2982520670487077,734.6,0,kaggle
5847-MXBEO,1,-0.43991649313097614,0,0,-0.4223169455581282,1,0,2,1,1,1,1,1,1,1,0,3,-1.477726143066649,475.1,0,kaggle
9985-MWVIX,0,-0.43991649313097614,0,0,-1.2774445836787656,1,0,1,0,0,0,0,0,0,0,1,3,0.179085466098976,70.15,1,kaggle
4583-PARNH,1,2.273158691738958,1,0,-0.6666391278783103,1,0,1,0,0,2,2,0,2,0,1,2,0.8903345821700764,1540.05,0,kaggle
1116-FRYVH,0,-0.43991649313097614,1,1,0.6364125111626608,0,1,0,2,2,0,2,0,0,2,0,3,-0.84291968900319,1978.65,0,kaggle
1421-HCERK,1,2.273158691738958,1,0,-0.0965540357978854,1,2,1,2,2,2,2,2,0,0,1,0,1.3606231332170895,3181.8,0,kaggle
9633-XQABV,0,-0.43991649313097614,0,0,-1.1960038562387048,1,0,1,0,0,0,0,0,0,0,1,2,0.18240906009930805,229.7,0,kaggle
0716-BQNDX,1,2.273158691738958,0,0,1.002895784642934,1,2,1,2,0,0,2,0,2,2,0,2,0.9634536501773859,5625.55,0,kaggle
1265-XTECC,0,2.273158691738958,1,0,1.4508197855632678,1,2,1,2,2,0,0,0,2,1,1,1,1.0565142821866886,6581.9,1,kaggle
1183-CANVH,0,-0.43991649313097614,1,0,-0.38159658183809786,1,0,0,0,0,0,2,2,0,1,0,0,-0.1582593249347472,1347.15,0,kaggle
1972-XMUWV,0,-0.43991649313097614,1,0,1.3286586944031769,1,0,0,0,0,0,2,2,0,2,1,1,-0.16490651293541178,3808.2,0,kaggle
8679-LZBMD,1,-0.43991649313097614,1,0,0.47353105628253944,1,0,1,0,0,0,0,2,2,1,1,0,0.8604222361670865,3974.15,0,kaggle
3407-JMJQQ,0,-0.43991649313097614,1,1,1.5729808767233588,1,2,1,2,2,2,0,2,2,2,1,0,1.4703017352280534,7661.8,0,kaggle
6252-DFGTK,0,-0.43991649313097614,1,0,0.18848851024232702,1,2,0,2,0,2,2,0,0,1,0,1,0.11095178909216456,2479.25,0,kaggle
1539-LNKHM,0,-0.43991649313097614,0,0,-0.8295205827584317,1,0,2,1,1,1,1,1,1,0,0,3,-1.4744025490663168,266.6,0,kaggle
8645-KOMJQ,1,-0.43991649313097614,1,1,1.4915401492832983,1,2,0,0,2,2,2,2,2,2,1,0,0.5712695581381809,5601.4,0,kaggle
0289-IVARM,0,-0.43991649313097614,0,0,0.10704778280226633,1,0,0,2,2,2,0,0,0,0,0,2,-0.13997955793291994,1982.6,0,kaggle
9761-XUJWD,1,-0.43991649313097614,0,0,-1.1145631287986442,1,0,0,0,2,0,2,0,2,0,1,0,0.0278619390838584,339.9,0,kaggle
4057-FKCZK,1,-0.43991649313097614,1,1,1.0436161483629645,1,2,1,0,0,0,0,2,0,2,0,0,0.5895493251400082,4828.05,0,kaggle
4291-TPNFG,1,-0.43991649313097614,1,0,1.6137012404433893,1,2,0,2,2,2,2,0,2,2,1,0,0.5829021371393436,5980.55,0,kaggle
6087-YPWHO,1,-0.43991649313097614,1,0,1.6137012404433893,1,2,0,2,2,2,2,0,0,2,0,3,0.11261358609233106,4808.7,0,kaggle
3090-QFUVD,0,-0.43991649313097614,0,0,-1.2774445836787656,1,0,2,1,1,1,1,1,1,0,0,1,-1.477726143066649,20.3,0,kaggle
2237-ZFSMY,0,-0.43991649313097614,0,0,0.26992923768238775,1,0,1,2,0,2,2,2,0,1,1,2,1.0232783421833662,3692.85,1,kaggle
1722-LDZJS,1,-0.43991649313097614,1,1,0.8400143297628127,1,0,2,1,1,1,1,1,1,1,0,1,-1.481049737066981,1068.15,0,kaggle
1818-ESQMW,0,-0.43991649313097614,0,0,-0.21871512695797646,1,0,1,0,0,2,2,0,2,0,1,2,0.8122301231622688,2383.6,0,kaggle
4871-JTKJF,0,2.273158691738958,0,0,-1.2774445836787656,1,0,1,0,0,0,0,0,0,0,1,2,0.16246749609731476,69.65,1,kaggle
1415-YFWLT,0,2.273158691738958,0,0,-1.2774445836787656,1,0,1,0,0,0,0,2,2,0,1,2,0.8155537171626008,89.3,1,kaggle
7401-RUBNK,0,-0.43991649313097614,1,0,-0.5851984004382496,1,0,1,2,0,0,0,0,0,0,0,2,0.33363258711442517,1438.05,0,kaggle
0506-YLVKJ,1,-0.43991649313097614,1,1,0.5549717837226001,1,0,2,1,1,1,1,1,1,2,1,3,-1.481049737066981,917.45,0,kaggle
8661-BOYNW,0,-0.43991649313097614,1,0,1.6137012404433893,1,2,0,2,0,2,2,2,2,2,1,1,0.6526976111463211,6096.45,0,kaggle
6711-VTNRE,0,-0.43991649313097614,0,0,0.14776814652229667,1,0,1,0,0,2,2,0,2,0,1,2,0.7573908221567865,3078.1,1,kaggle
4815-GBTCD,0,-0.43991649313097614,1,0,-1.1552834925186746,0,1,0,0,0,0,0,0,0,0,1,2,-1.3165318340505352,99.95,0,kaggle
2805-AUFQN,0,-0.43991649313097614,0,0,-0.30015585439803716,1,0,2,1,1,1,1,1,1,2,0,1,-1.4943441130683104,475.2,0,kaggle
0980-PVMRC,0,-0.43991649313097614,1,1,0.3106496014024181,0,1,0,0,2,0,0,2,2,0,1,2,-0.4623681759651477,2036.55,0,kaggle
7233-DRTRF,1,-0.43991649313097614,1,0,1.247217966963116,1,2,1,0,2,2,0,2,2,0,1,2,1.2509445312061254,6444.05,0,kaggle
3500-RMZLT,0,2.273158691738958,0,0,-0.7073594915983407,1,0,1,2,0,2,2,0,2,0,1,3,1.0482052971858582,1426.75,1,kaggle
3873-NFTGI,1,-0.43991649313097614,0,0,-0.748079855318371,1,2,0,0,2,0,0,0,0,0,1,1,-0.3078210549496983,767.55,0,kaggle
1162-ECVII,1,2.273158691738958,1,0,1.6137012404433893,1,2,1,0,2,2,2,2,2,2,1,0,1.4952286902305454,7932.5,0,kaggle
7048-GXDAY,1,-0.43991649313097614,0,0,0.26992923768238775,1,2,1,2,2,0,0,2,2,0,1,2,1.3838882912194153,4040.65,0,kaggle
8571-ZCMCX,0,-0.43991649313097614,1,1,0.5956921474426305,0,1,0,2,2,2,0,2,2,2,1,1,-0.1582593249347472,2768.65,0,kaggle
1169-WCVAK,1,-0.43991649313097614,1,0,-0.5444780367182193,1,2,1,2,2,0,2,0,0,0,1,1,0.7989357471609396,1672.35,0,kaggle
4548-SDBKE,0,-0.43991649313097614,0,0,-1.1145631287986442,1,2,1,0,0,0,0,2,0,0,1,2,0.6792863631489789,474.8,1,kaggle
8066-POXGX,0,-0.43991649313097614,0,0,-0.7888002190384014,0,1,0,0,0,0,0,0,2,0,1,2,-0.9858342310174765,446.1,1,kaggle
7129-CAKJW,0,-0.43991649313097614,0,0,-0.62591876415828,1,2,1,0,0,2,0,0,0,0,0,0,0.5081212721318681,1345.65,0,kaggle
8695-ARGXZ,1,2.273158691738958,1,0,0.06632741908223598,1,2,1,0,0,0,0,0,0,0,1,2,0.358559542116917,2425.4,0,kaggle
3570-YUEKJ,0,-0.43991649313097614,0,0,0.3920903288424788,1,0,0,0,2,0,0,0,0,0,1,2,-0.5055748979694671,2077.95,0,kaggle
4143-OOBWZ,1,-0.43991649313097614,1,0,-1.1145631287986442,1,2,1,0,2,0,0,0,0,0,1,2,0.5496661971360212,416.3,1,kaggle
1555-HAPSU,0,-0.43991649313097614,1,1,1.5729808767233588,1,2,2,1,1,1,1,1,1,2,0,1,-1.3580767590546883,1663.5,0,kaggle
1697-NVVGY,1,2.273158691738958,1,0,-0.5444780367182193,1,0,0,2,0,2,0,2,0,0,0,0,0.05445069108651675,1286.05,0,kaggle
7854-EKTJL,0,-0.43991649313097614,0,1,-1.2367242199587352,1,0,2,1,1,1,1,1,1,0,1,2,-1.5009913010689746,35.85,1,kaggle
8464-EETCQ,1,-0.43991649313097614,0,0,1.002895784642934,1,0,2,1,1,1,1,1,1,2,0,1,-1.5275800530716328,1094.35,0,kaggle
2419-FSORS,1,-0.43991649313097614,1,0,1.6137012404433893,1,2,1,0,2,2,2,2,2,2,1,2,1.4503601712260603,7719.5,0,kaggle
8132-YPVBX,0,-0.43991649313097614,0,0,-1.0738427650786138,1,0,1,0,2,0,0,0,2,0,1,3,0.7042133181514708,514.6,0,kaggle
9102-IAYHT,0,-0.43991649313097614,1,1,-0.62591876415828,1,2,1,0,0,0,0,0,2,0,1,2,0.6875953481498096,1451.6,1,kaggle
6754-LZUKA,1,-0.43991649313097614,1,0,1.1657772395230555,1,2,0,0,2,2,0,2,2,2,0,0,0.5363718211346925,4932.5,0,kaggle
3422-LYEPQ,1,-0.43991649313097614,1,1,-1.2774445836787656,1,0,1,0,0,0,0,0,0,0,1,2,0.2073360151017999,71.0,1,kaggle
8099-MZPUJ,1,-0.43991649313097614,1,1,0.6364125111626608,1,2,1,2,2,2,2,2,2,2,0,1,1.5633623672373562,5443.65,0,kaggle
0787-LHDYT,1,-0.43991649313097614,0,0,-0.6666391278783103,1,0,2,1,1,1,1,1,1,0,1,1,-1.4677553610656522,330.25,0,kaggle
2642-DTVCO,1,2.273158691738958,0,0,-0.9516816739185228,1,2,1,0,0,0,0,0,2,0,1,2,0.6743009721484804,746.5,1,kaggle
0374-IOEGQ,0,-0.43991649313097614,0,0,-1.1960038562387048,1,0,0,0,0,0,0,0,0,0,0,2,-0.6700928009859131,122.7,0,kaggle
4361-JEIVL,1,-0.43991649313097614,0,1,-1.2774445836787656,1,0,0,0,0,0,0,0,0,0,1,2,-0.6767399889865777,44.4,1,kaggle
3197-NNYNB,1,-0.43991649313097614,0,0,1.3286586944031769,1,2,1,0,2,2,0,2,2,2,0,1,1.3406815692150957,6631.85,0,kaggle
3396-DKDEL,0,-0.43991649313097614,1,1,1.5322605130033284,1,2,1,2,2,2,2,2,2,2,1,1,1.6747027662484868,8250.0,0,kaggle
1752-OZXFY,1,-0.43991649313097614,1,0,1.125056875803025,1,0,0,2,0,0,0,2,0,1,1,3,-0.16490651293541178,3561.15,0,kaggle
9066-QRSDU,0,-0.43991649313097614,1,0,1.4915401492832983,1,2,2,1,1,1,1,1,1,1,1,2,-1.2783105030467143,1763.55,0,kaggle
9112-WSNPU,0,2.273158691738958,0,0,0.10704778280226633,1,0,1,0,0,0,0,0,0,0,0,2,0.19237984210030468,2419.0,0,kaggle
9867-NNXLC,0,-0.43991649313097614,0,0,-0.4223169455581282,1,0,2,1,1,1,1,1,1,0,1,3,-1.4860351280674797,470.2,0,kaggle
5321-NTRKC,1,-0.43991649313097614,1,1,1.369379058123207,1,2,0,0,2,2,0,2,2,2,0,0,0.5014740841312035,5234.95,0,kaggle
1363-TXLSL,1,2.273158691738958,1,0,-1.2774445836787656,1,0,1,0,0,0,0,0,0,0,1,2,0.18407085709947407,70.3,1,kaggle
9507-EXLTT,0,-0.43991649313097614,1,0,-1.2774445836787656,1,0,1,0,0,0,0,2,0,0,1,0,0.48485611412954227,79.35,1,kaggle
3161-GETRM,1,-0.43991649313097614,1,1,0.06632741908223598,1,2,1,0,0,2,0,0,2,0,1,1,0.8404806721650927,3097.0,0,kaggle
0402-OAMEN,0,-0.43991649313097614,1,1,1.6137012404433893,1,2,2,1,1,1,1,1,1,2,0,0,-1.3397969920528607,1709.1,0,kaggle
6933-VLYFX,1,-0.43991649313097614,1,1,-0.055833672077855064,0,1,0,2,0,2,2,2,2,1,0,2,-0.15992112193491323,1848.8,0,kaggle
6754-WKSHP,1,-0.43991649313097614,0,1,-0.0965540357978854,1,2,2,1,1,1,1,1,1,1,0,0,-1.3098846460498705,723.3,0,kaggle
9846-GKXAS,0,-0.43991649313097614,0,0,-0.9516816739185228,1,0,1,0,0,0,0,2,2,0,1,0,0.8654076271675846,809.75,1,kaggle
6017-PPLPX,1,-0.43991649313097614,1,1,-0.5037576729981889,1,0,1,0,0,0,0,0,0,0,1,2,0.18905624809997262,1470.95,1,kaggle
4976-LNFVV,1,2.273158691738958,1,0,-0.5444780367182193,0,1,0,0,2,2,0,0,0,0,1,1,-1.0124229830201346,577.15,0,kaggle
5055-MGMGF,0,-0.43991649313097614,1,0,1.3286586944031769,1,2,1,2,0,2,0,2,2,0,1,2,1.3390197722149297,6914.95,0,kaggle
4641-FROLU,0,-0.43991649313097614,1,1,-0.0965540357978854,1,0,2,1,1,1,1,1,1,2,0,3,-1.5109620830699715,602.9,0,kaggle
2862-JVEOY,1,-0.43991649313097614,0,0,-1.0738427650786138,1,0,2,1,1,1,1,1,1,1,0,3,-1.51594747407047,124.4,0,kaggle
2969-QWUBZ,0,-0.43991649313097614,0,0,-1.2367242199587352,0,1,0,0,2,0,0,2,2,0,0,2,-0.4440884089633204,96.8,0,kaggle
9822-BIIGN,1,-0.43991649313097614,1,1,0.8400143297628127,1,2,0,2,0,0,2,0,2,0,0,2,0.2355865641046238,3827.9,0,kaggle
2077-MPJQO,1,2.273158691738958,1,0,-1.0331224013585834,1,2,1,0,0,0,0,0,0,0,1,2,0.35357415111641893,533.05,0,kaggle
1534-OULXE,0,-0.43991649313097614,1,1,1.1657772395230555,1,0,0,2,0,0,0,0,0,1,1,0,-0.5005895069689685,2961.4,0,kaggle
7136-RVDTZ,1,2.273158691738958,0,0,1.5322605130033284,0,1,0,0,0,0,0,2,2,1,1,2,-0.6484894399837535,3264.45,1,kaggle
2971-SGAFL,0,-0.43991649313097614,0,0,-0.7888002190384014,1,2,0,2,0,2,0,2,2,0,1,2,0.464914550127549,995.35,0,kaggle
1480-IVEVR,1,2.273158691738958,1,0,0.10704778280226633,1,2,1,0,0,2,0,0,0,1,1,0,0.5596369791370178,2815.25,0,kaggle
2905-KFQUV,0,-0.43991649313097614,1,0,-1.2367242199587352,1,0,1,0,0,0,0,0,0,0,1,1,0.1873944510998066,154.8,0,kaggle
4581-SSPWD,0,-0.43991649313097614,0,0,-1.1960038562387048,1,2,1,0,0,0,0,0,0,0,1,2,0.36686852711774764,246.3,1,kaggle
3370-HXOPH,0,-0.43991649313097614,0,0,-1.1960038562387048,1,2,1,0,0,0,0,0,0,0,0,2,0.37683930911874425,257.6,0,kaggle
9391-YZEJW,0,-0.43991649313097614,0,0,1.2064976032430856,1,2,1,0,0,0,0,2,2,1,1,0,0.9717626351782166,5757.2,0,kaggle
9958-MEKUC,1,-0.43991649313097614,1,1,1.6137012404433893,1,2,1,2,2,2,2,0,2,2,0,1,1.302460238211275,7517.7,0,kaggle
0281-CNTZX,1,-0.43991649313097614,1,0,1.247217966963116,1,0,2,1,1,1,1,1,1,2,1,0,-1.4893587220678117,1234.8,0,kaggle
6927-WTFIV,1,2.273158691738958,0,0,-0.5037576729981889,1,0,1,0,0,0,0,0,0,0,0,1,0.21730679710279655,1389.2,1,kaggle
4118-CEVPF,0,2.273158691738958,0,0,0.10704778280226633,1,2,1,2,2,2,2,2,2,1,1,0,1.5301264272340338,3836.3,0,kaggle
3398-ZOUAA,1,2.273158691738958,1,0,-0.46303730927815856,1,0,1,0,0,0,0,0,0,0,1,2,0.14418772909548702,1474.75,1,kaggle
9114-VEPUF,1,-0.43991649313097614,1,0,1.2064976032430856,1,2,1,2,2,0,0,0,2,1,0,2,1.0415581091851935,6001.45,0,kaggle
7876-BEUTG,0,-0.43991649313097614,0,0,-0.7073594915983407,1,2,0,0,0,0,0,0,0,0,1,3,-0.5305018529719588,720.1,0,kaggle
2338-BQEZT,0,-0.43991649313097614,0,0,0.9214550572028734,1,0,0,2,0,0,0,0,0,0,1,1,-0.47233895796614456,2832.75,0,kaggle
9873-MNDKV,0,-0.43991649313097614,0,0,-0.8702409464784621,1,0,0,0,0,0,0,0,0,0,1,3,-0.6684310039857471,472.25,0,kaggle
0378-NHQXU,0,-0.43991649313097614,1,1,-0.62591876415828,1,2,1,0,0,2,0,2,0,0,0,2,0.7806559801591124,1460.65,1,kaggle
8241-JUIQO,0,-0.43991649313097614,0,0,1.1657772395230555,1,0,2,1,1,1,1,1,1,1,0,0,-1.505976692069473,1336.35,0,kaggle
2194-IIQOF,0,-0.43991649313097614,1,0,1.5729808767233588,1,2,0,2,2,2,2,2,2,2,0,1,0.8155537171626008,6388.65,0,kaggle
4512-ZUIYL,0,-0.43991649313097614,0,0,-1.2367242199587352,1,0,1,0,0,0,0,0,0,0,0,0,0.17410007509847744,153.05,1,kaggle
9631-RXVJM,1,-0.43991649313097614,0,0,0.10704778280226633,1,0,2,1,1,1,1,1,1,2,0,3,-1.5126238800701375,677.9,0,kaggle
9584-EXCDZ,0,-0.43991649313097614,0,0,-0.62591876415828,1,0,1,0,0,0,0,0,0,0,0,0,0.19071804510013865,1165.6,0,kaggle
7969-AULMZ,0,-0.43991649313097614,0,0,-0.46303730927815856,1,2,1,0,0,0,0,2,2,0,1,2,1.0831030341893466,2119.5,1,kaggle
5093-FEGLU,0,-0.43991649313097614,1,0,0.5956921474426305,1,0,2,1,1,1,1,1,1,2,0,0,-1.4993295040688086,921.55,0,kaggle
2621-UDNLU,0,-0.43991649313097614,1,0,-1.1960038562387048,1,0,2,1,1,1,1,1,1,0,0,3,-1.4594463760648215,72.0,0,kaggle
7526-IVLYU,1,-0.43991649313097614,0,0,-1.1960038562387048,1,0,2,1,1,1,1,1,1,0,1,3,-1.4993295040688086,68.35,0,kaggle
2428-HYUNX,1,2.273158691738958,1,0,0.47353105628253944,1,0,2,1,1,1,1,1,1,2,1,1,-1.5093002860698053,847.25,0,kaggle
9214-EKVXR,0,-0.43991649313097614,0,0,-1.2774445836787656,1,0,0,0,0,0,0,0,0,0,1,3,-0.6900343649879066,44.0,0,kaggle
3410-MHHUM,0,-0.43991649313097614,1,1,0.47353105628253944,1,2,1,0,2,2,0,0,2,1,0,2,0.9850570111795457,4295.35,0,kaggle
0568-ONFPC,1,-0.43991649313097614,1,1,-1.1145631287986442,1,2,2,1,1,1,1,1,1,0,1,0,-1.2916048790480432,135.0,1,kaggle
0733-VUNUW,1,-0.43991649313097614,0,0,-0.3408762181180675,1,2,0,2,0,0,0,0,0,0,1,0,-0.3028356639492,1400.55,1,kaggle
4550-EVXNY,0,-0.43991649313097614,0,1,-1.2774445836787656,1,0,1,0,0,0,0,0,0,0,1,2,0.16246749609731476,69.65,1,kaggle
2122-YWVYA,0,-0.43991649313097614,0,0,-0.5851984004382496,1,0,1,2,0,0,0,0,0,0,1,2,0.35357415111641893,1380.4,0,kaggle
2968-SSGAA,0,-0.43991649313097614,0,0,-0.9109613101984924,1,2,1,0,0,2,0,2,2,0,1,2,1.1911198392001445,1060.2,1,kaggle
2296-DKZFP,0,-0.43991649313097614,1,0,1.3286586944031769,1,0,0,2,2,2,0,0,2,2,0,0,0.2073360151017999,4386.2,0,kaggle
4844-JJWUY,0,2.273158691738958,0,0,-1.2774445836787656,1,0,1,0,2,0,0,0,2,0,1,2,0.7058751151516368,86.0,1,kaggle
6777-TGHTM,0,-0.43991649313097614,0,0,0.8400143297628127,1,2,1,2,0,2,0,2,2,1,1,1,1.4021680582212426,5785.5,1,kaggle
8909-BOLNL,1,-0.43991649313097614,0,0,-1.1960038562387048,1,0,2,1,1,1,1,1,1,1,0,3,-1.4478137970636586,52.05,0,kaggle
6603-YRDCJ,1,-0.43991649313097614,1,0,0.025607055362205634,1,0,0,2,2,0,2,0,0,2,1,3,-0.12336158793125872,2018.4,0,kaggle
3538-WZPHD,1,-0.43991649313097614,0,0,-1.1960038562387048,0,1,0,0,2,0,0,0,0,0,1,2,-1.16863190103575,79.45,1,kaggle
3229-USWAR,0,-0.43991649313097614,0,0,0.06632741908223598,1,0,0,2,0,2,2,2,2,1,1,0,0.5047976781315361,2727.3,0,kaggle
2138-VFAPZ,0,-0.43991649313097614,1,1,-0.748079855318371,1,0,2,1,1,1,1,1,1,2,1,3,-1.4976677070686424,263.65,0,kaggle
6131-JLWZM,0,-0.43991649313097614,0,0,-0.7888002190384014,1,0,2,1,1,1,1,1,1,0,1,3,-1.477726143066649,275.4,0,kaggle
4785-QRJHC,1,2.273158691738958,1,0,0.5549717837226001,0,1,0,0,2,2,2,2,2,1,1,0,-0.1615829189350795,2816.65,1,kaggle
0269-XFESX,1,-0.43991649313097614,1,1,-0.38159658183809786,1,2,2,1,1,1,1,1,1,1,0,3,-1.343120586053193,538.5,0,kaggle
1709-EJDOX,0,-0.43991649313097614,1,1,0.5956921474426305,1,0,2,1,1,1,1,1,1,2,0,3,-1.4960059100684764,948.9,0,kaggle
4316-XCSLJ,1,-0.43991649313097614,0,1,-0.62591876415828,1,0,0,2,0,0,0,0,0,0,1,3,-0.4806479429669752,846.8,0,kaggle
8610-WFCJF,0,-0.43991649313097614,1,1,0.6771328748826912,1,2,1,0,0,0,0,2,2,0,1,2,1.0249401391835322,4783.5,1,kaggle
9693-XMUOB,1,2.273158691738958,1,0,1.0843365120829946,0,1,0,0,2,0,0,2,2,0,1,2,-0.4823097399671412,2997.45,0,kaggle
0383-CLDDA,0,-0.43991649313097614,0,0,1.4915401492832983,1,2,0,2,0,2,2,2,2,2,1,1,0.684271754149477,5897.4,0,kaggle
4905-JEFDW,1,-0.43991649313097614,0,0,-0.8702409464784621,0,1,0,0,0,2,0,2,0,1,1,2,-0.7698006209958805,470.6,1,kaggle
2709-UQGNP,1,-0.43991649313097614,0,0,-0.9109613101984924,1,0,0,2,0,0,0,0,0,0,1,3,-0.4357794239624898,524.5,0,kaggle
3549-ZTMNH,1,-0.43991649313097614,1,1,-0.8295205827584317,1,2,2,1,1,1,1,1,1,2,1,0,-1.3547531650543558,269.65,0,kaggle
7881-INRLC,1,-0.43991649313097614,0,0,0.5142514200025698,1,2,1,0,2,0,0,2,2,0,1,1,1.1994288242009752,4740.0,1,kaggle
8033-ATFAS,0,-0.43991649313097614,1,1,0.26992923768238775,1,0,0,0,0,2,0,2,0,0,1,3,-0.16324471593524553,2341.5,0,kaggle
1635-NZATJ,1,2.273158691738958,1,0,1.5729808767233588,1,2,2,1,1,1,1,1,1,2,0,1,-1.3065610520495383,1789.65,0,kaggle
0562-HKHML,1,-0.43991649313097614,1,1,1.5729808767233588,1,2,2,1,1,1,1,1,1,2,0,1,-1.3580767590546883,1626.4,0,kaggle
8277-RVRSV,0,-0.43991649313097614,1,1,0.025607055362205634,1,2,2,1,1,1,1,1,1,1,0,1,-1.3497677740538576,800.3,0,kaggle
9943-VSZUV,1,2.273158691738958,0,0,1.4100994218432374,1,2,1,0,0,0,0,0,0,0,1,3,0.36354493311741554,5060.85,0,kaggle
0117-LFRMW,1,-0.43991649313097614,1,1,0.18848851024232702,0,1,0,2,2,2,0,0,0,0,0,0,-0.8163309370005319,1448.8,1,kaggle
6172-FECYY,1,-0.43991649313097614,1,1,0.6771328748826912,1,2,1,0,0,0,0,2,0,0,0,2,0.6560212051466532,4254.85,1,kaggle
7054-ENNGU,0,-0.43991649313097614,1,0,-0.9516816739185228,1,0,0,0,2,0,0,0,0,0,0,3,-0.4623681759651477,466.6,0,kaggle
1455-HFBXA,1,-0.43991649313097614,1,0,0.7992939660427822,1,2,1,2,0,2,2,0,0,2,1,1,0.8919963791702424,4627.8,0,kaggle
9402-CXWPL,0,-0.43991649313097614,0,0,1.5322605130033284,1,2,1,0,2,0,0,2,2,1,0,2,1.1346187411944968,6838.6,0,kaggle
1628-BIZYP,1,-0.43991649313097614,0,0,-1.2774445836787656,1,0,1,0,2,0,0,0,2,0,1,2,0.6726391751483144,85.0,0,kaggle
1965-AKTSX,0,2.273158691738958,0,0,-0.748079855318371,1,2,1,0,2,0,0,0,0,0,1,2,0.47156173812821356,1101.85,1,kaggle
0082-LDZUE,1,-0.43991649313097614,0,0,-1.2774445836787656,1,0,0,0,0,0,0,0,0,0,1,3,-0.6800635829869099,44.3,0,kaggle
4786-UKSNZ,1,-0.43991649313097614,0,0,-1.2774445836787656,1,0,2,1,1,1,1,1,1,0,0,3,-1.481049737066981,20.2,1,kaggle
5343-SGUBI,0,-0.43991649313097614,0,0,0.7992939660427822,1,2,1,0,2,0,0,0,0,1,1,3,0.5131066631323666,4297.6,0,kaggle
0856-NAOES,1,-0.43991649313097614,0,0,-1.0738427650786138,1,0,0,0,0,2,0,2,0,0,0,3,-0.12834697893175703,414.1,0,kaggle
1976-AZZPJ,1,-0.43991649313097614,1,0,-1.0331224013585834,0,1,0,2,2,0,0,0,0,0,0,3,-1.0157465770204666,256.6,0,kaggle
7248-VZQLC,0,2.273158691738958,0,0,0.5956921474426305,1,2,1,0,2,2,0,0,0,0,1,0,0.6792863631489789,3969.35,1,kaggle
6156-UZDLF,0,-0.43991649313097614,0,0,-0.2594354906780068,1,0,1,2,0,2,2,0,0,1,1,1,0.7440964461554579,2274.1,0,kaggle
3099-OONVS,1,-0.43991649313097614,1,1,-0.30015585439803716,1,0,0,2,0,0,2,0,0,0,0,2,-0.3477041829536853,1296.8,0,kaggle
9500-WBGRP,1,-0.43991649313097614,0,0,1.4915401492832983,1,0,2,1,1,1,1,1,1,2,1,3,-1.517609271070636,1268.85,0,kaggle
5183-KLYEM,0,-0.43991649313097614,0,0,1.6137012404433893,1,2,1,2,2,2,2,2,2,2,1,1,1.5949365102405126,8192.6,0,kaggle
5144-PQCDZ,1,-0.43991649313097614,0,0,-1.1552834925186746,1,0,2,1,1,1,1,1,1,0,1,3,-1.4893587220678117,59.25,0,kaggle
8514-VZHEB,1,-0.43991649313097614,1,1,1.0843365120829946,1,0,2,1,1,1,1,1,1,2,0,3,-1.504314895069307,1147.85,0,kaggle
6625-IUTTT,1,-0.43991649313097614,0,0,1.4100994218432374,1,0,0,2,0,2,0,0,2,2,0,0,0.02620014208369237,4361.55,0,kaggle
9355-NPPFS,0,2.273158691738958,0,0,-0.2594354906780068,1,0,1,0,0,0,0,0,2,0,1,2,0.466576347127715,2006.1,0,kaggle
0068-FIGTF,0,-0.43991649313097614,0,0,-0.21871512695797646,1,0,0,0,2,2,2,2,2,1,0,3,0.44663478312572175,2078.95,0,kaggle
5965-GGPRW,1,-0.43991649313097614,1,1,1.6137012404433893,1,2,1,2,0,2,0,2,2,2,0,0,1.3456669602155942,7609.75,0,kaggle
8035-PWSEV,0,-0.43991649313097614,0,0,-1.0738427650786138,1,0,1,0,0,2,2,0,2,0,1,2,0.8138919201624348,487.05,0,kaggle
2236-HILPA,1,-0.43991649313097614,1,1,1.2064976032430856,1,0,2,1,1,1,1,1,1,2,0,1,-1.4660935640654862,1218.45,0,kaggle
1840-BIUOG,1,-0.43991649313097614,0,0,-0.5037576729981889,1,2,0,0,2,0,2,2,0,1,1,2,0.1308933530941583,1416.2,0,kaggle
1356-MKYSK,1,-0.43991649313097614,0,0,-1.0738427650786138,1,0,0,2,0,2,2,2,2,0,0,1,0.4615909561272169,483.3,0,kaggle
6080-LNESI,1,-0.43991649313097614,0,0,0.758573602322752,1,2,2,1,1,1,1,1,1,2,0,3,-1.329826210051864,1234.6,0,kaggle
1830-IPXVJ,0,-0.43991649313097614,1,1,1.1657772395230555,1,0,2,1,1,1,1,1,1,2,0,1,-1.4960059100684764,1311.6,0,kaggle
5828-DWPIL,1,2.273158691738958,1,0,1.2064976032430856,1,2,1,2,2,2,0,0,0,0,1,2,0.8089065291619363,5618.3,0,kaggle
8398-TBIYD,0,-0.43991649313097614,0,0,1.6137012404433893,1,2,1,2,0,0,2,0,0,2,1,0,0.6626683931473177,6185.15,0,kaggle
0011-IGKFF,1,2.273158691738958,1,0,-0.7888002190384014,1,0,1,0,2,2,0,2,2,0,1,2,1.1047063951915064,1237.85,1,kaggle
4192-GORJT,1,-0.43991649313097614,1,0,-1.1145631287986442,1,0,1,0,0,2,0,2,2,0,1,2,0.9867188081797118,498.1,1,kaggle
6496-SLWHQ,1,2.273158691738958,0,0,-1.1960038562387048,1,2,1,0,2,2,0,2,2,0,1,2,1.3373579752147637,294.45,1,kaggle
9912-GVSEQ,0,2.273158691738958,1,0,-0.2594354906780068,1,2,1,0,2,2,0,0,2,0,1,2,0.966777244177718,2381.55,1,kaggle
2931-FSOHN,1,2.273158691738958,0,0,-0.7888002190384014,1,0,0,0,2,0,0,2,0,0,1,2,-0.1615829189350795,788.35,0,kaggle
9418-RUKPH,0,-0.43991649313097614,1,1,0.22920887396235737,1,0,2,1,1,1,1,1,1,2,1,3,-1.4893587220678117,756.4,0,kaggle
5383-MMTWC,0,2.273158691738958,1,0,-0.9924020376385531,1,2,1,0,0,0,0,0,2,0,1,2,0.6394032351449919,613.4,1,kaggle
9971-ZWPBF,1,2.273158691738958,1,1,0.06632741908223598,1,2,1,0,2,2,2,2,2,0,1,2,1.4669781412277214,3625.2,0,kaggle
4712-AUQZO,1,-0.43991649313097614,0,0,-0.5851984004382496,0,1,0,2,0,2,0,0,0,0,0,3,-1.03568814102246,550.35,0,kaggle
9711-FJTBX,1,-0.43991649313097614,1,1,0.9621754209229036,1,0,1,0,2,2,2,0,0,1,1,3,0.7008897241511383,4793.8,0,kaggle
2908-ZTPNF,0,-0.43991649313097614,0,0,0.14776814652229667,0,1,0,0,2,0,2,0,0,0,1,0,-0.9941432160183071,1267.2,0,kaggle
7240-ETPTR,0,-0.43991649313097614,1,0,-0.9516816739185228,0,1,0,0,0,2,0,2,2,0,1,2,-0.532163649972125,442.2,1,kaggle
2202-CUYXZ,1,-0.43991649313097614,0,0,-1.2774445836787656,1,0,1,0,0,2,0,2,0,0,1,2,0.6676537841478158,84.85,1,kaggle
5995-OIGLP,1,-0.43991649313097614,0,0,-0.8295205827584317,1,0,0,2,0,0,2,0,0,0,0,3,-0.2695997239458775,654.85,1,kaggle
8421-WZOOW,0,2.273158691738958,1,1,1.002895784642934,1,0,1,0,2,2,2,2,0,0,1,1,1.0149693571825356,5567.45,0,kaggle
6261-RCVNS,0,-0.43991649313097614,0,0,0.3920903288424788,1,0,0,2,2,2,2,0,2,1,0,1,0.30372024111143525,3160.55,1,kaggle
7951-QKZPL,0,-0.43991649313097614,1,1,0.025607055362205634,1,2,2,1,1,1,1,1,1,2,1,3,-1.3381351950526947,740.3,1,kaggle
1414-YADCW,1,-0.43991649313097614,1,0,1.5322605130033284,1,0,1,2,2,0,2,0,0,2,0,0,0.6593447991469852,5706.2,0,kaggle
8756-RDDLT,0,-0.43991649313097614,0,0,1.4508197855632678,0,1,0,0,2,0,2,0,2,0,0,2,-0.6584602219847502,3085.35,0,kaggle
2862-PFNIK,1,-0.43991649313097614,0,1,-1.2774445836787656,0,1,0,0,0,0,0,0,0,0,1,2,-1.33148800705203,24.7,0,kaggle
5816-QVHRX,0,-0.43991649313097614,0,0,0.18848851024232702,1,2,1,0,0,0,2,2,2,0,0,1,1.1811490571991479,3541.4,0,kaggle
4430-YHXGG,0,-0.43991649313097614,0,1,-1.1552834925186746,1,2,2,1,1,1,1,1,1,0,1,3,-1.3065610520495383,84.2,0,kaggle
6888-SBYAI,1,-0.43991649313097614,0,0,-1.2774445836787656,1,0,0,2,0,0,0,0,0,0,1,3,-0.467353566965646,50.7,0,kaggle
7395-XWZOY,1,-0.43991649313097614,0,0,-0.5037576729981889,0,1,0,2,2,2,2,2,0,0,1,1,-0.3244390249513595,1165.55,0,kaggle
7169-YWAMK,1,-0.43991649313097614,1,1,1.6137012404433893,1,0,0,2,2,0,2,2,0,2,0,0,0.12092257109316168,4855.35,0,kaggle
3640-PHQXK,0,-0.43991649313097614,0,0,-0.055833672077855064,1,2,1,0,0,2,0,0,2,0,1,2,0.8354952811645946,2806.9,1,kaggle
6877-LGWXO,1,2.273158691738958,1,0,-0.5851984004382496,1,0,1,0,0,0,0,0,2,0,0,2,0.4582673621268844,1422.65,1,kaggle
6859-RKMZJ,1,-0.43991649313097614,1,0,-0.8702409464784621,1,0,0,0,0,0,0,2,0,0,1,0,-0.3227772279511935,608.15,0,kaggle
2729-VNVAP,0,-0.43991649313097614,1,1,0.025607055362205634,1,0,2,1,1,1,1,1,1,2,0,1,-1.4943441130683104,641.35,0,kaggle
2957-JIRMN,0,2.273158691738958,0,0,1.2064976032430856,1,2,1,0,0,0,0,2,0,1,0,2,0.6543594081464871,4959.15,0,kaggle
2049-BAFNW,0,-0.43991649313097614,0,0,-1.2774445836787656,0,1,0,0,0,2,2,0,0,0,0,3,-0.9592454790148186,35.9,0,kaggle
3842-QTGDL,1,-0.43991649313097614,1,0,-0.6666391278783103,1,0,1,2,2,0,0,0,0,0,0,0,0.531386430134194,1321.3,0,kaggle
7163-OCEQI,1,-0.43991649313097614,1,1,-0.4223169455581282,1,2,0,0,0,2,2,2,2,1,1,3,0.4615909561272169,1663.75,0,kaggle
9782-LGXMC,0,-0.43991649313097614,1,1,0.6771328748826912,1,0,0,2,0,2,2,0,0,0,0,0,-0.10009642992893289,3024.15,0,kaggle
5975-BAICR,1,-0.43991649313097614,1,1,0.14776814652229667,1,0,0,2,0,2,0,0,2,1,1,1,-0.035286346922454,2188.5,0,kaggle
8019-ENHXU,1,-0.43991649313097614,1,0,0.3920903288424788,1,2,1,0,2,2,2,0,2,0,1,2,1.1528985081963241,4138.05,1,kaggle
5167-GBFRE,1,2.273158691738958,0,0,-1.1552834925186746,0,1,0,0,0,0,0,0,0,0,1,0,-1.3148700370503688,102.5,1,kaggle
9033-EOXWV,0,-0.43991649313097614,0,0,-0.8295205827584317,1,2,0,0,0,0,2,2,2,1,0,3,0.3087056321119333,872.65,1,kaggle
4673-KKSLS,0,-0.43991649313097614,0,0,-0.055833672077855064,1,0,1,2,0,2,2,0,0,0,0,2,0.7590526191569525,2724.25,0,kaggle
4853-OITSN,1,-0.43991649313097614,1,0,-1.1145631287986442,1,2,1,2,0,0,0,0,2,0,1,2,0.8105683261621028,413.25,0,kaggle
9800-OUIGR,1,-0.43991649313097614,1,1,1.369379058123207,1,0,2,1,1,1,1,1,1,2,0,1,-1.4876969250676457,1374.2,0,kaggle
1324-NLTJE,0,2.273158691738958,0,0,-0.7073594915983407,1,2,0,0,0,0,2,0,0,0,0,1,-0.3244390249513595,757.1,1,kaggle
2324-EFHVG,1,-0.43991649313097614,0,0,1.2879383306831464,1,2,1,0,2,2,0,2,2,2,1,0,1.3174164112127704,6692.65,0,kaggle
7094-MSZAO,1,-0.43991649313097614,1,1,-0.9109613101984924,1,0,2,1,1,1,1,1,1,0,1,1,-1.4860351280674797,218.5,0,kaggle
1522-VVDMG,1,-0.43991649313097614,1,1,-1.0331224013585834,1,0,1,0,2,0,2,2,0,0,1,2,0.830509890164096,608.8,1,kaggle
6907-CQGPN,1,-0.43991649313097614,0,0,-0.13727439951791576,0,1,0,0,2,0,2,0,0,0,0,2,-1.0124229830201346,1004.75,0,kaggle
0780-XNZFN,1,-0.43991649313097614,0,0,1.002895784642934,1,0,2,1,1,1,1,1,1,2,0,0,-1.4660935640654862,1125.6,0,kaggle
0239-OXEXL,0,-0.43991649313097614,0,0,0.5549717837226001,1,2,1,2,2,0,0,0,0,0,0,3,0.6477122201458225,3847.6,0,kaggle
2675-IJRGJ,1,-0.43991649313097614,0,0,0.8400143297628127,1,0,2,1,1,1,1,1,1,2,0,0,-1.4993295040688086,978.0,0,kaggle
7049-GKVZY,0,-0.43991649313097614,0,0,-0.62591876415828,1,0,0,2,2,0,2,2,2,1,0,1,0.5014740841312035,1387.35,0,kaggle
8577-QSOCG,0,-0.43991649313097614,1,1,0.22920887396235737,1,0,2,1,1,1,1,1,1,2,1,3,-1.481049737066981,746.05,0,kaggle
3721-CNZHX,1,-0.43991649313097614,0,0,-0.7073594915983407,1,0,2,1,1,1,1,1,1,1,0,3,-1.4943441130683104,304.6,0,kaggle
0212-ISBBF,0,-0.43991649313097614,0,0,-0.4223169455581282,0,1,0,0,2,0,0,2,2,0,1,2,-0.47898614596680894,1098.85,0,kaggle
9185-TQCVP,1,-0.43991649313097614,1,0,-0.748079855318371,1,2,1,0,0,0,0,0,2,0,1,2,0.677624566148813,1139.2,1,kaggle
3585-YNADK,0,-0.43991649313097614,1,0,1.002895784642934,1,2,0,0,2,2,2,2,0,1,0,0,0.32698539911376057,4368.95,0,kaggle
5271-DBYSJ,1,2.273158691738958,0,0,-0.8702409464784621,1,0,1,0,0,0,0,0,2,0,1,1,0.47820892612887816,827.7,0,kaggle
1099-GODLO,0,-0.43991649313097614,1,1,-1.2774445836787656,1,0,2,1,1,1,1,1,1,2,0,3,-1.4760643460664828,20.35,0,kaggle
6828-HMKWP,1,-0.43991649313097614,1,1,-0.8295205827584317,1,0,2,1,1,1,1,1,1,2,0,0,-1.4527991880641573,262.05,0,kaggle
5567-WSELE,1,2.273158691738958,1,0,-1.1960038562387048,1,2,1,0,0,0,0,2,2,0,1,2,0.9917041991802098,279.55,1,kaggle
1472-TNCWL,1,-0.43991649313097614,0,1,0.14776814652229667,1,0,1,0,2,0,0,2,2,0,1,2,0.9950277931805424,3512.5,0,kaggle
8063-RJYNF,1,-0.43991649313097614,0,0,-0.6666391278783103,1,0,1,2,0,0,0,2,2,0,1,2,0.9800716201790471,1483.25,1,kaggle
0687-ZVTHB,1,-0.43991649313097614,1,1,1.3286586944031769,1,2,0,2,2,2,0,0,2,1,0,1,0.25552812810661757,4653.85,1,kaggle
2080-GKCWQ,1,-0.43991649313097614,0,0,-1.2367242199587352,1,0,1,0,2,0,0,0,0,0,0,2,0.3386179781149237,151.75,0,kaggle
9661-ACXBS,0,-0.43991649313097614,0,0,0.3920903288424788,1,2,1,2,0,2,0,2,2,0,1,2,1.3440051632154282,4400.75,1,kaggle
2193-SFWQW,1,-0.43991649313097614,1,1,1.6137012404433893,1,0,1,2,2,2,2,2,2,2,0,0,1.5683477582378549,8033.1,0,kaggle
5656-JAMLX,1,-0.43991649313097614,0,0,1.2064976032430856,1,0,2,1,1,1,1,1,1,2,0,0,-1.4926823160681442,1253.65,0,kaggle
3462-BJQQA,0,-0.43991649313097614,0,0,-1.0738427650786138,1,2,1,0,2,0,0,2,0,0,1,2,0.830509890164096,552.65,0,kaggle
0442-TDYUO,1,-0.43991649313097614,1,0,0.6364125111626608,1,0,2,1,1,1,1,1,1,2,1,3,-1.4860351280674797,1036.0,0,kaggle
6733-LRIZX,1,-0.43991649313097614,0,0,0.10704778280226633,1,2,1,2,0,2,2,2,2,2,1,2,1.4686399382278874,4025.5,0,kaggle
9503-XJUME,1,-0.43991649313097614,0,1,0.7992939660427822,1,0,2,1,1,1,1,1,1,1,0,1,-1.4993295040688086,928.4,0,kaggle
4367-NHWMM,0,-0.43991649313097614,0,0,-1.2774445836787656,0,1,0,0,0,0,0,0,0,0,1,3,-1.3248408190513656,24.9,0,kaggle
3727-RJMEO,1,-0.43991649313097614,1,0,-1.0738427650786138,1,2,1,0,0,0,0,2,0,0,1,2,0.6011819041411709,460.25,1,kaggle
3779-OSWCF,0,-0.43991649313097614,1,0,1.5729808767233588,1,2,0,2,2,2,2,2,2,2,0,1,0.9451738831755587,6506.15,0,kaggle
6736-DHUQI,0,-0.43991649313097614,1,1,1.4100994218432374,1,0,1,2,2,2,0,0,0,1,0,0,0.6659919871476498,5598.3,0,kaggle
3915-ODIYG,1,2.273158691738958,0,0,1.125056875803025,1,2,0,2,2,0,0,0,2,1,1,2,0.23226297010429173,4374.55,0,kaggle
1360-RCYRT,1,-0.43991649313097614,1,1,-0.38159658183809786,0,1,0,0,0,0,2,0,0,0,1,0,-1.1437049460332582,678.75,0,kaggle
2724-FJDYW,1,-0.43991649313097614,0,1,0.26992923768238775,0,1,0,0,0,2,2,2,2,1,0,0,-0.32942441595185784,2191.7,0,kaggle
4451-RWASJ,1,-0.43991649313097614,1,1,-0.7073594915983407,1,0,2,1,1,1,1,1,1,1,1,3,-1.504314895069307,239.75,0,kaggle
6646-VRFOL,1,2.273158691738958,1,0,0.8400143297628127,1,2,1,0,2,2,0,2,2,0,1,2,1.2991366442109427,5485.5,1,kaggle
3460-TJBWI,1,-0.43991649313097614,1,1,-0.3408762181180675,1,2,2,1,1,1,1,1,1,2,0,3,-1.3481059770536914,609.05,0,kaggle
5917-HBSDW,0,-0.43991649313097614,1,1,0.18848851024232702,1,0,2,1,1,1,1,1,1,0,0,2,-1.5093002860698053,683.75,0,kaggle
5685-IIXLY,0,-0.43991649313097614,1,1,-1.1145631287986442,1,0,1,0,2,0,0,0,2,0,1,2,0.6261088591436628,404.2,1,kaggle
5671-UUNXD,0,2.273158691738958,1,0,0.7178532386027215,1,2,1,0,0,0,2,2,2,1,1,2,1.1927816362003112,5189.75,0,kaggle
0956-ACVZC,0,-0.43991649313097614,0,0,0.880734693482843,1,0,1,0,0,2,0,2,2,1,1,1,0.9750862291785486,5060.9,0,kaggle
2325-NBPZG,0,-0.43991649313097614,0,0,-1.1960038562387048,1,0,1,2,0,0,0,0,0,0,1,2,0.32532360211359457,233.65,0,kaggle
4250-ZBWLV,1,-0.43991649313097614,0,0,1.4508197855632678,1,2,1,0,2,2,2,2,2,1,0,2,1.4520219682262263,7176.55,1,kaggle
4482-FTFFX,1,-0.43991649313097614,0,0,-1.1145631287986442,1,0,0,0,0,2,2,0,0,0,0,2,-0.28621769394753876,291.45,0,kaggle
8859-DZTGQ,1,-0.43991649313097614,0,0,0.025607055362205634,1,0,2,1,1,1,1,1,1,2,0,3,-1.4760643460664828,689.75,0,kaggle
0440-MOGPM,0,-0.43991649313097614,0,0,0.35136996512244845,1,2,0,0,2,2,0,2,2,1,1,2,0.5247392421335293,3263.9,0,kaggle
0020-JDNXP,0,-0.43991649313097614,1,1,0.06632741908223598,0,1,0,2,0,2,2,2,2,1,0,3,-0.11671439993059413,1993.2,0,kaggle
3752-CQSJI,0,-0.43991649313097614,1,1,-0.7888002190384014,1,0,2,1,1,1,1,1,1,0,1,3,-1.4727407520661506,254.5,0,kaggle
5025-GOOKI,0,-0.43991649313097614,0,0,-0.5037576729981889,1,0,2,1,1,1,1,1,1,0,1,1,-1.5242564590713006,347.65,0,kaggle
4698-KVLLG,0,2.273158691738958,0,0,0.758573602322752,1,0,2,1,1,1,1,1,1,2,0,1,-1.5009913010689746,967.9,0,kaggle
5095-AESKG,0,-0.43991649313097614,1,0,-1.1960038562387048,1,2,1,0,2,0,0,0,2,0,1,1,0.8886727851699104,242.95,1,kaggle
2887-JPYLU,0,-0.43991649313097614,0,1,0.35136996512244845,1,0,0,0,0,0,0,0,0,0,0,0,-0.6501512369839195,1841.9,0,kaggle
4770-QAZXN,0,-0.43991649313097614,0,0,-0.7888002190384014,1,0,2,1,1,1,1,1,1,0,0,1,-1.505976692069473,232.1,0,kaggle
4896-CPRPF,1,-0.43991649313097614,1,1,0.10704778280226633,1,2,2,1,1,1,1,1,1,2,0,0,-1.3065610520495383,809.25,0,kaggle
1871-MOWRM,1,-0.43991649313097614,1,0,-0.8295205827584317,1,0,1,2,0,0,2,0,0,0,0,0,0.534710024134526,866.45,1,kaggle
9714-EDSUC,1,-0.43991649313097614,0,0,-1.1552834925186746,1,0,1,2,2,0,2,0,2,0,1,3,1.001674981181207,360.55,0,kaggle
2027-OAQQC,0,-0.43991649313097614,0,0,0.43281069256250915,0,1,0,0,0,2,0,2,2,0,1,0,-0.5221928679711283,2076.2,1,kaggle
0282-NVSJS,0,2.273158691738958,1,1,-0.8295205827584317,0,1,0,0,0,0,2,0,0,0,1,3,-1.1786026830367469,355.9,0,kaggle
9090-SGQXL,1,2.273158691738958,1,0,1.4508197855632678,1,2,1,0,2,2,0,2,2,0,1,2,1.3473287572157604,7299.65,1,kaggle
6595-YGXIT,1,2.273158691738958,0,0,-0.30015585439803716,1,2,1,0,2,0,0,2,0,0,1,2,0.8039211381614382,2291.2,1,kaggle
7353-YOWFP,0,-0.43991649313097614,0,0,-1.0331224013585834,1,0,2,1,1,1,1,1,1,1,0,3,-1.479387940066815,129.15,0,kaggle
9835-ZIITK,1,2.273158691738958,1,0,1.369379058123207,1,2,1,0,2,2,2,2,2,1,1,2,1.5317882242341998,7491.75,1,kaggle
8008-ESFLK,0,-0.43991649313097614,1,0,0.8400143297628127,1,0,1,2,2,2,2,2,2,1,0,2,1.5201556452330371,5835.5,0,kaggle
7537-CBQUZ,1,2.273158691738958,0,0,1.247217966963116,1,2,1,2,2,2,0,2,2,0,1,0,1.4835961112293827,7031.45,0,kaggle
1555-DJEQW,0,-0.43991649313097614,1,1,1.5322605130033284,1,2,1,2,2,2,2,2,2,2,1,0,1.6431286232453304,7723.9,1,kaggle
5649-TJHOV,1,2.273158691738958,1,0,-0.21871512695797646,0,1,0,0,0,0,0,0,2,0,0,0,-0.9393039150128251,1032.0,1,kaggle
0519-XUZJU,0,-0.43991649313097614,0,0,-1.2774445836787656,1,0,1,0,0,0,0,0,0,0,0,3,0.19902703010096928,70.75,1,kaggle
3363-EWLGO,0,-0.43991649313097614,0,0,-1.1145631287986442,1,0,2,1,1,1,1,1,1,0,0,3,-1.4893587220678117,109.6,0,kaggle
4750-UKWJK,0,2.273158691738958,1,0,0.18848851024232702,1,0,2,1,1,1,1,1,1,1,0,3,-1.5009913010689746,727.8,0,kaggle
6338-AVWCY,1,-0.43991649313097614,0,0,-1.1960038562387048,0,1,0,0,0,2,0,2,0,0,1,3,-0.8179927340006982,130.75,1,kaggle
1689-YQBYY,0,-0.43991649313097614,0,1,-0.8295205827584317,1,2,1,0,0,0,0,0,0,0,1,2,0.3934572791204055,893.0,0,kaggle
4487-ZYJZK,0,-0.43991649313097614,1,1,0.22920887396235737,1,0,2,1,1,1,1,1,1,1,0,1,-1.5009913010689746,763.1,0,kaggle
2959-FENLU,0,-0.43991649313097614,0,0,-0.9516816739185228,1,0,1,0,0,2,0,0,2,0,1,1,0.682609957149311,781.4,0,kaggle
0708-LGSMF,1,-0.43991649313097614,1,0,-0.7888002190384014,1,2,0,2,0,0,0,0,2,0,1,2,0.03617092408468901,902.25,0,kaggle
9253-QXKBE,1,2.273158691738958,1,0,-0.13727439951791576,1,2,1,0,0,0,0,2,2,0,1,2,0.9867188081797118,2653.65,1,kaggle
7634-HLQJR,0,-0.43991649313097614,1,1,0.5956921474426305,1,0,2,1,1,1,1,1,1,2,0,1,-1.4860351280674797,1016.7,0,kaggle
0487-RPVUM,1,-0.43991649313097614,1,0,1.1657772395230555,1,2,1,2,0,2,2,2,0,0,0,0,1.1512367111961581,5943.65,0,kaggle
4079-ULGFR,1,-0.43991649313097614,0,0,-0.6666391278783103,1,0,2,1,1,1,1,1,1,0,0,3,-1.4876969250676457,275.7,0,kaggle
2516-XSJKX,0,-0.43991649313097614,1,1,0.35136996512244845,1,0,0,2,2,0,2,2,2,2,0,2,0.45494376812655235,3126.45,0,kaggle
0057-QBUQH,0,-0.43991649313097614,0,1,0.43281069256250915,1,2,2,1,1,1,1,1,1,2,1,2,-1.3181936310507012,1070.15,0,kaggle
9445-SZLCH,0,-0.43991649313097614,1,1,0.14776814652229667,1,2,1,0,2,2,0,2,0,0,1,0,1.0831030341893466,3457.9,1,kaggle
6599-SFQVE,0,-0.43991649313097614,0,0,-1.0738427650786138,1,0,0,0,0,0,0,0,2,0,1,2,-0.3244390249513595,340.4,0,kaggle
8331-ZXFOE,0,-0.43991649313097614,0,0,1.0436161483629645,1,2,0,2,2,2,2,0,0,1,1,1,0.21065960910213194,4299.2,0,kaggle
4003-FUSHP,1,-0.43991649313097614,0,0,-0.5444780367182193,1,0,0,0,0,0,2,2,0,0,1,1,-0.10674361792959748,1093.2,0,kaggle
0356-ERHVT,1,-0.43991649313097614,1,0,-0.8702409464784621,1,0,0,0,0,0,0,0,0,0,1,0,-0.626886078981594,521.9,0,kaggle
7325-ENZFI,0,-0.43991649313097614,0,0,0.26992923768238775,0,1,0,2,2,0,2,0,0,1,1,0,-0.8130073430001998,1630.4,0,kaggle
4884-ZTHVF,0,2.273158691738958,0,0,-0.9924020376385531,1,0,1,0,2,0,0,2,0,0,1,2,0.7424346491552913,713.6,0,kaggle
3920-HIHMQ,0,-0.43991649313097614,0,1,-0.2594354906780068,1,2,0,0,0,0,0,0,0,0,1,3,-0.5072366949696331,1265.65,0,kaggle
3055-OYMSE,0,2.273158691738958,0,0,0.8400143297628127,1,0,1,0,2,0,0,0,0,0,1,1,0.3003966471111027,4003.85,0,kaggle
0613-WUXUM,0,-0.43991649313097614,1,1,1.5322605130033284,1,0,2,1,1,1,1,1,1,2,1,3,-1.5142856770703037,1401.4,0,kaggle
7568-PODML,1,-0.43991649313097614,0,0,-1.2774445836787656,0,1,0,0,0,0,0,2,2,0,1,3,-0.6468276429835875,45.3,1,kaggle
4458-KVRBJ,1,-0.43991649313097614,0,0,1.0843365120829946,1,2,2,1,1,1,1,1,1,2,0,3,-1.3215172250510334,1510.5,0,kaggle
5349-IECLD,1,-0.43991649313097614,0,0,-1.2367242199587352,1,0,1,0,0,2,0,2,2,0,0,2,1.003336778181373,178.1,1,kaggle
1397-XKKWR,1,-0.43991649313097614,0,0,-1.0331224013585834,0,1,0,2,0,2,0,0,0,1,0,3,-0.9791870430168121,264.8,0,kaggle
3945-GFWQL,0,-0.43991649313097614,0,1,-0.8295205827584317,1,0,0,0,0,0,0,0,0,0,1,2,-0.6717545979860794,480.6,1,kaggle
8097-OMULG,1,-0.43991649313097614,1,1,1.0843365120829946,1,0,0,0,2,2,2,2,2,1,0,1,0.39844267012090406,4541.9,0,kaggle
6013-BHCAW,1,-0.43991649313097614,1,1,1.1657772395230555,1,2,0,0,0,2,2,2,2,2,1,0,0.5396954151350245,4976.15,0,kaggle
0401-WDBXM,1,-0.43991649313097614,1,1,1.6137012404433893,1,2,1,2,0,2,0,2,2,2,1,0,1.3556377422165908,7542.25,0,kaggle
3387-PLKUI,0,-0.43991649313097614,1,1,-0.7888002190384014,1,0,2,1,1,1,1,1,1,0,0,3,-1.5275800530716328,251.25,0,kaggle
6096-EGVTU,0,-0.43991649313097614,1,1,1.2879383306831464,1,2,2,1,1,1,1,1,1,1,0,3,-1.3248408190513656,1595.5,0,kaggle
3797-VTIDR,1,-0.43991649313097614,1,0,-1.2774445836787656,0,1,0,0,0,0,0,0,0,0,1,2,-1.3730329320561832,23.45,1,kaggle
5081-NWSUP,0,-0.43991649313097614,0,0,-0.9109613101984924,1,0,0,0,2,0,2,0,2,1,0,3,0.004596781081533054,685.55,0,kaggle
2580-ATZSQ,0,-0.43991649313097614,1,1,1.3286586944031769,1,0,0,2,2,2,0,0,0,1,0,0,-0.11339080593026184,3874.1,0,kaggle
8085-MSNLK,0,-0.43991649313097614,1,0,1.2064976032430856,1,2,1,2,2,2,2,2,2,2,0,3,1.6348196382444997,6891.4,0,kaggle
9691-HKOVS,0,-0.43991649313097614,1,0,0.9214550572028734,1,2,0,2,2,2,2,2,2,1,1,2,0.8438042661654253,4916.95,0,kaggle
9881-VCZEP,0,-0.43991649313097614,1,0,-0.30015585439803716,1,2,0,0,2,0,0,0,0,0,0,2,-0.3543513709543497,1373.0,0,kaggle
9526-BIHHD,1,-0.43991649313097614,0,0,-1.2774445836787656,0,1,0,2,0,0,0,0,0,0,0,3,-1.1653083070354178,29.7,1,kaggle
8757-TFHHJ,1,-0.43991649313097614,0,0,-1.2774445836787656,1,0,0,2,0,0,0,0,0,0,1,1,-0.4972659129686364,49.8,0,kaggle
4523-WXCEF,0,-0.43991649313097614,1,0,1.0843365120829946,1,2,1,0,2,0,0,2,2,0,0,2,1.2077378092018058,6039.9,1,kaggle
1468-DEFNC,1,2.273158691738958,1,1,1.2879383306831464,1,2,2,1,1,1,1,1,1,2,1,0,-1.341458789053027,1548.65,0,kaggle
5119-KEPFY,1,-0.43991649313097614,1,0,0.14776814652229667,1,2,1,0,0,0,0,2,2,0,1,0,1.0049985751815391,3440.25,0,kaggle
8364-TRMMK,0,-0.43991649313097614,0,0,-1.1960038562387048,1,2,0,0,0,0,0,0,0,0,1,3,-0.4690153639658123,151.3,1,kaggle
0916-KNFAJ,1,-0.43991649313097614,1,0,1.1657772395230555,1,2,0,2,0,2,0,0,2,2,1,3,0.17077648109814536,4226.7,0,kaggle
8319-QBEHW,1,-0.43991649313097614,0,1,-0.2594354906780068,0,1,0,0,2,0,0,2,0,1,1,0,-0.8246399220013625,1023.75,0,kaggle
3063-QFSZL,0,-0.43991649313097614,0,0,-1.2774445836787656,1,0,0,0,0,0,0,0,2,0,1,2,-0.3111446489500306,55.4,1,kaggle
8775-LHDJH,0,2.273158691738958,1,0,-1.2774445836787656,1,2,1,0,2,0,0,2,0,0,1,2,0.85876043916692,90.6,1,kaggle
9625-QNLUX,1,-0.43991649313097614,1,1,1.4508197855632678,1,0,1,2,2,2,0,2,2,2,1,1,1.2791950802089493,7074.4,0,kaggle
3097-NQYSN,1,2.273158691738958,1,0,-1.2367242199587352,1,2,1,0,0,0,0,2,0,0,1,3,0.7341256641544608,156.35,1,kaggle
4024-CSNBY,0,-0.43991649313097614,1,0,1.6137012404433893,1,2,1,2,2,2,2,0,0,2,1,0,0.9800716201790471,6849.75,0,kaggle
7110-BDTWG,0,-0.43991649313097614,1,0,1.5729808767233588,0,1,0,0,0,2,2,0,2,2,1,2,-0.5886647479777732,3263.6,0,kaggle
7493-GVFIO,1,-0.43991649313097614,0,0,1.002895784642934,1,0,2,1,1,1,1,1,1,2,0,1,-1.4694171580658184,1252.85,0,kaggle
0690-SRQID,1,-0.43991649313097614,0,0,-1.1552834925186746,1,0,2,1,1,1,1,1,1,0,1,3,-1.4993295040688086,67.55,0,kaggle
9605-WGJVW,0,2.273158691738958,0,0,-1.2774445836787656,1,0,1,0,0,0,0,0,0,0,1,2,0.18074726309914202,70.2,0,kaggle
9114-DPSIA,1,-0.43991649313097614,1,1,1.6137012404433893,1,2,0,2,2,2,2,0,2,2,0,1,0.5396954151350245,5750.0,0,kaggle
4700-UBQMV,1,-0.43991649313097614,1,1,-0.46303730927815856,1,2,0,2,0,0,0,2,2,1,1,0,0.37019212111808014,1549.75,0,kaggle
7711-GQBZC,0,-0.43991649313097614,1,1,1.5729808767233588,1,2,2,1,1,1,1,1,1,2,0,0,-1.33148800705203,1810.55,0,kaggle
3565-UNOCC,0,2.273158691738958,1,0,-0.13727439951791576,1,2,1,0,0,2,0,2,2,0,1,0,1.1396041321949948,2952.85,1,kaggle
4627-MIHJH,0,2.273158691738958,0,0,1.4915401492832983,1,2,1,2,0,2,2,2,2,2,0,1,1.5118466602322065,7467.55,0,kaggle
9795-NREXC,0,-0.43991649313097614,1,0,1.2879383306831464,1,2,0,2,0,2,2,2,2,2,1,1,0.6726391751483144,5484.4,0,kaggle
8573-CGOCC,1,-0.43991649313097614,0,0,-0.6666391278783103,1,0,2,1,1,1,1,1,1,0,0,1,-1.4960059100684764,294.9,0,kaggle
7356-AYNJP,0,-0.43991649313097614,0,0,-1.1552834925186746,1,2,2,1,1,1,1,1,1,1,0,2,-1.3580767590546883,97.5,0,kaggle
9249-FXSCK,0,-0.43991649313097614,0,0,0.7992939660427822,1,2,1,2,2,0,2,2,2,1,1,1,1.5450826002355291,5916.45,1,kaggle
5493-SDRDQ,1,-0.43991649313097614,0,0,-1.2367242199587352,1,0,0,2,0,2,0,0,0,0,1,3,-0.32111543095102724,113.35,1,kaggle
6286-SUUWT,1,-0.43991649313097614,0,0,-1.2774445836787656,1,0,2,1,1,1,1,1,1,0,0,3,-1.4893587220678117,19.95,0,kaggle
4819-HJPIW,1,-0.43991649313097614,0,0,-0.5851984004382496,0,1,0,0,0,0,0,0,0,0,0,3,-1.3165318340505352,476.8,0,kaggle
8654-DHAOW,0,-0.43991649313097614,0,0,-1.2367242199587352,1,2,0,0,2,0,0,0,0,0,0,3,-0.35268957395418365,101.65,0,kaggle
5438-QMDDL,0,-0.43991649313097614,1,0,-0.5444780367182193,1,0,0,0,2,0,0,0,2,0,1,3,-0.16490651293541178,1130.85,0,kaggle
9812-GHVRI,0,-0.43991649313097614,0,0,0.3106496014024181,1,2,1,0,0,0,0,0,2,0,0,0,0.6344178441444933,3532.25,0,kaggle
5553-AOINX,0,2.273158691738958,1,1,1.369379058123207,1,2,1,0,2,2,0,2,2,1,1,2,1.3340343812144315,6891.45,0,kaggle
1228-ZLNBX,1,-0.43991649313097614,0,0,-0.46303730927815856,1,2,1,0,0,0,0,0,0,0,0,3,0.3502505571160864,1570.7,0,kaggle
4226-KKDON,1,-0.43991649313097614,0,0,-0.9924020376385531,1,0,0,0,2,0,2,2,0,0,1,2,0.06275967608734737,520.95,0,kaggle
3831-YCPUO,0,-0.43991649313097614,1,1,1.6137012404433893,1,0,1,2,2,2,2,2,2,2,1,1,1.4869197052297147,7854.9,0,kaggle
7445-WMRBW,0,-0.43991649313097614,0,0,0.6364125111626608,1,2,0,0,2,2,2,2,0,1,1,0,0.3020584441112687,3581.4,0,kaggle
3308-DGHKL,1,-0.43991649313097614,0,0,1.4915401492832983,1,0,2,1,1,1,1,1,1,2,1,0,-1.5109620830699715,1447.9,0,kaggle
9924-JPRMC,1,-0.43991649313097614,0,0,1.6137012404433893,1,2,1,2,2,2,2,2,2,2,1,2,1.7760723832586203,8547.15,0,kaggle
0080-EMYVY,0,-0.43991649313097614,0,0,-0.748079855318371,1,0,0,0,2,0,0,0,0,1,0,1,-0.4424266119631542,727.85,0,kaggle
6218-KNUBD,1,-0.43991649313097614,0,0,-1.0738427650786138,1,0,0,0,2,0,0,2,0,0,0,2,-0.17653909193657447,357.6,0,kaggle
7337-CINUD,0,-0.43991649313097614,1,1,-0.9924020376385531,1,0,2,1,1,1,1,1,1,2,0,0,-1.504314895069307,159.35,0,kaggle
7609-NRNCA,0,-0.43991649313097614,0,0,-0.62591876415828,1,0,2,1,1,1,1,1,1,1,0,3,-1.502653098069141,280.85,0,kaggle
0623-EJQEG,1,-0.43991649313097614,0,0,1.3286586944031769,1,2,1,2,0,0,2,0,2,1,0,2,0.9568064621767214,6069.25,0,kaggle
7153-CHRBV,0,-0.43991649313097614,1,1,1.002895784642934,1,0,0,2,0,2,2,0,0,1,1,3,-0.18152448293707302,3274.35,0,kaggle
0871-URUWO,1,-0.43991649313097614,1,0,-0.7888002190384014,1,2,1,0,0,2,0,2,2,0,1,1,1.245959140205627,1359.0,1,kaggle
9190-MFJLN,1,2.273158691738958,0,0,-0.5444780367182193,1,0,1,0,0,2,0,2,2,0,1,1,1.0349109211845293,1777.9,1,kaggle
6198-PNNSZ,0,-0.43991649313097614,1,0,0.9621754209229036,1,2,1,2,2,2,0,2,2,1,0,0,1.4968904872307114,6109.65,0,kaggle
3317-VLGQT,0,-0.43991649313097614,1,0,-0.748079855318371,1,0,1,0,0,0,0,0,2,0,1,2,0.4433111891253892,1122.4,0,kaggle
4132-POCZS,1,-0.43991649313097614,1,0,0.7992939660427822,0,1,0,2,0,0,0,0,2,0,1,2,-0.8263017190015288,2020.9,0,kaggle
5614-DNZCE,0,-0.43991649313097614,0,0,1.0436161483629645,1,0,0,2,2,2,2,0,0,2,1,1,0.004596781081533054,3795.45,0,kaggle
1095-JUDTC,0,2.273158691738958,0,0,0.5956921474426305,1,2,1,0,2,0,2,2,0,0,1,2,1.0066603721817051,4504.55,1,kaggle
3896-RCYYE,0,-0.43991649313097614,0,0,1.4100994218432374,0,1,0,0,0,2,2,2,2,0,1,1,-0.3776165289566755,3579.15,0,kaggle
9638-JIQYA,1,-0.43991649313097614,0,0,-1.2367242199587352,0,1,0,0,0,0,0,0,0,0,1,1,-1.3248408190513656,49.7,0,kaggle
3258-SANFR,1,2.273158691738958,0,0,-1.0738427650786138,1,0,0,0,0,0,0,0,0,0,0,1,-0.6667692069855808,276.5,0,kaggle
3726-TBHQT,1,-0.43991649313097614,1,1,1.5729808767233588,1,2,1,2,2,2,2,2,2,2,1,0,1.6364814352446657,8175.9,0,kaggle
3190-ITQXP,0,-0.43991649313097614,1,1,0.5549717837226001,1,0,2,1,1,1,1,1,1,2,0,0,-1.479387940066815,890.35,0,kaggle
0870-VEMYL,0,-0.43991649313097614,0,0,-1.1145631287986442,1,0,0,2,0,0,2,0,0,0,0,1,-0.3626603559551803,259.8,1,kaggle
4833-QTJNO,1,2.273158691738958,1,0,1.4100994218432374,1,2,1,2,2,0,0,0,0,0,0,0,0.6344178441444933,5588.8,0,kaggle
3039-MJSLN,1,-0.43991649313097614,0,1,-1.1960038562387048,1,0,2,1,1,1,1,1,1,0,0,0,-1.481049737066981,50.6,0,kaggle
0178-CIIKR,0,-0.43991649313097614,0,0,-1.1960038562387048,1,0,2,1,1,1,1,1,1,0,0,3,-1.4893587220678117,58.0,0,kaggle
5385-SUIRI,1,2.273158691738958,1,0,0.7992939660427822,1,2,1,2,0,2,0,2,2,0,1,2,1.3107692232121058,5568.35,1,kaggle
3982-XWFZQ,0,-0.43991649313097614,1,0,0.3920903288424788,1,2,0,0,0,0,0,0,0,0,1,2,-0.4823097399671412,2203.65,1,kaggle
5774-QPLTF,1,-0.43991649313097614,1,1,0.7178532386027215,1,0,2,1,1,1,1,1,1,1,1,3,-1.4760643460664828,938.95,0,kaggle
2322-VCZHZ,1,2.273158691738958,1,0,-0.38159658183809786,1,0,1,2,2,0,0,0,2,0,1,2,0.8388188751649267,2024.1,0,kaggle
5010-IPEAQ,0,-0.43991649313097614,1,1,1.4100994218432374,0,1,0,2,2,2,2,2,0,2,0,1,-0.3510277769540174,3623.95,0,kaggle
4009-ALQFH,0,-0.43991649313097614,0,0,-0.30015585439803716,1,0,1,0,2,2,0,2,2,0,1,2,1.15456030519649,2369.05,1,kaggle
6383-ZTSIW,0,2.273158691738958,1,0,0.26992923768238775,1,0,1,2,2,0,0,2,2,1,0,3,1.141265929195161,3877.95,0,kaggle
8990-YOZLV,0,-0.43991649313097614,0,0,1.4915401492832983,1,2,0,2,2,0,2,0,0,2,1,3,0.07106866108817798,4577.9,0,kaggle
3069-SSVSN,0,-0.43991649313097614,0,0,-1.2774445836787656,0,1,0,0,0,0,0,0,0,1,0,3,-1.2932666760482092,25.85,0,kaggle
5222-IMUKT,1,-0.43991649313097614,0,0,-0.015113308357824713,1,0,1,0,0,0,0,2,2,0,0,2,0.8737166121684152,2871.5,0,kaggle
3627-FCRDW,0,-0.43991649313097614,0,0,-0.9516816739185228,1,0,1,0,0,0,0,0,0,0,0,2,0.2073360151017999,672.55,1,kaggle
7562-GSUHK,0,-0.43991649313097614,0,0,-0.6666391278783103,1,0,1,0,2,2,0,0,2,0,1,1,0.9451738831755587,1573.7,1,kaggle
6685-XSHHU,1,-0.43991649313097614,1,1,1.125056875803025,1,0,2,1,1,1,1,1,1,2,1,0,-1.4561227820644893,1270.55,0,kaggle
8901-UPRHR,0,-0.43991649313097614,1,1,1.6137012404433893,1,2,1,0,2,2,2,2,2,2,1,0,1.476948923228718,7711.45,0,kaggle
4903-UYAVB,1,-0.43991649313097614,1,0,-1.1145631287986442,1,0,2,1,1,1,1,1,1,0,0,3,-1.5093002860698053,126.05,1,kaggle
0118-JPNOY,0,2.273158691738958,0,0,-0.2594354906780068,1,0,1,2,0,0,0,2,0,0,1,1,0.6992279271509723,2193.65,0,kaggle
6776-TLWOI,1,-0.43991649313097614,0,0,-1.1960038562387048,1,0,2,1,1,1,1,1,1,0,0,3,-1.4926823160681442,64.55,1,kaggle
3845-FXCYS,1,-0.43991649313097614,0,0,-1.2367242199587352,1,0,2,1,1,1,1,1,1,0,1,2,-1.4993295040688086,31.2,0,kaggle
5857-XRECV,0,-0.43991649313097614,0,1,-1.2367242199587352,1,0,2,1,1,1,1,1,1,1,0,0,-1.4710789550659844,38.25,0,kaggle
0725-CXOTM,0,-0.43991649313097614,0,0,0.14776814652229667,1,2,0,2,0,2,2,2,2,1,1,1,0.827186296163764,3348.1,0,kaggle
4343-EJVQB,1,-0.43991649313097614,0,0,-1.0331224013585834,1,0,1,2,0,0,0,0,0,0,0,3,0.31867641411292996,533.6,0,kaggle
9000-PLFUZ,0,2.273158691738958,1,0,1.125056875803025,0,1,0,0,2,0,0,2,2,2,1,1,-0.5088984919697991,2907.55,0,kaggle
3427-GGZZI,0,-0.43991649313097614,1,0,-0.5444780367182193,1,2,1,0,2,0,0,0,2,0,1,2,0.8089065291619363,1620.8,0,kaggle
7779-ORAEL,1,2.273158691738958,1,0,0.5142514200025698,1,2,0,2,0,2,2,0,2,2,0,1,0.34526516611558833,3480.35,0,kaggle
0644-OQMDK,1,2.273158691738958,0,0,-1.1552834925186746,1,0,1,0,0,0,0,0,0,0,1,2,0.19570343610063723,293.85,0,kaggle
4077-CROMM,0,-0.43991649313097614,1,1,-0.055833672077855064,1,2,1,0,0,2,2,2,2,0,1,2,1.3107692232121058,3243.45,1,kaggle
3154-CFSZG,1,-0.43991649313097614,1,1,0.5956921474426305,1,0,1,2,0,2,0,0,2,0,0,2,0.8404806721650927,4137.2,0,kaggle
2868-MZAGQ,1,-0.43991649313097614,0,0,-1.2774445836787656,1,0,1,0,0,0,0,0,2,0,1,2,0.4815325201292102,79.25,1,kaggle
4847-QNOKA,0,-0.43991649313097614,0,0,-1.2774445836787656,1,0,0,0,0,0,0,0,0,0,1,0,-0.6601220189849164,44.9,1,kaggle
2220-IAHLS,0,-0.43991649313097614,0,0,-1.2774445836787656,1,0,2,1,1,1,1,1,1,0,0,1,-1.5076384890696393,19.4,0,kaggle
1658-XUHBX,0,2.273158691738958,1,1,1.0843365120829946,1,2,1,0,0,2,0,0,2,0,1,1,0.7972739501607736,5348.65,0,kaggle
6379-RXJRQ,1,-0.43991649313097614,1,0,-0.9109613101984924,1,0,1,0,0,0,0,0,0,0,1,2,0.1774236690988095,659.65,1,kaggle
2378-HTWFW,1,2.273158691738958,0,0,0.10704778280226633,1,2,1,2,0,0,0,0,2,0,0,1,0.8720548151682491,3180.5,0,kaggle
8650-RHRKE,1,-0.43991649313097614,0,0,-1.1552834925186746,0,1,0,0,0,2,0,0,0,0,1,2,-1.166970104035584,118.5,1,kaggle
4377-VDHYI,1,-0.43991649313097614,1,1,-0.015113308357824713,1,0,1,2,2,0,0,0,2,1,1,2,0.8654076271675846,3023.85,0,kaggle
0475-RIJEP,1,-0.43991649313097614,0,0,0.43281069256250915,1,2,1,0,2,0,0,0,0,0,1,2,0.4350022041245586,3365.85,1,kaggle
1260-TTRXI,1,-0.43991649313097614,0,0,-1.1552834925186746,1,0,0,0,0,0,0,0,2,0,0,2,-0.3477041829536853,195.3,1,kaggle
3719-TDVQB,0,2.273158691738958,1,0,0.880734693482843,1,0,2,1,1,1,1,1,1,2,1,3,-1.5225946620711341,1031.1,0,kaggle
6328-ZPBGN,0,2.273158691738958,0,0,-0.8702409464784621,1,2,1,0,0,0,0,2,2,0,1,0,1.0099839661820376,997.65,1,kaggle
0201-MIBOL,0,2.273158691738958,0,0,1.369379058123207,1,2,1,2,0,0,0,2,2,2,1,0,1.2509445312061254,6471.85,0,kaggle
4937-QPZPO,1,-0.43991649313097614,1,1,1.1657772395230555,1,2,1,0,0,2,0,2,2,1,1,2,1.1678546811978192,6241.35,0,kaggle
2925-VDZHY,1,-0.43991649313097614,1,1,1.6137012404433893,1,2,0,2,2,2,2,2,2,2,0,1,0.7956121531606076,6501.35,0,kaggle
6981-TDRFT,1,-0.43991649313097614,1,1,0.47353105628253944,0,1,0,0,0,2,2,2,2,1,1,2,-0.3477041829536853,2317.1,0,kaggle
3413-CSSTH,1,-0.43991649313097614,0,0,0.35136996512244845,1,2,0,0,0,2,0,0,0,0,1,0,-0.3011738669490337,2237.55,0,kaggle
8033-VCZGH,1,-0.43991649313097614,1,0,0.7178532386027215,1,2,1,2,0,2,0,2,2,1,1,2,1.302460238211275,5231.3,0,kaggle
4789-KWMXN,1,-0.43991649313097614,1,0,0.5956921474426305,1,2,1,2,0,2,2,2,2,1,1,1,1.5317882242341998,5275.8,1,kaggle
0224-NIJLP,1,-0.43991649313097614,1,1,-0.9924020376385531,1,0,2,1,1,1,1,1,1,2,0,3,-1.4827115340671475,165.5,0,kaggle
7542-CYDDM,1,-0.43991649313097614,0,0,-0.5851984004382496,1,0,2,1,1,1,1,1,1,0,0,3,-1.4860351280674797,358.5,0,kaggle
4718-WXBGI,1,-0.43991649313097614,1,1,1.6137012404433893,1,2,0,2,2,2,2,2,2,2,1,1,0.9036289581714056,6614.9,0,kaggle
2867-UIMSS,1,-0.43991649313097614,0,0,-1.2774445836787656,1,0,1,0,0,0,0,0,2,0,0,2,0.5230774451333633,80.5,1,kaggle
8495-PRWFH,0,2.273158691738958,0,0,0.3920903288424788,1,2,0,0,0,2,0,0,0,0,0,2,-0.3028356639492,2421.75,0,kaggle
0439-IFYUN,0,2.273158691738958,0,0,-0.5851984004382496,1,0,1,0,2,0,0,0,0,0,1,2,0.3303089931140931,1294.6,0,kaggle
5716-LIBJC,0,-0.43991649313097614,0,1,-0.7888002190384014,1,2,1,0,2,2,0,2,2,1,1,1,1.3091074262119398,1299.1,0,kaggle
2868-LLSKM,0,-0.43991649313097614,1,1,1.4508197855632678,1,2,1,0,2,0,2,0,0,1,1,0,0.6277706561438292,5733.4,0,kaggle
8111-RKSPX,1,-0.43991649313097614,0,0,-1.1552834925186746,1,2,1,0,0,0,0,0,0,0,1,0,0.24721914310578694,305.55,1,kaggle
2988-QRAJY,1,-0.43991649313097614,0,0,1.4915401492832983,1,2,1,2,2,2,0,2,2,2,1,1,1.505199472231542,7430.75,0,kaggle
1585-MQSSU,1,-0.43991649313097614,0,0,-0.62591876415828,1,0,0,0,0,0,2,0,0,0,0,3,-0.44076481496298814,900.5,1,kaggle
0071-NDAFP,1,-0.43991649313097614,1,1,-0.30015585439803716,1,2,2,1,1,1,1,1,1,2,0,1,-1.304899255049372,630.6,0,kaggle
2856-NNASM,1,2.273158691738958,0,0,0.43281069256250915,1,0,1,0,0,0,0,2,2,0,1,3,0.8238627021634315,3856.75,1,kaggle
7328-ZJAJO,0,-0.43991649313097614,1,1,1.0843365120829946,1,0,2,1,1,1,1,1,1,2,0,1,-1.504314895069307,1222.65,0,kaggle
6458-CYIDZ,0,2.273158691738958,0,0,-1.1145631287986442,1,0,1,2,2,0,0,0,0,0,0,2,0.5297246331340278,374.8,0,kaggle
8559-CIZFV,1,-0.43991649313097614,1,1,-0.46303730927815856,1,2,0,2,2,0,2,2,0,1,0,3,0.4233696251233959,1625.0,1,kaggle
1090-PYKCI,0,-0.43991649313097614,1,1,1.4915401492832983,1,2,1,2,2,2,2,2,0,1,1,1,1.3406815692150957,7234.8,0,kaggle
3058-WQDRE,1,-0.43991649313097614,0,0,-0.7888002190384014,0,1,0,0,0,0,0,0,0,0,1,0,-1.3165318340505352,331.85,0,kaggle
7547-EKNFS,1,-0.43991649313097614,1,0,0.3920903288424788,1,2,1,0,2,2,0,2,0,0,1,0,1.0133075601823696,3959.35,1,kaggle
2279-AXJJK,1,-0.43991649313097614,1,0,0.7992939660427822,1,2,1,0,2,0,2,0,2,0,1,1,1.0266019361836989,5088.4,0,kaggle
6769-DYBQN,1,2.273158691738958,0,0,0.5549717837226001,1,0,1,2,0,0,0,0,2,0,0,2,0.6726391751483144,3969.4,1,kaggle
0909-SELIE,1,-0.43991649313097614,1,0,1.1657772395230555,1,2,0,2,2,2,2,0,2,2,1,0,0.53304822713436,4860.85,0,kaggle
3417-TSCIC,1,-0.43991649313097614,0,0,-0.13727439951791576,0,1,0,0,0,0,0,0,0,1,1,3,-1.3265026160515319,788.05,0,kaggle
1042-HFUCW,0,-0.43991649313097614,0,1,-0.30015585439803716,1,0,0,0,2,0,2,0,0,1,1,1,-0.3327480099521901,1266.35,0,kaggle
4439-JMPMT,0,-0.43991649313097614,1,1,-1.1145631287986442,1,0,1,0,0,0,2,2,0,0,1,2,0.6975661301508063,470.95,1,kaggle
6537-OTKMY,1,-0.43991649313097614,0,0,-0.7073594915983407,0,1,0,0,0,2,0,2,2,1,0,2,-0.46569176996548,688.2,0,kaggle
8999-EXMNO,0,-0.43991649313097614,1,1,-0.5444780367182193,1,0,2,1,1,1,1,1,1,2,0,3,-1.4827115340671475,387.7,0,kaggle
6725-TPKJO,1,-0.43991649313097614,0,0,0.47353105628253944,1,0,2,1,1,1,1,1,1,2,0,3,-1.4860351280674797,845.25,0,kaggle
2446-BEGGB,0,2.273158691738958,0,0,-1.0738427650786138,1,2,1,0,2,0,0,2,2,0,1,2,1.113015380192337,560.6,1,kaggle
7162-WPHPM,1,-0.43991649313097614,1,1,1.0436161483629645,1,2,0,2,2,2,2,0,0,2,0,1,0.22727757910379318,4230.25,0,kaggle
1599-MMYRQ,1,-0.43991649313097614,1,1,1.2064976032430856,1,0,1,2,2,0,0,0,0,1,1,1,0.5546515881365197,4983.05,0,kaggle
8821-KVZKQ,0,-0.43991649313097614,1,1,1.5322605130033284,0,1,0,0,2,2,2,2,2,1,1,0,-0.2114368289400632,4113.15,0,kaggle
1496-GGSUK,0,2.273158691738958,0,0,-1.2774445836787656,0,1,0,0,0,0,0,0,0,0,1,3,-1.2982520670487077,25.7,1,kaggle
6434-TTGJP,1,-0.43991649313097614,1,1,-0.9109613101984924,0,1,0,2,2,2,2,0,2,2,0,1,-0.36764574695567864,521.0,0,kaggle
0042-JVWOJ,1,-0.43991649313097614,0,0,-0.2594354906780068,1,0,2,1,1,1,1,1,1,1,1,0,-1.5009913010689746,471.85,0,kaggle
0130-SXOUN,1,-0.43991649313097614,0,0,1.369379058123207,1,2,1,0,2,0,0,0,2,0,0,1,0.8188773111629334,5976.9,0,kaggle
2575-GFSOE,0,-0.43991649313097614,1,1,-1.0331224013585834,1,0,1,0,0,0,0,0,0,0,1,2,0.14086413509515497,506.9,1,kaggle
2330-PQGDQ,1,-0.43991649313097614,1,1,0.758573602322752,1,2,1,0,2,0,2,0,0,1,0,0,0.6460504231456565,4299.75,0,kaggle
1452-UZOSF,1,-0.43991649313097614,1,1,1.6137012404433893,1,2,1,2,2,2,2,2,0,2,1,1,1.3739175092184182,7548.6,0,kaggle
2097-YVPKN,1,-0.43991649313097614,0,0,1.3286586944031769,1,2,2,1,1,1,1,1,1,2,0,3,-1.2965902700485417,1654.75,0,kaggle
2842-JTCCU,1,-0.43991649313097614,0,0,-1.2367242199587352,1,0,0,0,0,0,0,0,0,0,0,0,-0.6219006879810957,80.35,1,kaggle
8597-CTXVJ,1,-0.43991649313097614,0,1,1.5322605130033284,1,2,0,2,2,0,2,0,0,1,0,0,0.006258578081699082,4551.5,0,kaggle
6631-HMANX,1,-0.43991649313097614,1,0,1.6137012404433893,1,2,0,0,2,2,2,2,2,2,1,1,0.6875953481498096,6227.5,0,kaggle
9962-BFPDU,0,-0.43991649313097614,1,1,-1.2774445836787656,1,0,2,1,1,1,1,1,1,0,0,3,-1.4860351280674797,20.05,0,kaggle
3296-SILRA,0,2.273158691738958,1,0,-1.2774445836787656,1,0,1,0,2,0,0,0,0,0,1,3,0.3868100911197414,76.4,1,kaggle
9681-OXGVC,0,-0.43991649313097614,0,0,-1.1145631287986442,1,2,1,0,0,2,0,2,2,0,1,2,1.1877962451998125,514.0,1,kaggle
6394-HHHZM,1,-0.43991649313097614,0,0,-1.1960038562387048,1,0,2,1,1,1,1,1,1,0,0,3,-1.46443176706532,57.5,0,kaggle
5995-LFTLE,1,-0.43991649313097614,0,0,1.0436161483629645,1,2,2,1,1,1,1,1,1,2,1,1,-1.3115464430500368,1474.35,0,kaggle
5180-UCIIQ,1,2.273158691738958,1,1,-0.4223169455581282,0,1,0,2,0,0,0,0,2,0,0,3,-0.8213163280010305,880.2,1,kaggle
1932-UEDCX,1,2.273158691738958,1,0,0.025607055362205634,1,2,1,0,2,0,0,2,2,0,1,0,1.1911198392001445,3270.25,0,kaggle
7153-OANIO,1,-0.43991649313097614,0,0,-1.2774445836787656,1,0,1,0,0,0,0,0,0,0,0,2,0.1724382780983114,69.95,1,kaggle
5188-HGMLP,1,2.273158691738958,1,0,0.880734693482843,1,2,1,0,0,0,0,0,0,0,0,0,0.3070438351117673,3919.15,0,kaggle
0665-XHDJU,1,-0.43991649313097614,1,0,1.6137012404433893,1,2,1,0,2,0,0,2,2,2,1,2,1.1512367111961581,7285.7,0,kaggle
6521-YYTYI,1,-0.43991649313097614,0,1,-1.2774445836787656,1,2,1,0,0,0,0,2,2,0,1,2,0.9484974771758907,93.3,1,kaggle
8878-HMWBV,1,-0.43991649313097614,0,0,-1.1960038562387048,1,0,0,0,0,2,0,0,0,0,1,2,-0.518869273970796,169.05,1,kaggle
8265-HKSOW,0,-0.43991649313097614,1,1,1.6137012404433893,1,2,1,2,2,2,2,0,2,2,0,1,1.4187860282229037,7658.3,0,kaggle
3544-FBCAS,0,-0.43991649313097614,1,1,1.6137012404433893,1,2,0,2,2,2,0,2,2,2,1,1,0.6261088591436628,5959.3,0,kaggle
5331-RGMTT,1,2.273158691738958,1,0,0.880734693482843,1,2,1,0,0,2,0,2,2,0,1,1,1.1396041321949948,5295.7,0,kaggle
4759-PXTAN,0,-0.43991649313097614,1,0,1.0843365120829946,1,2,0,0,2,0,2,2,2,1,1,2,0.5097830691320341,4693.2,0,kaggle
7054-DMVAS,1,-0.43991649313097614,0,0,0.880734693482843,1,0,0,2,2,0,0,2,0,2,1,0,0.017891157082861757,3512.9,0,kaggle
3428-MMGUB,1,-0.43991649313097614,0,0,1.125056875803025,1,2,1,0,0,2,0,2,0,2,1,2,0.8238627021634315,5231.2,0,kaggle
6549-BTYPG,0,-0.43991649313097614,1,0,1.125056875803025,0,1,0,0,2,2,2,2,2,2,0,1,-0.13167057293208934,3603.45,0,kaggle
7823-JSOAG,1,-0.43991649313097614,0,0,-1.1960038562387048,1,2,1,0,0,0,0,0,0,0,0,2,0.3236618051134285,217.45,0,kaggle
3705-RHRFR,0,-0.43991649313097614,1,0,1.4915401492832983,1,2,1,2,0,0,0,2,2,2,0,0,1.1429277261953275,6875.35,0,kaggle
9374-YOLBJ,0,-0.43991649313097614,1,1,-1.2774445836787656,1,0,2,1,1,1,1,1,1,0,0,2,-1.5126238800701375,19.25,0,kaggle
9074-KGVOX,1,-0.43991649313097614,1,1,0.7178532386027215,0,1,0,2,0,0,0,2,0,0,1,1,-0.8412578920030237,2021.35,0,kaggle
6128-DAFVY,0,-0.43991649313097614,0,0,0.9621754209229036,0,1,0,0,0,0,0,2,2,0,1,1,-0.6617838159850825,2564.95,0,kaggle
9933-QRGTX,0,-0.43991649313097614,1,0,1.125056875803025,1,0,1,2,0,0,2,2,2,2,1,2,1.0781176431888486,5611.75,0,kaggle
4476-OSWTN,1,2.273158691738958,1,0,1.4915401492832983,1,2,1,2,0,2,2,2,2,1,1,3,1.5218174422332031,7610.1,0,kaggle
3751-KTZEL,0,-0.43991649313097614,0,0,-1.2774445836787656,0,1,0,0,0,0,0,0,2,0,0,3,-0.9874960280176428,35.05,1,kaggle
1977-STDKI,0,2.273158691738958,0,0,-1.2774445836787656,1,0,1,0,2,0,0,0,0,0,1,2,0.27380789510844483,73.0,1,kaggle
5066-GFJMM,0,-0.43991649313097614,1,0,-1.1960038562387048,1,0,2,1,1,1,1,1,1,0,1,3,-1.491020519067978,45.75,0,kaggle
2661-GKBTK,1,-0.43991649313097614,1,1,1.125056875803025,1,0,0,0,2,0,2,2,2,2,0,0,0.40508985812156867,4543.95,0,kaggle
0458-HEUZG,0,-0.43991649313097614,0,0,-0.7888002190384014,0,1,0,0,0,2,2,0,0,2,0,3,-0.9758634490164798,450.4,0,kaggle
7268-WNTCP,1,-0.43991649313097614,1,1,1.2064976032430856,1,0,2,1,1,1,1,1,1,2,0,0,-1.4727407520661506,1297.35,0,kaggle
0824-VWDPO,0,-0.43991649313097614,0,0,0.5142514200025698,1,2,1,2,2,0,0,0,2,1,0,0,1.0631614701873533,4442.75,0,kaggle
8409-WQJUX,0,-0.43991649313097614,0,0,-0.30015585439803716,0,1,0,0,0,2,2,2,2,1,0,2,-0.3510277769540174,1423.15,0,kaggle
2578-JQPHZ,1,-0.43991649313097614,0,0,0.47353105628253944,1,0,1,0,0,2,2,2,2,2,0,0,1.1745018691984834,4378.35,0,kaggle
3278-FSIXX,0,-0.43991649313097614,0,0,-1.2367242199587352,1,0,0,0,0,0,0,0,0,0,1,3,-0.6484894399837535,74.2,0,kaggle
5813-UECBU,1,2.273158691738958,0,0,0.025607055362205634,1,2,1,0,2,2,0,0,0,0,1,1,0.6344178441444933,2716.3,1,kaggle
0328-GRPMV,0,-0.43991649313097614,0,0,-1.2774445836787656,1,0,1,0,0,0,0,0,0,0,1,2,0.1774236690988095,70.1,1,kaggle
9746-UGFAC,0,-0.43991649313097614,0,0,-0.4223169455581282,1,0,2,1,1,1,1,1,1,1,0,0,-1.4594463760648215,450.65,0,kaggle
2946-KIQSP,0,-0.43991649313097614,0,0,0.10704778280226633,0,1,0,0,0,2,2,0,0,0,1,3,-1.0406735320229585,1175.85,0,kaggle
0625-AFOHS,0,-0.43991649313097614,1,1,-0.13727439951791576,1,0,2,1,1,1,1,1,1,2,0,3,-1.481049737066981,558.8,0,kaggle
6726-WEXXK,1,2.273158691738958,1,0,-0.21871512695797646,1,2,1,2,0,2,0,0,0,1,1,2,0.7025515211513048,2220.1,0,kaggle
4636-OLWOE,1,-0.43991649313097614,0,1,0.880734693482843,1,0,0,0,2,2,2,0,0,1,1,2,-0.12502338493142473,3283.05,0,kaggle
4342-HENTK,0,2.273158691738958,0,0,-1.2367242199587352,1,0,1,0,0,0,0,0,0,0,1,2,0.19570343610063723,142.35,1,kaggle
4685-ERGHK,1,-0.43991649313097614,0,0,1.002895784642934,1,2,1,0,0,0,0,2,0,1,1,2,0.7357874611546272,4939.25,0,kaggle
0885-HMGPY,1,-0.43991649313097614,0,0,1.2064976032430856,1,2,0,2,2,2,2,0,0,2,0,0,0.15415851109648415,4237.5,0,kaggle
5003-OKNNK,0,-0.43991649313097614,1,1,-0.7073594915983407,1,0,2,1,1,1,1,1,1,1,0,1,-1.4760643460664828,335.95,0,kaggle
4195-SMMNX,1,-0.43991649313097614,0,0,-1.2367242199587352,1,0,2,1,1,1,1,1,1,0,0,3,-1.4760643460664828,33.2,1,kaggle
7208-PSIHR,0,-0.43991649313097614,1,0,1.5322605130033284,1,2,1,0,0,2,2,2,2,2,1,0,1.3140928172124378,7188.5,0,kaggle
4012-ZTHBR,0,-0.43991649313097614,1,1,-0.46303730927815856,1,0,0,0,0,0,0,0,0,0,1,2,-0.6584602219847502,926.25,0,kaggle
0489-WMEMG,0,-0.43991649313097614,0,1,-0.38159658183809786,1,0,0,0,0,0,2,0,0,1,1,2,-0.5088984919697991,1119.35,0,kaggle
7435-ZNUYY,1,-0.43991649313097614,0,0,-1.0738427650786138,1,0,2,1,1,1,1,1,1,1,0,3,-1.4677553610656522,116.6,0,kaggle
1354-YZFNB,1,-0.43991649313097614,1,1,-1.1552834925186746,1,0,2,1,1,1,1,1,1,2,0,1,-1.502653098069141,68.8,0,kaggle
6956-SMUCM,0,-0.43991649313097614,0,0,-1.1960038562387048,1,0,1,2,0,2,0,2,2,0,1,1,1.1379423351948288,287.4,1,kaggle
2985-FMWYF,0,-0.43991649313097614,0,0,-0.38159658183809786,1,2,1,0,0,0,0,2,2,0,1,2,0.9551446651765553,2341.55,0,kaggle
2812-ENYMO,1,-0.43991649313097614,0,0,-0.2594354906780068,0,1,0,2,0,0,2,2,2,1,0,1,-0.3393951979528547,1362.85,0,kaggle
2717-HVIZY,0,-0.43991649313097614,0,1,-0.9924020376385531,1,0,2,1,1,1,1,1,1,0,0,3,-1.4860351280674797,163.6,0,kaggle
3223-WZWJM,1,-0.43991649313097614,0,0,-0.2594354906780068,1,2,1,0,0,0,0,0,2,0,1,2,0.6377414381448259,2254.2,1,kaggle
3422-GALYP,1,-0.43991649313097614,0,0,-1.2367242199587352,1,2,1,0,2,0,0,0,0,0,1,2,0.4881797081298748,145.15,0,kaggle
9053-JZFKV,1,-0.43991649313097614,0,0,1.4100994218432374,1,2,1,2,2,2,2,2,2,2,0,1,1.7096005032519754,7752.3,1,kaggle
2530-ENDWQ,0,-0.43991649313097614,1,0,1.5729808767233588,1,2,1,0,0,0,0,2,2,2,1,0,0.9617918531772199,6585.35,1,kaggle
2890-WFBHU,0,-0.43991649313097614,0,0,1.0843365120829946,1,2,0,2,2,2,2,0,2,1,0,1,0.5014740841312035,4786.1,0,kaggle
0327-WFZSY,1,-0.43991649313097614,1,1,0.26992923768238775,1,2,1,0,0,2,0,2,2,1,0,2,1.1711782751981514,3835.55,0,kaggle
7977-HXJKU,1,-0.43991649313097614,0,1,-0.46303730927815856,1,0,2,1,1,1,1,1,1,2,0,3,-1.5009913010689746,397.0,0,kaggle
6615-ZGEDR,1,-0.43991649313097614,0,0,-1.2774445836787656,1,0,2,1,1,1,1,1,1,0,0,3,-1.4976677070686424,19.7,1,kaggle
7033-CLAMM,0,-0.43991649313097614,1,1,0.6364125111626608,1,0,2,1,1,1,1,1,1,2,0,0,-1.481049737066981,1027.25,0,kaggle
4023-RTIQM,0,2.273158691738958,1,0,-0.055833672077855064,0,1,0,2,2,2,0,0,2,1,1,1,-0.4773243489666429,1580.1,0,kaggle
0864-FVJNJ,0,-0.43991649313097614,1,1,1.2879383306831464,1,2,1,2,2,2,2,2,2,1,0,2,1.614878074242506,7222.75,0,kaggle
7356-IWLFW,1,-0.43991649313097614,1,1,0.5549717837226001,1,2,1,0,2,0,0,0,0,0,1,0,0.5064594751317021,3769.7,0,kaggle
9541-PWTWO,0,-0.43991649313097614,0,0,0.7992939660427822,1,2,0,0,0,2,2,2,2,2,1,0,0.5380336181348585,4233.95,0,kaggle
3967-VQOGC,0,-0.43991649313097614,1,1,1.4100994218432374,1,2,2,1,1,1,1,1,1,2,1,3,-1.3248408190513656,1680.25,0,kaggle
7872-RDDLZ,0,2.273158691738958,0,0,1.4100994218432374,1,2,0,0,2,0,0,0,0,0,0,2,-0.32776261895169184,3725.5,0,kaggle
9250-WYPLL,0,-0.43991649313097614,0,0,-1.1145631287986442,1,2,1,0,0,0,0,0,0,0,0,2,0.358559542116917,413.65,1,kaggle
6308-CQRBU,0,-0.43991649313097614,1,0,1.5729808767233588,1,2,1,0,2,2,2,2,2,2,0,2,1.478610720228884,7707.7,0,kaggle
2754-XBHTB,0,-0.43991649313097614,0,0,-0.9516816739185228,1,0,1,0,0,0,0,2,0,0,1,0,0.4283550161238945,714.15,1,kaggle
1597-LHYNC,0,2.273158691738958,0,0,-0.2594354906780068,1,2,1,2,2,0,0,0,2,0,1,2,1.0049985751815391,2497.2,1,kaggle
0186-CAERR,1,-0.43991649313097614,0,0,1.5729808767233588,1,2,1,2,2,2,2,2,2,1,1,0,1.7129240972523074,8309.55,0,kaggle
3043-SUDUA,0,-0.43991649313097614,0,0,-0.015113308357824713,1,0,2,1,1,1,1,1,1,0,0,0,-1.491020519067978,601.55,0,kaggle
5442-BHQNG,0,-0.43991649313097614,0,0,-1.2367242199587352,1,0,1,0,0,0,0,0,0,0,0,2,0.1857326540996401,139.25,0,kaggle
2169-RRLFW,0,-0.43991649313097614,1,0,1.5729808767233588,1,2,2,1,1,1,1,1,1,2,0,1,-1.3015756610490399,1888.25,0,kaggle
5872-OEQNH,0,-0.43991649313097614,0,0,1.125056875803025,0,1,0,2,0,2,0,0,2,1,1,2,-0.6750781919864114,2773.9,0,kaggle
3162-KKZXO,0,2.273158691738958,0,0,0.9214550572028734,1,2,1,0,0,2,0,2,2,1,1,2,1.1761636661986499,5409.75,0,kaggle
7055-VKGDA,1,-0.43991649313097614,0,0,0.880734693482843,1,0,1,2,2,0,2,2,2,1,1,1,1.3506523512160928,5643.4,1,kaggle
0754-UKWQP,1,-0.43991649313097614,0,0,-1.2367242199587352,1,0,1,0,0,2,0,2,2,0,1,2,1.0332491241843629,197.7,1,kaggle
8873-GLDMH,0,-0.43991649313097614,0,0,-1.0738427650786138,1,2,1,0,0,0,0,0,0,0,1,3,0.3020584441112687,401.3,0,kaggle
5696-JVVQY,0,-0.43991649313097614,1,1,0.6364125111626608,1,0,0,2,2,2,0,0,2,2,1,1,0.1774236690988095,3238.4,0,kaggle
8946-BFWSG,1,-0.43991649313097614,1,1,1.247217966963116,1,2,2,1,1,1,1,1,1,2,0,3,-1.3132082400502028,1573.05,0,kaggle
7493-TPUWZ,1,-0.43991649313097614,0,0,-1.2774445836787656,1,2,1,0,2,0,0,0,0,0,1,2,0.47820892612887816,79.15,1,kaggle
0547-HURJB,1,-0.43991649313097614,0,1,-0.8295205827584317,1,0,2,1,1,1,1,1,1,0,0,1,-1.4527991880641573,235.8,0,kaggle
8904-OPDCK,1,2.273158691738958,1,0,0.880734693482843,0,1,0,0,0,0,0,0,0,0,1,0,-1.3231790220511994,1364.75,0,kaggle
8845-LWKGE,0,-0.43991649313097614,1,1,-0.0965540357978854,1,0,0,0,0,2,2,2,0,1,1,2,-0.00869759491979612,1985.15,0,kaggle
1577-HKTFG,0,-0.43991649313097614,1,0,-0.0965540357978854,1,0,2,1,1,1,1,1,1,0,0,0,-1.4993295040688086,655.85,1,kaggle
8752-STIVR,0,-0.43991649313097614,0,0,-1.1552834925186746,1,0,1,0,0,0,0,2,0,0,1,2,0.4732235351283796,303.15,1,kaggle
0691-NIKRI,0,-0.43991649313097614,0,0,0.3106496014024181,1,2,1,0,0,2,2,2,2,1,1,1,1.3689321182179202,4335.2,0,kaggle
5022-JNQEQ,0,-0.43991649313097614,1,1,-0.9516816739185228,1,0,1,0,0,0,2,0,0,0,1,2,0.36853032411791364,647.5,0,kaggle
4558-FANTW,0,-0.43991649313097614,1,1,-0.62591876415828,1,0,1,2,0,0,2,2,0,0,0,2,0.9003053641710731,1574.45,1,kaggle
3249-VHRIP,0,-0.43991649313097614,0,0,1.2064976032430856,0,1,0,0,2,2,0,0,2,2,1,1,-0.7033287409892356,2748.7,0,kaggle
3736-BLEPA,1,-0.43991649313097614,0,0,-0.1779947632379461,1,0,1,0,2,0,2,2,0,1,1,0,0.8803638001690798,2483.65,0,kaggle
4701-LKOZD,0,-0.43991649313097614,0,0,1.5322605130033284,1,2,0,2,2,2,2,2,2,2,0,1,0.830509890164096,6367.2,0,kaggle
6603-QWSPR,0,-0.43991649313097614,0,0,0.5549717837226001,1,0,1,0,2,2,2,2,2,2,1,0,1.3174164112127704,4904.2,0,kaggle
9921-QFQUL,0,-0.43991649313097614,1,0,-0.38159658183809786,1,2,1,0,0,2,0,0,2,0,0,3,0.8438042661654253,2044.95,0,kaggle
1929-ZCBHE,1,-0.43991649313097614,1,1,0.5956921474426305,0,1,0,2,0,2,2,0,0,1,0,2,-0.8130073430001998,1794.8,0,kaggle
4378-MYPGO,1,-0.43991649313097614,1,1,1.4508197855632678,1,0,1,2,2,2,0,2,2,2,1,0,1.3456669602155942,7173.15,0,kaggle
8651-ENBZX,0,2.273158691738958,0,0,1.125056875803025,1,2,1,0,0,2,2,2,2,1,1,2,1.3705939152180862,6441.4,1,kaggle
4129-LYCOI,0,-0.43991649313097614,0,1,1.4100994218432374,1,2,1,0,2,0,2,2,2,2,1,2,1.304122035211441,7039.05,0,kaggle
7798-JVXYM,0,-0.43991649313097614,0,0,-0.748079855318371,1,0,0,0,0,0,2,2,2,0,1,2,0.16246749609731476,921.4,0,kaggle
8647-SDTWQ,1,-0.43991649313097614,1,1,1.002895784642934,1,2,1,0,0,0,0,0,0,0,1,2,0.3170146171127639,4018.35,0,kaggle
2696-ECXKC,0,-0.43991649313097614,1,1,0.9214550572028734,1,2,1,2,0,0,0,2,2,1,0,3,1.2010906212011416,5448.6,0,kaggle
2081-KJSQF,1,-0.43991649313097614,0,0,-1.2774445836787656,1,0,2,1,1,1,1,1,1,0,1,3,-1.479387940066815,20.25,0,kaggle
7623-TRNQN,1,-0.43991649313097614,0,1,-1.2774445836787656,1,0,0,0,0,0,2,0,0,0,1,3,-0.49394231896830415,49.9,1,kaggle
3323-CPBWR,1,-0.43991649313097614,0,0,-0.38159658183809786,1,2,1,0,0,2,2,2,0,0,1,1,1.068146861187852,2085.45,0,kaggle
9330-IJWIO,0,-0.43991649313097614,0,0,-0.7888002190384014,1,2,1,2,0,0,0,2,2,0,1,2,1.182810854199314,1358.85,1,kaggle
3384-CTMSF,1,-0.43991649313097614,1,0,0.5956921474426305,1,2,1,0,2,2,0,2,2,0,1,2,1.3074456292117733,5135.15,0,kaggle
0902-RFHOF,1,-0.43991649313097614,0,0,0.22920887396235737,1,0,2,1,1,1,1,1,1,1,0,3,-1.4843733310673135,730.1,0,kaggle
9286-DOJGF,0,2.273158691738958,1,0,0.22920887396235737,1,2,1,0,0,0,0,0,0,0,1,0,0.3386179781149237,2869.85,1,kaggle
6048-QBXKL,0,2.273158691738958,0,0,-1.2367242199587352,1,2,0,0,2,0,0,0,0,0,1,1,-0.2729233179462098,118.25,0,kaggle
9661-MHUMO,1,2.273158691738958,1,1,-1.2774445836787656,1,0,0,0,0,0,2,0,0,0,1,1,-0.5155456799704636,49.25,1,kaggle
7718-RXDGG,1,-0.43991649313097614,1,0,-0.7073594915983407,1,0,1,0,0,0,0,0,0,0,1,0,0.12756975909382579,1108.6,0,kaggle
1025-FALIX,0,-0.43991649313097614,0,0,-0.2594354906780068,1,0,1,0,0,0,0,0,0,0,1,1,0.142525932095321,1815.65,0,kaggle
3451-VAWLI,0,-0.43991649313097614,1,1,0.10704778280226633,1,0,2,1,1,1,1,1,1,2,0,1,-1.4976677070686424,730.4,0,kaggle
3407-QGWLG,1,-0.43991649313097614,0,1,-1.1960038562387048,1,0,2,1,1,1,1,1,1,0,1,3,-1.4860351280674797,75.45,0,kaggle
1842-EZJMK,1,-0.43991649313097614,1,1,0.7178532386027215,1,2,1,0,2,0,2,2,2,0,0,2,1.2941512532104444,5071.05,1,kaggle
2347-WKKAE,1,-0.43991649313097614,1,0,0.3920903288424788,1,2,1,2,0,2,0,0,2,0,1,2,0.9850570111795457,4014.6,0,kaggle
8735-DCXNF,1,-0.43991649313097614,1,0,-0.9109613101984924,1,0,0,2,0,0,2,0,0,0,1,1,-0.32610082195152557,568.85,0,kaggle
3214-IYUUQ,0,-0.43991649313097614,1,0,1.1657772395230555,1,0,1,2,2,0,2,0,2,1,0,0,0.9617918531772199,5860.7,0,kaggle
1936-UAFEH,0,-0.43991649313097614,0,0,1.4508197855632678,1,2,1,2,2,0,2,2,2,2,0,1,1.5118466602322065,7279.35,0,kaggle
3587-PMCOY,1,-0.43991649313097614,0,0,-0.9109613101984924,1,0,1,2,0,2,0,2,2,1,1,2,1.1346187411944968,1064.95,0,kaggle
8079-XRJRS,1,-0.43991649313097614,1,0,1.3286586944031769,1,2,1,2,2,2,0,0,0,1,0,2,0.830509890164096,5769.6,1,kaggle
1027-LKKQQ,0,-0.43991649313097614,1,1,1.6137012404433893,1,0,0,2,0,2,2,2,2,2,1,0,0.5214156481331973,5886.85,0,kaggle
7148-XZPHA,1,-0.43991649313097614,1,1,0.9214550572028734,1,0,1,0,2,0,2,0,0,0,0,2,0.48651791112970877,4238.45,0,kaggle
8073-IJDCM,0,-0.43991649313097614,0,0,-1.2774445836787656,1,0,2,1,1,1,1,1,1,0,1,3,-1.477726143066649,20.3,1,kaggle
5309-TAIKL,0,-0.43991649313097614,0,0,-1.0331224013585834,1,0,0,0,0,2,2,0,2,0,0,0,-0.0651986929254444,418.3,0,kaggle
6856-RAURS,0,-0.43991649313097614,0,0,-1.2367242199587352,1,2,1,0,0,0,0,0,0,0,1,3,0.33695618111475767,136.05,0,kaggle
8778-LMWTJ,0,-0.43991649313097614,0,0,-0.9516816739185228,1,0,1,2,0,0,0,0,0,0,1,2,0.33529438411459117,708.2,0,kaggle
9717-IOAAF,1,-0.43991649313097614,0,1,-0.21871512695797646,1,2,2,1,1,1,1,1,1,2,1,1,-1.2932666760482092,788.55,0,kaggle
8884-ADFVN,1,2.273158691738958,1,0,-1.0331224013585834,1,2,1,0,0,2,0,2,2,0,1,2,1.2359883582046303,700.85,1,kaggle
2845-KDHVX,0,-0.43991649313097614,1,0,1.2879383306831464,1,0,0,0,2,2,2,0,2,2,1,3,0.11759897709282914,4378.8,0,kaggle
0848-SOMKO,1,-0.43991649313097614,0,0,1.5322605130033284,0,1,0,2,0,2,2,0,2,2,0,0,-0.5437962289732878,3442.8,0,kaggle
2720-WGKHP,1,2.273158691738958,0,0,-1.2367242199587352,1,2,1,0,0,0,0,2,2,0,1,2,0.9717626351782166,181.7,1,kaggle
6734-FQAJX,1,2.273158691738958,0,0,1.4100994218432374,1,0,1,2,2,0,2,2,2,2,1,2,1.3390197722149297,7171.7,0,kaggle
2869-ADAWR,0,-0.43991649313097614,0,0,0.5142514200025698,1,2,1,0,2,0,0,2,0,0,1,1,0.8155537171626008,4016.85,1,kaggle
1535-VTJOQ,0,-0.43991649313097614,0,0,-0.3408762181180675,1,2,2,1,1,1,1,1,1,2,0,1,-1.3165318340505352,553.0,0,kaggle
6368-TZZDT,1,-0.43991649313097614,1,1,-1.1552834925186746,1,0,2,1,1,1,1,1,1,2,0,1,-1.504314895069307,96.85,0,kaggle
0943-ZQPXH,1,-0.43991649313097614,1,1,0.47353105628253944,1,0,1,0,0,2,0,2,2,0,1,0,0.9368648981747281,4122.9,0,kaggle
1293-BSEUN,0,-0.43991649313097614,1,1,1.6137012404433893,1,0,2,1,1,1,1,1,1,2,1,3,-1.46443176706532,1482.3,0,kaggle
9894-EZEWG,0,-0.43991649313097614,0,0,-1.2774445836787656,1,0,1,0,2,0,0,0,0,0,1,1,0.3170146171127639,74.3,1,kaggle
1302-TPUBN,1,-0.43991649313097614,0,0,1.369379058123207,1,0,2,1,1,1,1,1,1,2,0,0,-1.5093002860698053,1240.8,0,kaggle
7851-FLGGQ,1,-0.43991649313097614,0,0,-1.2774445836787656,0,1,0,0,2,0,2,0,2,0,1,3,-0.6684310039857471,44.65,1,kaggle
0637-UBJRP,1,-0.43991649313097614,1,1,-0.7888002190384014,1,0,1,2,0,0,0,0,2,0,0,2,0.641065032145158,1095.3,1,kaggle
0940-OUQEC,1,-0.43991649313097614,0,0,-0.9109613101984924,1,2,1,0,2,0,0,0,0,0,1,0,0.5297246331340278,788.8,1,kaggle
2378-VTKDH,1,2.273158691738958,1,0,1.3286586944031769,1,2,1,0,2,2,0,2,2,0,1,2,1.3157546142126038,6578.55,0,kaggle
0927-CNGRH,1,-0.43991649313097614,0,1,-1.2774445836787656,1,0,2,1,1,1,1,1,1,0,0,3,-1.502653098069141,19.55,0,kaggle
8608-OZTLB,1,-0.43991649313097614,1,1,0.22920887396235737,1,0,0,2,2,2,2,2,0,1,0,2,0.3087056321119333,2802.3,0,kaggle
2335-GSODA,1,-0.43991649313097614,0,1,-0.38159658183809786,0,1,0,2,0,2,2,0,0,2,0,3,-0.8196545310008642,857.75,0,kaggle
1952-DVVSW,0,-0.43991649313097614,1,0,-0.9109613101984924,1,0,2,1,1,1,1,1,1,1,0,3,-1.4843733310673135,184.4,0,kaggle
0702-PGIBZ,1,-0.43991649313097614,0,1,-1.1552834925186746,1,2,1,0,2,0,0,2,2,0,1,2,1.2276793732037996,364.55,1,kaggle
6656-GULJQ,1,-0.43991649313097614,1,1,1.6137012404433893,1,2,0,2,0,2,2,2,2,2,1,1,0.6244470621434968,6093.3,0,kaggle
9853-JFZDU,0,-0.43991649313097614,1,0,0.10704778280226633,1,0,0,0,2,0,2,0,0,0,0,2,-0.2629525359452129,1861.1,0,kaggle
1963-VAUKV,0,-0.43991649313097614,0,0,-1.2774445836787656,1,0,2,1,1,1,1,1,1,0,0,3,-1.4744025490663168,20.4,1,kaggle
3777-XROBG,0,-0.43991649313097614,1,1,1.0436161483629645,1,0,2,1,1,1,1,1,1,2,0,1,-1.502653098069141,1079.65,0,kaggle
6994-FGRHH,1,-0.43991649313097614,1,1,1.5322605130033284,1,0,1,0,2,2,2,2,2,1,1,2,1.3755793062185846,7475.1,0,kaggle
4000-VGMQP,1,-0.43991649313097614,1,1,0.22920887396235737,1,2,0,0,2,2,0,2,2,1,0,1,0.47156173812821356,2862.55,0,kaggle
3999-WRNGR,0,-0.43991649313097614,1,1,1.125056875803025,0,1,0,0,2,0,0,2,2,0,1,2,-0.4989277099688025,3069.45,0,kaggle
3466-RITXD,1,-0.43991649313097614,0,0,-0.2594354906780068,1,2,1,2,2,0,0,2,0,0,1,1,0.9185851311729007,2349.8,0,kaggle
2680-XKKNJ,0,-0.43991649313097614,0,0,-0.9924020376385531,1,0,0,2,2,0,2,0,0,1,0,0,-0.21808401694072754,469.25,0,kaggle
3058-HJCUY,1,-0.43991649313097614,1,1,0.35136996512244845,1,2,1,0,0,2,2,2,2,1,1,2,1.2575917192067896,4213.35,1,kaggle
2974-GGUXS,0,2.273158691738958,1,0,0.14776814652229667,1,2,1,0,2,0,0,2,0,0,1,1,0.9036289581714056,3301.05,0,kaggle
7994-XIRTR,1,2.273158691738958,0,0,0.880734693482843,1,0,0,0,0,2,2,0,2,1,0,0,0.016229360082695727,3529.95,0,kaggle
3259-FDWOY,1,-0.43991649313097614,1,1,1.5729808767233588,1,2,1,0,2,2,0,2,2,2,1,0,1.3705939152180862,7723.7,1,kaggle
2101-RANCD,0,-0.43991649313097614,0,0,0.9214550572028734,1,2,1,0,0,0,0,0,0,0,1,2,0.2771314891087769,4144.9,0,kaggle
7921-BEPCI,0,-0.43991649313097614,0,0,1.6137012404433893,1,2,0,2,2,0,0,0,0,2,0,0,-0.16656830993557784,4265.0,0,kaggle
0807-ZABDG,0,-0.43991649313097614,0,1,-1.1960038562387048,1,0,0,2,0,0,2,0,0,0,1,3,-0.32111543095102724,154.65,1,kaggle
8510-TMWYB,0,-0.43991649313097614,1,1,0.880734693482843,1,2,0,0,2,2,0,0,0,2,1,0,-0.16490651293541178,3246.45,0,kaggle
3258-ZKPAI,1,-0.43991649313097614,1,1,1.6137012404433893,1,2,1,2,2,2,2,2,2,2,1,0,1.722894879253304,8337.45,0,kaggle
1428-IEDPR,1,-0.43991649313097614,0,0,0.7992939660427822,1,2,1,2,0,2,2,2,2,2,1,2,1.48027251722905,5731.4,0,kaggle
5298-GSTLM,0,2.273158691738958,0,0,1.125056875803025,1,2,1,2,0,0,0,2,2,1,1,0,1.217708591202803,6176.6,0,kaggle
4450-YOOHP,0,-0.43991649313097614,0,0,0.26992923768238775,0,1,0,0,0,2,0,2,2,0,1,1,-0.4690153639658123,1905.4,0,kaggle
6728-CZFEI,0,-0.43991649313097614,0,0,-0.7073594915983407,1,0,0,0,0,0,0,2,0,1,0,3,-0.28621769394753876,931.9,0,kaggle
5748-RNCJT,1,-0.43991649313097614,0,0,1.4915401492832983,1,2,1,0,0,2,2,2,2,2,1,0,1.3872118852197473,7348.8,1,kaggle
3653-NCRDJ,1,-0.43991649313097614,1,1,0.43281069256250915,1,0,2,1,1,1,1,1,1,1,1,3,-1.5142856770703037,776.25,0,kaggle
6121-TNHBO,0,2.273158691738958,0,0,1.247217966963116,1,2,0,2,2,2,2,2,0,1,0,0,0.6061672951416694,5243.05,0,kaggle
5119-NZPTV,1,2.273158691738958,1,0,-1.2367242199587352,1,0,1,0,0,0,0,0,0,0,0,2,0.1774236690988095,141.65,0,kaggle
6519-ZHPXP,0,-0.43991649313097614,1,1,1.6137012404433893,1,0,1,2,2,2,2,2,2,2,1,0,1.4470365772257276,7679.65,0,kaggle
7739-LAXOG,0,-0.43991649313097614,1,1,-0.015113308357824713,1,2,1,0,0,2,0,0,2,0,1,0,0.8737166121684152,2954.5,1,kaggle
3472-QPRCH,1,-0.43991649313097614,1,1,0.3106496014024181,1,2,2,1,1,1,1,1,1,2,0,1,-1.3132082400502028,1006.9,0,kaggle
8224-UAXBZ,0,-0.43991649313097614,1,0,1.0436161483629645,0,1,0,2,2,0,0,2,0,1,1,2,-0.6451658459834212,2540.1,0,kaggle
9610-WCESF,1,-0.43991649313097614,0,0,1.4100994218432374,0,1,0,2,0,0,2,2,0,2,0,2,-0.6933579589882389,3097.2,0,kaggle
9776-CLUJA,0,2.273158691738958,1,0,0.758573602322752,1,2,1,2,0,0,0,0,0,0,1,2,0.4233696251233959,3807.35,1,kaggle
2486-WYVVE,1,-0.43991649313097614,1,0,-0.055833672077855064,1,2,0,0,0,2,2,2,2,1,1,3,0.4831943171293762,2484.0,0,kaggle
3865-ZYKAD,1,2.273158691738958,1,0,1.4915401492832983,1,2,1,2,2,0,0,0,0,0,1,1,0.6693155811479823,5785.65,0,kaggle
1422-DGUBX,1,-0.43991649313097614,1,0,-0.015113308357824713,1,2,1,0,0,0,2,0,0,1,1,2,0.4815325201292102,2619.15,0,kaggle
2999-AANRQ,0,-0.43991649313097614,0,0,-0.46303730927815856,1,0,0,2,2,0,2,2,0,2,0,1,0.2089978121019659,1524.85,0,kaggle
8668-KNZTI,1,-0.43991649313097614,0,0,0.7992939660427822,1,0,0,2,0,2,0,0,0,1,0,2,-0.3659839499555126,2790.65,0,kaggle
0480-KYJVA,0,-0.43991649313097614,1,1,1.6137012404433893,1,2,2,1,1,1,1,1,1,2,0,1,-1.3464441800535252,1784.5,0,kaggle
6034-ZRYCV,0,-0.43991649313097614,1,0,1.6137012404433893,0,1,0,0,2,2,0,2,2,2,1,2,-0.3510277769540174,3937.45,1,kaggle
9746-YKGXB,1,-0.43991649313097614,1,1,0.7992939660427822,0,1,0,2,0,2,0,0,2,1,0,0,-0.681725379987076,2276.1,0,kaggle
3926-YZVVX,0,-0.43991649313097614,0,0,0.35136996512244845,1,0,0,0,0,0,2,0,0,1,0,0,-0.4889569279678058,2029.05,0,kaggle
6000-UKLWI,1,-0.43991649313097614,0,0,0.35136996512244845,1,0,2,1,1,1,1,1,1,2,0,3,-1.4827115340671475,802.35,0,kaggle
2079-FBMZK,0,-0.43991649313097614,0,0,-1.0738427650786138,1,0,1,0,0,0,0,0,0,0,1,3,0.14917312009598557,418.4,1,kaggle
6332-FBZRI,1,-0.43991649313097614,1,1,1.4100994218432374,1,2,0,2,2,2,2,0,0,1,1,1,0.15249671409631763,4653.25,0,kaggle
2096-XOTMO,0,-0.43991649313097614,1,1,-0.6666391278783103,1,0,2,1,1,1,1,1,1,0,0,3,-1.5093002860698053,275.9,0,kaggle
3266-FTKHB,1,-0.43991649313097614,0,0,-0.62591876415828,1,0,2,1,1,1,1,1,1,2,0,3,-1.51594747407047,343.45,0,kaggle
8221-EQDGL,1,-0.43991649313097614,1,0,0.10704778280226633,1,0,0,2,2,2,0,0,0,0,0,3,-0.12502338493142473,2130.45,0,kaggle
2346-LOCWC,0,-0.43991649313097614,1,1,1.0436161483629645,1,0,2,1,1,1,1,1,1,2,0,1,-1.4710789550659844,1191.4,0,kaggle
6608-QQLVK,1,-0.43991649313097614,0,0,-1.2774445836787656,1,0,0,0,0,2,0,0,0,0,1,2,-0.4740007549663106,50.5,1,kaggle
0298-XACET,1,-0.43991649313097614,1,1,0.7992939660427822,0,1,0,0,2,2,2,2,0,2,0,3,-0.48397153696730727,2554.0,0,kaggle
7560-QJAVJ,0,-0.43991649313097614,0,0,1.5322605130033284,1,0,0,2,0,2,2,2,2,2,0,0,0.4931650991303729,5589.45,0,kaggle
2995-YWTCD,0,-0.43991649313097614,1,1,-0.5444780367182193,1,2,2,1,1,1,1,1,1,2,1,0,-1.3248408190513656,467.7,0,kaggle
3551-HUAZH,1,2.273158691738958,0,0,-1.2774445836787656,1,2,1,0,0,0,0,0,0,0,1,2,0.32033821111309646,74.4,1,kaggle
9137-UIYPG,0,-0.43991649313097614,1,1,0.10704778280226633,1,0,1,2,0,2,2,2,2,0,1,2,1.4005062612210766,3756.45,0,kaggle
2809-ZMYOQ,0,-0.43991649313097614,0,0,-0.015113308357824713,1,2,1,0,0,2,0,2,2,0,1,2,1.2160467942026365,3334.9,0,kaggle
5084-OOVCJ,0,-0.43991649313097614,1,1,-0.62591876415828,1,0,0,2,0,0,2,0,0,0,1,1,-0.31280644595019663,920.5,0,kaggle
0254-WWRKD,0,-0.43991649313097614,1,1,1.4100994218432374,1,0,0,0,2,0,0,0,0,1,0,1,-0.47233895796614456,3431.75,0,kaggle
7727-SHVZV,0,-0.43991649313097614,0,0,-0.9516816739185228,1,0,2,1,1,1,1,1,1,0,0,0,-1.504314895069307,150.35,0,kaggle
6302-JGYRJ,1,-0.43991649313097614,0,1,-0.055833672077855064,1,2,0,0,2,0,2,2,2,1,1,3,0.4881797081298748,2587.7,1,kaggle
5339-PXDVH,1,-0.43991649313097614,0,0,-1.1552834925186746,1,2,1,2,0,0,0,2,0,0,0,2,0.8604222361670865,367.95,0,kaggle
2205-LPVGL,1,2.273158691738958,1,1,1.0436161483629645,1,2,1,2,2,0,2,0,0,1,1,0,0.8338334841644282,5125.75,0,kaggle
8782-NUUOL,1,-0.43991649313097614,0,0,1.125056875803025,1,0,0,2,0,2,2,2,2,1,0,3,0.4732235351283796,4801.1,0,kaggle
3685-YLCMQ,1,-0.43991649313097614,0,0,1.0436161483629645,1,2,1,0,0,2,2,2,2,1,1,2,1.325725396213601,6219.6,1,kaggle
7601-WFVZV,1,-0.43991649313097614,0,0,-1.2774445836787656,1,0,2,1,1,1,1,1,1,0,0,3,-1.502653098069141,19.55,0,kaggle
4609-KNNWG,0,-0.43991649313097614,1,1,-0.21871512695797646,1,0,2,1,1,1,1,1,1,2,0,3,-1.491020519067978,550.1,0,kaggle
4868-AADLV,1,2.273158691738958,1,1,1.369379058123207,1,2,1,2,2,2,2,2,2,1,1,2,1.7112623002521414,7862.25,0,kaggle
9529-OFXHY,1,-0.43991649313097614,0,0,-0.7073594915983407,1,2,1,2,0,0,0,2,0,0,1,0,0.7640380101574512,1242.2,0,kaggle
8634-MPHTR,1,2.273158691738958,1,0,0.5956921474426305,1,2,1,0,0,2,0,2,2,0,1,2,1.1728400721983174,4871.05,1,kaggle
2669-QVCRG,0,-0.43991649313097614,0,0,0.35136996512244845,1,2,1,2,0,0,0,0,0,0,1,1,0.5496661971360212,3190.65,0,kaggle
2478-EEWWM,1,-0.43991649313097614,1,0,1.0843365120829946,0,1,0,0,0,0,0,2,2,0,1,2,-0.6800635829869099,2666.75,0,kaggle
9174-IHETN,0,-0.43991649313097614,0,1,0.7178532386027215,1,0,1,0,0,0,0,0,0,2,0,1,0.1857326540996401,3533.6,0,kaggle
2233-TXSIU,1,-0.43991649313097614,1,1,-0.62591876415828,0,1,0,2,0,2,0,2,0,1,0,1,-0.6750781919864114,792.15,0,kaggle
9644-UMGQA,1,-0.43991649313097614,1,1,-1.0738427650786138,1,0,0,2,0,0,0,0,0,0,1,2,-0.518869273970796,295.65,0,kaggle
3256-EZDBI,1,2.273158691738958,1,0,0.758573602322752,0,1,0,0,2,0,0,0,0,0,1,1,-1.1736172920362484,1459.35,0,kaggle
8761-NSOBC,1,-0.43991649313097614,0,0,0.47353105628253944,1,0,1,0,2,0,2,2,2,0,0,2,1.1894580421999785,4398.15,1,kaggle
0419-YAAPX,1,-0.43991649313097614,1,0,0.6771328748826912,1,0,1,0,2,0,0,2,0,0,1,1,0.682609957149311,4297.95,0,kaggle
8413-VONUO,1,-0.43991649313097614,0,0,-1.2367242199587352,1,0,1,0,2,0,0,2,2,0,0,2,1.0266019361836989,167.3,1,kaggle
0872-CASZJ,1,-0.43991649313097614,1,0,1.0843365120829946,1,2,0,2,0,0,2,0,2,1,1,3,0.14418772909548702,4096.9,0,kaggle
4726-DLWQN,1,2.273158691738958,0,0,0.7178532386027215,1,2,0,2,2,0,0,2,0,0,1,0,0.1857326540996401,3454.6,0,kaggle
8164-OCKUJ,0,-0.43991649313097614,1,1,1.0843365120829946,1,0,2,1,1,1,1,1,1,2,0,3,-1.4677553610656522,1286.0,0,kaggle
3094-JOJAI,1,-0.43991649313097614,0,0,-0.5851984004382496,1,2,1,0,0,0,0,0,0,0,0,3,0.31202922611226586,1387.0,0,kaggle
9494-MRNYX,1,-0.43991649313097614,0,0,-0.9109613101984924,1,2,1,0,0,0,0,0,0,0,0,2,0.3419415721152558,786.3,0,kaggle
2599-CZABP,1,-0.43991649313097614,1,0,-0.748079855318371,1,0,0,0,0,0,0,0,0,1,0,2,-0.6700928009859131,641.25,0,kaggle
7945-PRBVF,1,-0.43991649313097614,0,0,0.10704778280226633,1,0,2,1,1,1,1,1,1,2,0,0,-1.439504812062828,705.45,0,kaggle
4544-RXFMG,1,-0.43991649313097614,1,1,-0.9924020376385531,1,0,0,0,0,0,0,0,0,1,1,3,-0.7083141319897339,345.5,0,kaggle
0859-YGKFW,1,-0.43991649313097614,1,1,-0.5851984004382496,1,0,2,1,1,1,1,1,1,1,0,0,-1.4860351280674797,345.9,0,kaggle
1150-FTQGN,0,-0.43991649313097614,1,1,1.125056875803025,1,2,1,2,2,0,0,2,0,1,0,0,0.9767480261787151,5811.8,0,kaggle
9223-UCPVT,0,-0.43991649313097614,0,0,-1.2774445836787656,1,0,1,0,0,2,0,2,2,0,0,2,0.9850570111795457,94.4,1,kaggle
7196-LIWRH,0,-0.43991649313097614,0,0,-1.0738427650786138,1,0,2,1,1,1,1,1,1,2,0,3,-1.502653098069141,124.45,0,kaggle
5448-VWNAM,0,-0.43991649313097614,0,1,-0.5444780367182193,1,2,0,2,2,0,2,2,0,0,1,3,0.37019212111808014,1375.6,0,kaggle
1177-XZBJL,1,-0.43991649313097614,1,1,0.8400143297628127,1,2,0,2,2,0,2,0,0,1,0,0,-0.020330173920958795,3491.55,0,kaggle
3518-FSTWG,1,2.273158691738958,1,0,1.6137012404433893,1,2,1,2,2,2,0,2,2,2,1,0,1.4885815022298807,7920.7,0,kaggle
9330-VOFSZ,0,-0.43991649313097614,1,0,1.125056875803025,1,2,1,0,2,2,2,2,2,2,1,1,1.5301264272340338,6640.7,0,kaggle
4351-QLCSU,0,-0.43991649313097614,0,0,-1.2774445836787656,1,0,0,0,0,0,0,2,0,0,1,1,-0.3244390249513595,55.0,1,kaggle
0939-EREMR,0,-0.43991649313097614,0,1,-0.7888002190384014,1,0,0,0,0,2,2,0,0,0,0,3,-0.37595473195650925,718.1,0,kaggle
9389-ACWBI,0,-0.43991649313097614,1,1,-1.1145631287986442,1,0,1,0,0,0,0,0,0,0,0,1,0.1724382780983114,320.4,0,kaggle
5419-JPRRN,1,-0.43991649313097614,0,0,-1.2774445836787656,1,2,1,0,0,2,0,2,2,0,1,2,1.219370388202969,101.45,1,kaggle
3644-QXEHN,1,-0.43991649313097614,1,1,-0.7888002190384014,1,0,1,0,0,2,0,2,2,0,0,2,1.071470455188184,1334.45,0,kaggle
2911-IJORQ,1,-0.43991649313097614,0,0,0.18848851024232702,1,2,0,2,2,2,2,2,2,1,1,0,0.85876043916692,3358.65,0,kaggle
5921-NGYRH,1,-0.43991649313097614,1,0,1.2879383306831464,1,0,1,2,0,0,0,0,0,0,1,3,0.2920876621102721,4764.0,0,kaggle
2100-BDNSN,0,-0.43991649313097614,1,0,-1.1145631287986442,1,2,0,0,0,2,2,2,0,0,0,0,0.10596639809166647,350.3,1,kaggle
5998-DZLYR,0,-0.43991649313097614,1,0,1.1657772395230555,1,2,1,0,2,0,2,0,2,2,1,0,0.9833952141793793,5703.0,0,kaggle
0488-GSLFR,0,-0.43991649313097614,0,0,-1.2774445836787656,1,0,1,0,0,0,0,0,0,0,1,2,0.1574821050968162,69.5,1,kaggle
9318-NKNFC,1,-0.43991649313097614,0,0,-1.2774445836787656,1,0,2,1,1,1,1,1,1,0,1,3,-1.5259182560714666,18.85,1,kaggle
3985-HOYPM,1,-0.43991649313097614,0,0,-0.2594354906780068,1,0,2,1,1,1,1,1,1,1,0,3,-1.5076384890696393,525.55,0,kaggle
9728-FTTVZ,0,-0.43991649313097614,0,0,-1.2774445836787656,1,0,1,0,0,0,0,0,0,0,1,2,0.14751132309581955,69.2,1,kaggle
9548-LERKT,1,-0.43991649313097614,1,0,-0.3408762181180675,1,0,2,1,1,1,1,1,1,2,0,3,-1.4960059100684764,483.15,0,kaggle
6576-FBXOJ,1,-0.43991649313097614,1,0,-0.62591876415828,0,1,0,0,0,2,2,2,2,1,0,2,-0.33773340095268845,934.8,0,kaggle
4310-KEDTB,0,-0.43991649313097614,0,1,-0.2594354906780068,0,1,0,0,0,2,0,0,0,0,1,3,-1.1619847130350858,786.5,0,kaggle
7254-IQWOZ,1,-0.43991649313097614,0,0,-1.2774445836787656,1,0,1,0,0,0,0,0,0,0,1,2,0.16246749609731476,69.65,1,kaggle
2474-BRUCM,1,2.273158691738958,1,0,0.3106496014024181,1,2,1,2,0,0,0,2,2,0,0,2,1.2326647642042976,4086.3,1,kaggle
4062-HBMOS,1,-0.43991649313097614,0,0,0.7992939660427822,1,2,1,0,2,2,0,2,2,0,1,2,1.2725478922082847,5364.8,0,kaggle
0742-NXBGR,0,-0.43991649313097614,0,0,-1.2774445836787656,1,0,1,0,2,2,0,0,0,0,1,2,0.5829021371393436,82.3,1,kaggle
2676-ISHSF,1,-0.43991649313097614,0,0,-1.2774445836787656,1,0,2,1,1,1,1,1,1,0,0,3,-1.477726143066649,20.3,0,kaggle
9236-NDUCW,0,-0.43991649313097614,0,0,-0.46303730927815856,0,1,0,2,0,0,2,0,0,2,0,3,-0.9858342310174765,770.4,0,kaggle
4753-PADAS,0,-0.43991649313097614,1,0,1.4100994218432374,1,2,1,0,2,2,0,2,2,1,1,0,1.3606231332170895,6816.95,0,kaggle
6103-QCKFX,0,-0.43991649313097614,1,1,0.47353105628253944,1,0,0,2,0,0,2,0,0,0,0,0,-0.28289409994720643,2419.55,0,kaggle
7781-EWARA,1,-0.43991649313097614,1,1,1.5322605130033284,0,1,0,0,2,2,2,2,2,1,0,2,-0.1466267459335843,4138.7,0,kaggle
6110-OHIHY,1,-0.43991649313097614,0,0,-1.1960038562387048,1,0,1,0,0,0,0,2,0,0,0,2,0.4815325201292102,267.6,1,kaggle
7018-FPXHH,1,-0.43991649313097614,1,1,0.9621754209229036,1,0,0,2,2,2,0,0,0,2,1,0,-0.16490651293541178,3457.45,0,kaggle
5889-LFOLL,0,-0.43991649313097614,0,0,-0.7888002190384014,1,2,1,0,0,0,0,0,2,0,1,2,0.6593447991469852,1115.2,1,kaggle
5708-EVONK,0,-0.43991649313097614,1,1,1.0436161483629645,1,2,1,2,2,0,0,0,2,0,1,0,0.9518210711762233,5435.6,1,kaggle
8708-XPXHZ,0,-0.43991649313097614,1,1,0.3920903288424788,1,2,1,0,0,0,0,2,2,0,1,2,0.9784098231788811,4186.3,1,kaggle
0616-ATFGB,1,2.273158691738958,1,0,-1.2774445836787656,0,1,0,0,0,0,0,0,0,0,0,2,-1.3198554280508674,25.05,1,kaggle
0572-ZJKLT,0,-0.43991649313097614,1,1,0.5549717837226001,1,2,1,2,0,2,2,0,2,2,0,3,1.1595456961969886,4630.2,0,kaggle
5135-RDDQL,0,-0.43991649313097614,1,1,1.247217966963116,1,0,0,2,0,0,0,0,0,2,1,0,-0.4690153639658123,3221.25,0,kaggle
1353-LJWEM,1,-0.43991649313097614,0,0,-0.8702409464784621,1,0,0,0,2,2,2,0,0,0,1,2,-0.12834697893175703,688.5,0,kaggle
1794-SWWKL,1,-0.43991649313097614,1,1,-0.7073594915983407,1,2,0,0,0,2,2,0,0,0,1,0,-0.1698919039359101,867.1,0,kaggle
6166-YIPFO,1,-0.43991649313097614,1,0,1.6137012404433893,0,1,0,2,2,2,2,2,2,2,1,2,-0.0020504069191315333,4746.05,0,kaggle
7016-BPGEU,0,-0.43991649313097614,0,0,-0.13727439951791576,0,1,0,0,0,0,0,0,0,0,1,1,-1.3181936310507012,712.85,1,kaggle
6876-ADESB,1,-0.43991649313097614,0,1,-1.2774445836787656,1,0,0,0,0,2,0,0,0,0,0,2,-0.5255164619714603,48.95,1,kaggle
9332-GYWLO,0,-0.43991649313097614,1,1,-1.0738427650786138,1,0,0,0,0,0,0,2,0,0,0,2,-0.32942441595185784,355.1,0,kaggle
1963-SVUCV,1,-0.43991649313097614,0,0,-1.2774445836787656,1,0,0,0,0,0,0,0,0,0,0,2,-0.6468276429835875,45.3,1,kaggle
4184-VODJZ,1,-0.43991649313097614,1,1,1.247217966963116,1,2,1,0,2,0,0,0,2,1,1,2,0.8836873941694119,5764.7,0,kaggle
0220-EBGCE,1,-0.43991649313097614,0,0,-1.2367242199587352,1,0,1,0,0,2,0,0,2,0,1,2,0.7008897241511383,167.3,1,kaggle
1092-WPIVQ,0,-0.43991649313097614,1,1,-0.5851984004382496,1,2,2,1,1,1,1,1,1,2,0,3,-1.3181936310507012,428.45,0,kaggle
7233-IOQNP,0,-0.43991649313097614,1,0,0.43281069256250915,0,1,0,2,0,0,2,0,0,0,0,0,-1.0223937650211312,1505.35,0,kaggle
2834-JKOOW,0,-0.43991649313097614,0,0,-0.7073594915983407,0,1,0,2,2,2,2,0,0,1,0,3,-0.626886078981594,693.45,0,kaggle
2754-VDLTR,1,-0.43991649313097614,0,1,-0.9109613101984924,1,2,1,0,0,0,0,2,2,0,0,2,1.0116457631822036,930.4,1,kaggle
2400-FEQME,1,-0.43991649313097614,1,1,0.9214550572028734,1,0,2,1,1,1,1,1,1,2,0,3,-1.4710789550659844,1177.95,0,kaggle
3190-XFANI,1,-0.43991649313097614,0,1,0.6771328748826912,1,2,1,0,0,0,2,2,2,1,1,0,1.1911198392001445,5069.65,1,kaggle
7551-DACSP,1,-0.43991649313097614,1,1,-1.0738427650786138,1,0,0,0,2,2,0,0,0,0,1,3,-0.31446824295036285,324.25,1,kaggle
4957-SREEC,1,-0.43991649313097614,1,1,1.5322605130033284,1,0,2,1,1,1,1,1,1,2,0,1,-1.4760643460664828,1458.1,0,kaggle
7235-NXZCP,1,2.273158691738958,0,0,-1.2367242199587352,1,2,1,0,0,0,0,0,0,0,1,3,0.33529438411459117,156.4,1,kaggle
0230-UBYPQ,1,2.273158691738958,1,0,1.247217966963116,0,1,0,2,0,0,2,0,0,1,0,0,-0.952598291014154,2298.9,0,kaggle
4923-ADWXJ,0,-0.43991649313097614,0,0,-0.30015585439803716,1,0,0,0,2,0,2,0,2,0,1,0,0.034509127084522986,1679.65,0,kaggle
1763-KUAAW,0,2.273158691738958,0,0,-0.5851984004382496,1,0,2,1,1,1,1,1,1,1,0,0,-1.4760643460664828,369.6,0,kaggle
1104-TNLZA,1,2.273158691738958,1,0,-0.1779947632379461,1,2,1,0,2,0,2,2,2,0,1,2,1.3639467272174215,2998.0,0,kaggle
5195-KPUNQ,0,2.273158691738958,0,0,0.8400143297628127,1,0,1,2,2,0,2,0,2,1,1,3,1.0631614701873533,5206.55,0,kaggle
0520-FDVVT,1,-0.43991649313097614,0,0,0.10704778280226633,1,0,1,0,2,2,0,2,2,1,1,0,1.249282734205959,3626.1,1,kaggle
3439-GVUSX,1,-0.43991649313097614,0,0,-1.2774445836787656,0,1,0,0,0,0,0,0,0,0,0,3,-1.341458789053027,24.4,0,kaggle
1444-VVSGW,1,-0.43991649313097614,1,0,1.5322605130033284,1,2,1,2,2,2,2,2,2,1,0,1,1.6913207362501481,7968.85,1,kaggle
5712-PTIWW,1,-0.43991649313097614,0,0,-1.2367242199587352,1,0,1,0,0,2,2,0,0,0,1,2,0.5014740841312035,152.45,1,kaggle
5949-HGVJL,0,-0.43991649313097614,1,0,-0.2594354906780068,1,0,0,0,2,0,2,2,2,0,1,2,0.27546969210861083,1959.5,0,kaggle
5203-XEHAX,0,-0.43991649313097614,0,0,0.06632741908223598,1,0,0,2,2,0,0,0,2,1,0,2,-0.013682985920294679,2053.05,0,kaggle
1635-HDGFT,0,-0.43991649313097614,0,1,-0.5444780367182193,1,0,2,1,1,1,1,1,1,2,0,3,-1.4710789550659844,398.55,0,kaggle
3315-TOTBP,1,-0.43991649313097614,0,0,-0.7073594915983407,1,2,1,0,0,0,0,0,0,0,1,3,0.3735157151184122,1130.85,1,kaggle
8050-XGRVL,0,-0.43991649313097614,1,1,1.2064976032430856,1,0,0,2,0,2,0,0,0,1,0,1,-0.3327480099521901,3425.35,0,kaggle
6661-HBGWL,0,2.273158691738958,0,0,0.3920903288424788,1,2,1,0,2,2,0,2,2,0,1,0,1.329048990213933,4323.45,1,kaggle
1518-VOWAV,0,-0.43991649313097614,0,0,-0.9516816739185228,1,0,0,2,2,0,0,2,2,0,1,2,0.32864719611392706,703.55,1,kaggle
9828-QHFBK,1,-0.43991649313097614,0,0,-0.3408762181180675,1,0,0,2,0,0,0,0,0,0,1,2,-0.4523973939641511,1275.7,0,kaggle
3908-MKIMJ,1,2.273158691738958,1,0,1.4508197855632678,0,1,0,2,2,2,0,0,0,2,1,2,-0.7581680419947175,2965.75,0,kaggle
5012-YSPJJ,1,-0.43991649313097614,1,1,-0.055833672077855064,1,0,0,0,0,2,2,0,0,0,0,3,-0.34604238595351905,1647.0,0,kaggle
5909-ECHUI,0,-0.43991649313097614,0,0,-1.2774445836787656,1,0,0,0,0,0,0,0,2,0,1,2,-0.28289409994720643,56.25,1,kaggle
1309-BXVOQ,1,-0.43991649313097614,1,0,-0.46303730927815856,1,2,1,0,0,2,2,2,2,0,1,2,1.3739175092184182,2249.95,1,kaggle
6728-VOIFY,0,-0.43991649313097614,1,0,1.247217966963116,1,0,1,0,2,0,0,2,2,1,1,2,1.0382345151848615,6109.75,0,kaggle
9317-WZPGV,0,2.273158691738958,0,0,-1.2367242199587352,1,0,1,0,0,0,0,0,2,0,1,0,0.4981504901308714,159.4,1,kaggle
4891-NLUBA,0,-0.43991649313097614,1,1,1.1657772395230555,0,1,0,0,2,2,2,2,2,2,1,0,-0.11006721192992953,3751.15,0,kaggle
2856-HYAPG,0,-0.43991649313097614,0,0,-1.2774445836787656,1,0,1,0,0,0,0,0,0,0,0,2,0.12923155609399228,68.65,1,kaggle
8969-PRHFK,1,-0.43991649313097614,0,0,-0.5851984004382496,1,0,2,1,1,1,1,1,1,1,0,3,-1.4993295040688086,411.25,0,kaggle
0661-KQHNK,0,-0.43991649313097614,1,1,-1.0738427650786138,1,0,2,1,1,1,1,1,1,1,0,1,-1.5209328650709681,105.5,0,kaggle
8709-KRDVL,0,-0.43991649313097614,0,0,0.025607055362205634,1,2,1,0,2,0,0,2,2,0,1,2,1.1711782751981514,3320.6,0,kaggle
4488-PSYCG,1,-0.43991649313097614,0,0,-0.6666391278783103,1,0,2,1,1,1,1,1,1,0,0,0,-1.479387940066815,327.45,1,kaggle
1427-VERSM,0,-0.43991649313097614,1,0,0.9621754209229036,1,0,1,0,0,2,2,2,2,0,1,2,1.1279715531938321,5669.5,0,kaggle
9801-NOSHQ,1,-0.43991649313097614,0,1,-0.38159658183809786,1,0,2,1,1,1,1,1,1,1,0,3,-1.4943441130683104,465.45,0,kaggle
6339-YPSAH,1,-0.43991649313097614,0,0,-0.9516816739185228,1,0,1,0,0,2,0,0,0,0,1,2,0.3003966471111027,704.3,0,kaggle
3621-CEOVK,0,2.273158691738958,1,0,-0.748079855318371,1,2,1,0,2,0,0,2,2,0,1,2,1.1778254631988159,1369.8,1,kaggle
6906-ANDWJ,1,-0.43991649313097614,1,1,-0.7073594915983407,1,2,1,0,0,0,0,0,0,0,1,0,0.33695618111475767,1107.25,1,kaggle
2159-TURXX,1,-0.43991649313097614,0,0,-1.1145631287986442,1,0,2,1,1,1,1,1,1,0,0,1,-1.4860351280674797,95.55,0,kaggle
1548-FEHVL,1,-0.43991649313097614,1,0,1.1657772395230555,1,2,1,2,2,0,0,2,2,0,1,2,1.3772411032187506,6375.2,0,kaggle
3795-CAWEX,1,-0.43991649313097614,1,1,1.5322605130033284,1,2,1,2,2,2,2,2,2,2,1,1,1.721233082253138,8152.3,0,kaggle
6215-NQCPY,1,-0.43991649313097614,0,0,-0.7073594915983407,1,2,1,2,0,0,0,2,2,0,1,2,1.1612074931971548,1566.75,0,kaggle
5647-URDKA,1,-0.43991649313097614,1,1,-0.9924020376385531,1,0,2,1,1,1,1,1,1,2,0,3,-1.4976677070686424,130.25,0,kaggle
2229-DPMBI,0,-0.43991649313097614,1,1,-0.9924020376385531,1,0,2,1,1,1,1,1,1,2,0,3,-1.504314895069307,162.15,0,kaggle
9626-WEQRM,0,-0.43991649313097614,0,0,-1.1552834925186746,0,1,0,2,0,0,0,0,0,0,1,3,-1.1835880740372453,110.05,0,kaggle
2188-SXWVT,0,-0.43991649313097614,0,0,0.06632741908223598,1,0,0,2,2,0,0,0,0,1,0,3,-0.3244390249513595,1885.15,0,kaggle
6258-PVZWJ,1,-0.43991649313097614,1,0,1.4508197855632678,1,2,0,2,2,2,2,2,2,2,1,1,0.8654076271675846,6302.85,0,kaggle
1094-BKOSX,0,-0.43991649313097614,1,1,0.5142514200025698,0,1,0,0,2,2,2,0,2,1,0,0,-0.4573827849646494,2264.5,0,kaggle
6969-MVBAI,0,2.273158691738958,0,0,-0.9516816739185228,1,2,1,0,0,2,0,2,0,0,1,2,0.8421424691652587,816.8,0,kaggle
2978-XXSOG,0,-0.43991649313097614,0,0,-0.4223169455581282,1,2,0,2,0,0,2,0,0,0,1,3,-0.18983346793790365,1253.5,0,kaggle
2342-CKIAO,0,-0.43991649313097614,0,0,-1.2367242199587352,1,0,2,1,1,1,1,1,1,0,0,3,-1.477726143066649,41.2,0,kaggle
6953-PBDIN,1,-0.43991649313097614,1,0,1.5322605130033284,1,2,0,0,2,2,2,2,0,2,0,0,0.2721460981082788,5265.55,0,kaggle
3898-BSJYF,0,-0.43991649313097614,0,1,-0.9109613101984924,1,2,0,2,0,2,2,0,2,1,0,1,0.2920876621102721,693.3,0,kaggle
3938-YFPXD,1,-0.43991649313097614,0,0,1.6137012404433893,1,2,0,2,0,2,2,2,2,2,0,1,0.6493740171459885,5997.1,0,kaggle
7696-AMHOD,0,-0.43991649313097614,1,1,0.6771328748826912,1,0,0,0,2,2,0,2,2,1,0,1,0.43998759512505714,3824.2,0,kaggle
2453-SAFNS,0,2.273158691738958,0,0,0.880734693482843,1,2,0,0,2,0,2,2,0,1,0,3,0.2438955491054544,3886.05,0,kaggle
9558-IHEZX,0,-0.43991649313097614,0,0,1.5729808767233588,1,2,1,2,2,2,0,2,2,2,1,1,1.395520870220578,7283.25,0,kaggle
9617-UDPEU,0,-0.43991649313097614,0,0,-0.4223169455581282,1,0,2,1,1,1,1,1,1,1,1,3,-1.5126238800701375,412.55,0,kaggle
6340-DACFT,0,-0.43991649313097614,1,1,0.7178532386027215,1,0,2,1,1,1,1,1,1,2,0,1,-1.4694171580658184,1070.25,0,kaggle
4955-VCWBI,0,-0.43991649313097614,1,1,0.43281069256250915,1,0,2,1,1,1,1,1,1,1,0,3,-1.4876969250676457,817.95,0,kaggle
6813-GZQCG,0,-0.43991649313097614,1,1,0.5142514200025698,1,2,2,1,1,1,1,1,1,2,1,1,-1.3331498040521963,1171.3,0,kaggle
7426-GSWPO,1,2.273158691738958,0,0,1.2879383306831464,1,2,1,2,2,0,0,2,2,0,1,0,1.28750406520978,6548.65,0,kaggle
3389-KTRXV,0,-0.43991649313097614,1,1,-0.38159658183809786,1,2,2,1,1,1,1,1,1,2,0,3,-1.3597385560548543,625.65,0,kaggle
3118-UHVVQ,0,-0.43991649313097614,1,0,1.4508197855632678,1,2,2,1,1,1,1,1,1,2,0,1,-1.2949284730483754,1911.5,0,kaggle
1031-IIDEO,0,-0.43991649313097614,0,0,-1.2774445836787656,1,0,1,0,0,0,0,0,0,0,1,2,0.20235062410130134,70.85,1,kaggle
5832-XKAES,1,-0.43991649313097614,0,0,-1.2367242199587352,1,0,1,0,0,0,0,0,0,0,1,1,0.16745288709781284,134.7,1,kaggle
3205-MXZRA,1,-0.43991649313097614,0,0,-0.2594354906780068,1,0,0,0,0,0,2,2,0,1,0,1,-0.17653909193657447,1507.0,0,kaggle
4701-AHWMW,1,-0.43991649313097614,1,0,0.9214550572028734,0,1,0,0,0,2,2,2,2,0,1,0,-0.3393951979528547,2978.3,1,kaggle
8317-BVKSO,1,-0.43991649313097614,0,0,-0.748079855318371,1,0,2,1,1,1,1,1,1,0,1,2,-1.4860351280674797,299.3,0,kaggle
5702-KVQRD,1,-0.43991649313097614,1,0,1.5729808767233588,1,0,0,2,0,2,2,2,2,2,1,2,0.5912111221401742,5832.65,0,kaggle
0083-PIVIK,1,-0.43991649313097614,0,0,1.2879383306831464,1,2,0,2,2,2,2,2,0,1,0,2,0.5480044001358552,5567.55,0,kaggle
9210-IAHGH,0,-0.43991649313097614,0,0,-1.0331224013585834,1,0,0,0,0,0,2,2,2,0,1,1,0.19902703010096928,450.8,1,kaggle
6169-PGNCD,0,-0.43991649313097614,0,0,1.002895784642934,1,0,0,2,2,2,2,2,0,2,1,1,0.3170146171127639,4166.35,0,kaggle
0023-XUOPT,0,-0.43991649313097614,1,0,-0.7888002190384014,1,2,1,0,2,2,0,2,0,0,0,2,0.9750862291785486,1215.6,1,kaggle
4592-IWTJI,0,-0.43991649313097614,1,1,-1.1960038562387048,0,1,0,2,0,0,0,0,0,0,0,1,-1.1653083070354178,91.7,1,kaggle
4909-JOUPP,1,2.273158691738958,1,0,1.6137012404433893,1,2,1,0,2,2,2,2,2,2,0,1,1.4935668932303794,7898.45,0,kaggle
4657-FWVFY,0,-0.43991649313097614,1,1,0.3106496014024181,1,2,1,0,2,2,0,2,0,0,1,1,1.0498670941860242,3915.4,0,kaggle
2257-BOVXD,1,-0.43991649313097614,1,0,-0.748079855318371,1,2,0,0,0,0,2,2,0,0,1,1,0.06109787908718086,979.5,0,kaggle
7729-JTEEC,1,-0.43991649313097614,1,1,-1.2367242199587352,1,0,0,0,0,0,0,0,0,0,1,2,-0.6734163949862454,90.05,0,kaggle
7632-MNYOY,1,2.273158691738958,0,0,1.369379058123207,1,2,1,0,2,2,2,2,2,1,0,1,1.5334500212343665,7432.05,1,kaggle
6518-LGAOV,0,-0.43991649313097614,1,0,0.22920887396235737,1,2,1,0,0,2,2,2,2,0,1,2,1.3373579752147637,4026.4,1,kaggle
7242-QZLXF,1,-0.43991649313097614,0,1,-1.2774445836787656,0,1,0,0,0,0,0,0,0,0,1,2,-1.3115464430500368,25.3,1,kaggle
4576-CSAJH,1,-0.43991649313097614,0,0,-0.4223169455581282,1,0,0,0,2,0,2,0,0,1,1,1,-0.3194536339508612,1193.05,1,kaggle
1000-AJSLD,1,-0.43991649313097614,0,0,-1.2774445836787656,1,0,2,1,1,1,1,1,1,0,1,3,-1.4843733310673135,20.1,1,kaggle
9696-RMYBA,1,-0.43991649313097614,0,0,-1.1145631287986442,1,0,1,0,0,0,0,2,0,0,1,3,0.5097830691320341,398.55,0,kaggle
8690-UPCZI,1,-0.43991649313097614,1,1,-0.13727439951791576,1,2,0,2,0,0,2,2,0,1,0,0,0.142525932095321,1958.45,0,kaggle
1062-LHZOD,1,-0.43991649313097614,1,1,-1.2774445836787656,1,0,1,0,0,0,0,0,0,0,1,3,0.17077648109814536,69.9,1,kaggle
9770-LXDBK,0,-0.43991649313097614,0,0,-1.1960038562387048,1,0,2,1,1,1,1,1,1,0,0,3,-1.4744025490663168,63.15,0,kaggle
4086-WITJG,1,-0.43991649313097614,1,1,1.5729808767233588,1,0,2,1,1,1,1,1,1,2,0,1,-1.4976677070686424,1301.1,0,kaggle
8344-WFMFH,1,-0.43991649313097614,0,1,-0.9516816739185228,1,0,0,0,2,0,0,0,0,0,1,2,-0.48729513096763954,484.05,0,kaggle
9600-NAXZN,1,-0.43991649313097614,0,0,0.43281069256250915,1,2,1,0,2,0,0,2,2,0,1,2,1.217708591202803,4528.0,1,kaggle
8822-KNBHV,0,-0.43991649313097614,0,0,0.6364125111626608,1,2,0,2,2,2,0,2,2,1,1,1,0.6211234681431647,3887.85,0,kaggle
8404-FYDIB,1,-0.43991649313097614,0,0,-0.2594354906780068,1,2,1,2,2,0,0,0,0,0,1,1,0.7274784761537967,2208.75,0,kaggle
2791-SFVEW,0,-0.43991649313097614,0,0,-0.9516816739185228,1,0,2,1,1,1,1,1,1,0,0,0,-1.4827115340671475,238.15,0,kaggle
6457-USBER,1,-0.43991649313097614,0,0,-1.2774445836787656,1,0,1,0,0,0,0,0,2,0,1,2,0.53304822713436,80.8,1,kaggle
6762-NSODU,0,-0.43991649313097614,1,1,0.5549717837226001,1,0,2,1,1,1,1,1,1,2,0,1,-1.5076384890696393,958.15,0,kaggle
4662-EKDPQ,1,-0.43991649313097614,0,0,-1.2367242199587352,1,2,0,0,0,0,0,0,2,0,0,0,-0.09012564792793624,118.3,1,kaggle
9248-OJYKK,1,2.273158691738958,0,0,-1.2774445836787656,1,2,1,0,0,0,0,0,0,0,1,2,0.3884718881199074,76.45,1,kaggle
9888-ZCUMM,1,-0.43991649313097614,1,1,1.2879383306831464,0,1,0,2,0,2,2,2,2,2,1,0,-0.15659752793458118,3845.45,0,kaggle
3398-FSHON,0,2.273158691738958,0,0,-0.8295205827584317,1,2,1,0,2,0,0,2,0,0,1,2,0.8820255971692458,1094.5,1,kaggle
3319-DWOEP,1,2.273158691738958,1,0,-1.0738427650786138,1,0,1,0,0,2,0,2,2,0,1,2,1.0299255301840309,573.75,1,kaggle
1074-WVEVG,0,-0.43991649313097614,1,0,1.0843365120829946,1,0,2,1,1,1,1,1,1,1,0,3,-1.4760643460664828,1267.0,0,kaggle
9979-RGMZT,0,-0.43991649313097614,0,0,-1.0331224013585834,1,0,1,0,2,0,0,2,2,1,1,3,0.9734244321783826,633.45,0,kaggle
6437-UDQJM,0,2.273158691738958,1,0,1.6137012404433893,1,2,0,2,2,2,0,2,2,2,1,1,0.642726829145324,6129.65,0,kaggle
1226-IENZN,1,2.273158691738958,0,0,-0.6666391278783103,1,0,1,0,0,0,0,0,2,0,1,2,0.464914550127549,1218.25,0,kaggle
2108-GLPQB,1,-0.43991649313097614,1,0,-0.30015585439803716,1,2,0,0,0,2,0,0,0,0,0,1,-0.30615925794953225,1405.3,0,kaggle
9259-PACGQ,0,-0.43991649313097614,1,0,0.06632741908223598,1,2,0,2,2,0,2,0,0,0,0,2,-0.07018408392594272,2274.9,1,kaggle
4415-IJZTP,0,-0.43991649313097614,0,0,-1.2774445836787656,1,2,1,0,0,0,0,0,0,0,1,2,0.3236618051134285,74.5,1,kaggle
1465-VINDH,0,-0.43991649313097614,1,1,-0.9109613101984924,1,2,1,0,2,2,0,2,2,0,1,1,1.2409737492051283,1068.85,1,kaggle
5474-LAMUQ,1,-0.43991649313097614,1,0,-0.3408762181180675,1,0,2,1,1,1,1,1,1,1,0,3,-1.4843733310673135,533.9,0,kaggle
3468-DRVQJ,0,-0.43991649313097614,1,1,-0.9109613101984924,1,2,0,2,2,0,0,2,0,1,0,2,0.18407085709947407,676.15,0,kaggle
1122-YJBCS,1,-0.43991649313097614,1,0,1.4915401492832983,1,0,0,2,2,0,0,0,0,1,1,1,-0.3693075439558449,3804.4,0,kaggle
4990-ALDGW,1,-0.43991649313097614,0,0,1.002895784642934,1,0,2,1,1,1,1,1,1,2,0,3,-1.462769970065154,1118.8,0,kaggle
4816-OKWNX,1,-0.43991649313097614,1,1,0.7178532386027215,1,0,1,0,2,2,2,2,2,1,1,0,1.284180471209448,5236.4,0,kaggle
3315-IKYZQ,1,-0.43991649313097614,1,1,-0.1779947632379461,0,1,0,2,0,2,2,2,0,1,0,3,-0.46402997296531395,1386.8,0,kaggle
2810-FTLEM,0,-0.43991649313097614,0,0,-0.6666391278783103,1,0,0,2,0,0,0,0,0,0,1,2,-0.4856333339674735,762.25,1,kaggle
4747-LCAQL,1,-0.43991649313097614,0,0,-0.30015585439803716,1,0,0,2,2,0,2,2,2,0,1,3,0.4732235351283796,1902.0,0,kaggle
3411-WLRSQ,0,2.273158691738958,1,0,-1.1960038562387048,1,0,1,0,2,0,0,0,0,0,1,0,0.32698539911376057,239.05,0,kaggle
0898-XCGTF,1,-0.43991649313097614,1,0,1.1657772395230555,1,2,1,0,0,0,0,2,2,1,1,0,1.0548524851865226,5673.7,0,kaggle
8006-PYCSW,0,-0.43991649313097614,0,0,-1.2367242199587352,1,0,2,1,1,1,1,1,1,0,0,3,-1.4843733310673135,39.8,0,kaggle
8249-THVEC,1,-0.43991649313097614,1,1,0.758573602322752,1,0,2,1,1,1,1,1,1,1,0,3,-1.5076384890696393,997.75,0,kaggle
8722-PRFDV,0,-0.43991649313097614,1,1,1.5729808767233588,1,0,0,2,0,2,0,2,2,2,0,1,0.42503142212356193,5574.35,0,kaggle
2164-SOQXL,0,-0.43991649313097614,1,1,-0.5037576729981889,1,0,2,1,1,1,1,1,1,0,0,3,-1.4860351280674797,406.05,0,kaggle
4020-KIUDI,1,-0.43991649313097614,1,1,-1.0738427650786138,1,0,2,1,1,1,1,1,1,0,0,1,-1.4926823160681442,138.85,0,kaggle
5850-BDWCY,0,-0.43991649313097614,0,0,-1.0738427650786138,1,0,2,1,1,1,1,1,1,0,0,3,-1.481049737066981,123.65,0,kaggle
2038-YSEZE,0,-0.43991649313097614,0,0,-0.13727439951791576,1,2,0,2,2,0,2,0,0,0,0,3,0.08934842809000525,1801.1,0,kaggle
0827-ITJPH,1,-0.43991649313097614,0,0,0.14776814652229667,1,0,2,1,1,1,1,1,1,2,1,1,-1.5358890380724635,689.0,0,kaggle
8799-OXZMD,0,-0.43991649313097614,0,0,-0.1779947632379461,0,1,0,0,0,2,0,0,0,0,1,3,-1.1636465100352518,790.7,0,kaggle
1925-TIBLE,0,-0.43991649313097614,1,0,-1.0331224013585834,1,2,1,0,0,0,0,2,0,0,1,2,0.722493085153298,582.5,1,kaggle
1705-GUHPV,0,-0.43991649313097614,0,0,1.247217966963116,1,2,2,1,1,1,1,1,1,2,0,3,-1.3481059770536914,1618.2,0,kaggle
4779-ZGICK,1,-0.43991649313097614,1,1,0.6364125111626608,1,2,2,1,1,1,1,1,1,2,0,3,-1.3697093380558512,1173.35,0,kaggle
0048-PIHNL,0,-0.43991649313097614,1,0,0.6771328748826912,1,0,2,1,1,1,1,1,1,1,0,0,-1.4727407520661506,900.9,0,kaggle
0818-OCPZO,1,2.273158691738958,0,0,-0.21871512695797646,1,2,1,0,2,0,0,0,0,0,1,2,0.5546515881365197,2122.05,1,kaggle
3967-KXAPS,1,-0.43991649313097614,1,0,1.6137012404433893,1,2,0,2,2,2,2,2,2,2,0,1,0.9152615371725683,6719.9,0,kaggle
1447-GIQMR,1,-0.43991649313097614,1,0,-1.2774445836787656,1,0,1,0,0,0,0,0,0,0,1,2,0.14584952609565352,69.15,1,kaggle
3704-IEAXF,0,-0.43991649313097614,1,1,1.6137012404433893,0,1,0,0,2,0,2,2,2,2,0,1,-0.3693075439558449,3784.0,0,kaggle
6810-VCAEX,0,-0.43991649313097614,0,0,0.5956921474426305,0,1,0,2,2,0,2,0,0,1,0,1,-0.8346107040023594,1798.65,0,kaggle
0674-EYYZV,0,-0.43991649313097614,0,0,-1.2774445836787656,1,0,0,0,0,0,0,2,0,0,1,2,-0.33607160395252245,54.65,0,kaggle
4480-MBMLB,0,-0.43991649313097614,0,0,0.14776814652229667,1,2,1,0,2,2,0,2,2,1,1,0,1.330710787214099,3886.45,0,kaggle
1395-OFUWC,1,-0.43991649313097614,1,1,0.43281069256250915,0,1,0,0,2,0,0,0,0,0,0,1,-1.1786026830367469,1224.05,0,kaggle
0822-QGCXA,0,2.273158691738958,1,0,-0.21871512695797646,1,2,0,0,2,2,2,2,2,0,0,2,0.6344178441444933,2310.2,0,kaggle
0872-NXJYS,0,-0.43991649313097614,0,0,-0.9516816739185228,1,0,1,0,0,0,0,0,2,0,1,2,0.4915033021302069,723.4,1,kaggle
2832-KJCRD,0,-0.43991649313097614,0,0,0.22920887396235737,1,2,1,0,0,2,2,2,2,0,1,2,1.2924894562102784,3988.5,0,kaggle
3588-WSTTJ,0,2.273158691738958,0,0,0.10704778280226633,1,2,1,2,0,0,0,2,2,0,1,2,1.1396041321949948,3554.6,0,kaggle
4075-WKNIU,0,-0.43991649313097614,1,1,-1.318164947398796,1,2,0,0,2,2,2,2,0,2,0,3,0.2854404741096075,1397.475,0,kaggle
5090-EMGTC,0,-0.43991649313097614,1,0,1.0843365120829946,1,0,1,0,2,0,2,2,2,2,1,3,1.1728400721983174,6034.85,0,kaggle
2346-CZYIL,1,-0.43991649313097614,0,0,-0.21871512695797646,1,0,2,1,1,1,1,1,1,2,0,1,-1.4760643460664828,531.6,0,kaggle
3798-EPWRR,0,2.273158691738958,0,0,-1.2367242199587352,1,0,0,0,0,0,0,0,0,0,0,2,-0.6916961619880726,85.1,0,kaggle
6258-NGCNG,1,-0.43991649313097614,0,0,-1.0331224013585834,1,2,2,1,1,1,1,1,1,0,0,3,-1.3713711350560172,173.0,0,kaggle
4186-ZBUEW,0,-0.43991649313097614,0,0,0.14776814652229667,1,2,0,0,2,0,2,0,2,1,1,3,0.19736523310080326,2511.95,0,kaggle
5274-XHAKY,0,-0.43991649313097614,1,1,0.35136996512244845,1,2,1,2,2,0,0,2,0,0,1,0,0.9817334171792131,3893.6,0,kaggle
1442-BQPVU,0,-0.43991649313097614,0,0,-0.7888002190384014,0,1,0,0,2,0,0,0,0,0,0,2,-1.1835880740372453,357.15,0,kaggle
3978-YNKDD,1,-0.43991649313097614,0,1,-0.5444780367182193,1,0,2,1,1,1,1,1,1,2,0,1,-1.4594463760648215,467.5,0,kaggle
4940-KHCWD,0,-0.43991649313097614,1,0,1.125056875803025,0,1,0,2,2,0,2,0,0,2,0,0,-0.8994207870088381,2288.7,0,kaggle
9412-ARGBX,0,-0.43991649313097614,0,1,0.6364125111626608,1,0,1,0,2,2,2,2,0,2,1,3,1.0216165451832002,4627.85,1,kaggle
1389-CXMLU,1,2.273158691738958,0,0,-1.1960038562387048,1,2,1,0,0,2,0,2,0,0,0,2,0.8737166121684152,289.1,1,kaggle
9589-ABEPT,1,-0.43991649313097614,1,0,1.4915401492832983,1,2,1,0,2,0,2,2,0,2,1,3,0.9202469281730669,6460.55,0,kaggle
9388-ZEYVT,1,-0.43991649313097614,0,0,0.43281069256250915,0,1,0,0,0,2,2,0,2,1,0,2,-0.6850489739874083,1931.3,0,kaggle
0305-SQECB,0,-0.43991649313097614,0,1,-0.8702409464784621,0,1,0,2,0,0,2,0,0,1,1,3,-0.9542600880143203,402.6,0,kaggle
7605-SNLQG,0,-0.43991649313097614,1,0,0.5142514200025698,1,0,0,0,0,2,0,0,0,0,1,1,-0.4823097399671412,2221.55,0,kaggle
4670-TABXH,1,-0.43991649313097614,1,0,1.6137012404433893,1,2,1,0,2,2,2,2,2,2,1,1,1.4952286902305454,7758.9,0,kaggle
5561-NWEVX,0,2.273158691738958,1,0,-1.2367242199587352,1,2,1,0,0,2,0,0,0,0,0,2,0.47987072312904416,172.85,1,kaggle
0064-SUDOG,0,-0.43991649313097614,1,1,-0.8295205827584317,1,0,2,1,1,1,1,1,1,2,0,0,-1.477726143066649,224.5,0,kaggle
8561-NMTBD,0,-0.43991649313097614,1,1,1.4100994218432374,1,2,1,0,2,2,2,2,2,1,1,1,1.5816421342391835,7388.45,0,kaggle
5161-XEUVX,1,-0.43991649313097614,1,0,0.18848851024232702,1,2,1,0,0,2,2,2,0,2,0,3,0.9817334171792131,3460.95,0,kaggle
8292-FRFZQ,0,-0.43991649313097614,0,0,0.26992923768238775,0,1,0,2,2,0,2,0,0,1,0,0,-0.7847567939973756,1700.9,0,kaggle
8591-NXRCV,0,-0.43991649313097614,0,0,0.35136996512244845,1,2,0,2,0,2,2,0,2,0,1,0,0.32864719611392706,3090.65,0,kaggle
7895-VONWT,0,-0.43991649313097614,0,0,-0.30015585439803716,0,1,0,0,0,2,0,2,2,0,1,2,-0.5487816199737862,1293.8,0,kaggle
4526-RMTLL,1,-0.43991649313097614,1,1,-0.9924020376385531,1,2,0,2,2,0,2,0,2,2,1,1,0.37850110611891075,645.8,0,kaggle
6253-GNHWH,0,-0.43991649313097614,1,1,1.5729808767233588,1,2,0,2,2,2,2,0,0,2,0,3,0.21065960910213194,5224.95,0,kaggle
4566-NECEV,1,-0.43991649313097614,0,0,-1.1145631287986442,1,2,1,0,2,2,0,0,2,0,0,2,1.0565142821866886,500.1,0,kaggle
8080-POTJR,0,-0.43991649313097614,0,0,-0.0965540357978854,1,2,0,2,0,2,0,2,2,1,1,1,0.4831943171293762,2427.1,0,kaggle
6906-MPARY,1,-0.43991649313097614,0,0,0.3106496014024181,1,0,1,0,2,0,2,0,2,1,1,1,0.8255244991635975,3488.15,0,kaggle
3662-FXJFO,0,-0.43991649313097614,0,0,0.880734693482843,1,0,2,1,1,1,1,1,1,2,1,3,-1.4710789550659844,1035.7,0,kaggle
8107-RZLNV,1,-0.43991649313097614,1,0,1.6137012404433893,1,2,1,0,2,2,0,2,2,2,1,0,1.3805646972190828,7565.35,0,kaggle
0516-OOHAR,1,-0.43991649313097614,1,1,-0.1779947632379461,1,0,1,0,2,2,0,2,2,1,0,0,1.182810854199314,2799.0,0,kaggle
2027-CWDNU,1,-0.43991649313097614,1,1,-0.5851984004382496,1,0,1,0,0,0,2,0,2,0,1,2,0.6925807391503077,1601.5,0,kaggle
2737-WFVYW,0,-0.43991649313097614,0,0,-1.2367242199587352,0,1,0,0,0,0,0,2,2,0,1,2,-0.6484894399837535,85.5,1,kaggle
9912-OMZDS,0,-0.43991649313097614,1,1,1.0843365120829946,1,2,1,0,2,2,0,2,2,1,1,2,1.3755793062185846,6256.2,0,kaggle
3733-ZEECP,1,-0.43991649313097614,1,1,-0.4223169455581282,1,0,0,0,0,0,2,0,0,0,1,2,-0.45405919096431707,1232.9,0,kaggle
7878-RTCZG,0,-0.43991649313097614,0,0,-1.2774445836787656,1,0,2,1,1,1,1,1,1,0,0,3,-1.491020519067978,19.9,0,kaggle
2452-MRMZF,0,2.273158691738958,1,0,1.6137012404433893,1,2,2,1,1,1,1,1,1,2,1,1,-1.2982520670487077,1937.4,0,kaggle
2272-QAGFO,0,2.273158691738958,0,0,-0.748079855318371,1,2,1,0,0,0,0,0,0,0,1,2,0.3170146171127639,1096.25,1,kaggle
7103-IPXPJ,1,-0.43991649313097614,1,0,0.7178532386027215,1,2,1,0,0,0,2,2,2,1,0,2,1.1512367111961581,5059.75,0,kaggle
4342-HFXWS,0,-0.43991649313097614,1,1,0.6364125111626608,1,0,0,2,0,2,2,2,0,1,0,0,0.16412929309748078,3023.65,0,kaggle
3545-CNWRG,0,-0.43991649313097614,1,1,0.6771328748826912,1,2,1,0,2,0,0,2,2,0,1,2,1.116338974192669,4889.2,0,kaggle
1785-BPHTP,1,-0.43991649313097614,1,1,-0.1779947632379461,1,0,1,0,0,2,0,2,0,0,0,2,0.6875953481498096,2289.9,0,kaggle
4989-LIXVT,1,2.273158691738958,0,0,1.4508197855632678,1,2,1,0,2,2,0,0,2,0,1,2,1.0349109211845293,6503.2,0,kaggle
7315-WYOAW,1,-0.43991649313097614,0,0,-0.7888002190384014,1,2,1,0,0,0,2,2,2,0,0,2,1.1961052302006432,1313.25,0,kaggle
1173-XZPYF,0,-0.43991649313097614,0,0,-0.8702409464784621,1,2,1,0,0,2,0,2,0,0,1,2,0.8122301231622688,990.3,0,kaggle
9850-OWRHQ,0,-0.43991649313097614,1,0,-1.1960038562387048,1,2,1,0,0,0,0,0,0,0,1,1,0.31036742911209936,228.0,1,kaggle
3768-NLUBH,1,2.273158691738958,1,0,1.002895784642934,1,2,1,0,0,2,0,2,2,0,0,2,1.1911198392001445,5746.15,1,kaggle
8676-TRMJS,1,-0.43991649313097614,0,0,-1.1960038562387048,1,2,1,0,0,0,0,0,0,0,0,3,0.3402797751150897,209.1,1,kaggle
2509-TFPJU,1,-0.43991649313097614,1,0,1.6137012404433893,1,2,2,1,1,1,1,1,1,2,0,1,-1.2965902700485417,1864.2,0,kaggle
9530-GRMJG,1,-0.43991649313097614,1,1,1.5322605130033284,1,2,0,0,2,2,2,2,2,2,1,2,0.642726829145324,5979.7,0,kaggle
6898-RBTLU,0,-0.43991649313097614,1,1,0.6771328748826912,1,2,0,0,2,0,2,2,2,2,0,0,0.4831943171293762,3902.45,0,kaggle
5481-NTDOH,0,2.273158691738958,1,0,1.4100994218432374,1,2,1,2,0,2,0,2,2,1,1,1,1.4054916522215746,7142.5,0,kaggle
2068-WWXQZ,1,-0.43991649313097614,0,0,0.5549717837226001,1,0,2,1,1,1,1,1,1,2,0,0,-1.4860351280674797,902.0,0,kaggle
7359-SSBJK,0,2.273158691738958,0,0,1.2879383306831464,1,0,0,2,2,0,2,2,0,2,1,1,0.18074726309914202,4481.0,1,kaggle
2061-VVFST,0,-0.43991649313097614,1,0,0.18848851024232702,1,0,2,1,1,1,1,1,1,0,0,0,-1.504314895069307,805.2,0,kaggle
0685-MLYYM,0,2.273158691738958,0,0,-1.2367242199587352,1,0,1,0,0,0,0,0,0,0,0,2,0.19902703010096928,154.85,1,kaggle
0749-IRGQE,0,2.273158691738958,1,0,-0.7888002190384014,0,1,0,0,0,0,0,2,2,0,0,2,-0.6468276429835875,528.45,0,kaggle
2380-DAMQP,0,-0.43991649313097614,1,0,1.6137012404433893,1,2,1,2,2,2,2,2,2,2,0,2,1.6747027662484868,8349.7,0,kaggle
2256-YLYLP,1,-0.43991649313097614,1,1,1.4508197855632678,1,0,0,0,0,2,2,2,2,2,1,0,0.2721460981082788,4953.25,0,kaggle
1272-ILHFG,1,-0.43991649313097614,1,1,-0.7073594915983407,1,0,2,1,1,1,1,1,1,1,0,3,-1.4993295040688086,332.65,0,kaggle
0164-XAIRP,0,-0.43991649313097614,0,0,-0.3408762181180675,1,0,2,1,1,1,1,1,1,2,1,0,-1.502653098069141,470.2,0,kaggle
5666-CYCYZ,0,-0.43991649313097614,0,0,-0.3408762181180675,1,2,1,0,0,0,2,0,2,0,1,2,0.8238627021634315,2259.35,0,kaggle
4011-ARPHK,1,-0.43991649313097614,0,0,-0.21871512695797646,1,0,0,2,0,0,0,0,0,0,0,3,-0.47898614596680894,1411.35,0,kaggle
8182-PNAGI,1,-0.43991649313097614,0,0,-0.8295205827584317,1,0,0,0,0,0,2,0,0,0,0,0,-0.4823097399671412,593.75,1,kaggle
6365-HITVU,0,-0.43991649313097614,1,1,1.5729808767233588,1,0,0,2,2,2,2,2,2,2,0,1,0.7474200401557899,6328.7,0,kaggle
7558-IMLMT,1,-0.43991649313097614,1,1,1.4100994218432374,1,0,2,1,1,1,1,1,1,2,1,3,-1.461108173064988,1411.9,0,kaggle
9488-FYQAU,0,-0.43991649313097614,1,0,1.247217966963116,1,2,1,0,2,2,2,2,2,2,1,0,1.478610720228884,6841.4,0,kaggle
3590-TCXTB,1,-0.43991649313097614,0,0,-1.2774445836787656,1,0,2,1,1,1,1,1,1,0,0,3,-1.4760643460664828,20.35,0,kaggle
6994-KERXL,1,-0.43991649313097614,0,0,-1.1552834925186746,1,0,0,0,0,0,0,0,2,0,1,2,-0.29452667894836937,238.5,0,kaggle
7957-RYHQD,0,2.273158691738958,0,0,0.3106496014024181,1,0,1,2,2,0,0,0,0,0,1,1,0.47987072312904416,3233.85,1,kaggle
2180-DXNEG,0,-0.43991649313097614,0,0,-0.8295205827584317,1,0,1,0,0,2,0,2,2,0,1,2,1.0382345151848615,1062.1,1,kaggle
1960-UOTYM,1,-0.43991649313097614,1,1,0.7992939660427822,1,0,0,2,2,2,0,2,2,2,0,2,0.47987072312904416,4016.3,0,kaggle
2740-JFBOK,1,-0.43991649313097614,0,0,-0.9109613101984924,1,2,2,1,1,1,1,1,1,0,1,2,-1.3547531650543558,226.55,0,kaggle
6500-JVEGC,1,-0.43991649313097614,0,0,1.4508197855632678,1,2,1,2,2,2,0,2,0,1,0,0,1.2160467942026365,7110.75,0,kaggle
5515-AKOAJ,0,-0.43991649313097614,0,0,0.880734693482843,1,2,1,0,0,0,2,2,2,0,1,2,1.1745018691984834,5440.9,1,kaggle
8976-OQHGT,0,-0.43991649313097614,1,1,-1.1552834925186746,1,0,0,0,2,0,2,0,0,0,0,3,-0.27458511494637583,235.1,1,kaggle
5245-VDBUR,0,-0.43991649313097614,1,0,0.7992939660427822,0,1,0,2,0,2,0,0,0,1,0,3,-0.9742016520163136,1958.95,0,kaggle
6230-BSUXY,0,2.273158691738958,0,0,-1.2774445836787656,1,0,1,0,0,2,0,0,2,0,1,2,0.6726391751483144,85.0,1,kaggle
8469-SNFFH,1,-0.43991649313097614,1,0,1.5322605130033284,1,2,0,2,2,2,2,2,0,1,0,0,0.48651791112970877,5528.9,0,kaggle
2144-ESWKO,1,-0.43991649313097614,0,0,0.43281069256250915,0,1,0,2,0,2,0,0,0,1,1,1,-0.9825106370171443,1463.7,0,kaggle
1241-FPMOF,1,-0.43991649313097614,0,0,0.7992939660427822,1,0,2,1,1,1,1,1,1,2,0,3,-1.4993295040688086,1025.05,0,kaggle
9928-BZVLZ,0,-0.43991649313097614,0,0,-0.8295205827584317,0,1,0,2,0,2,2,0,2,2,0,3,-0.49560411596847015,552.1,0,kaggle
4114-QMKVN,0,-0.43991649313097614,1,1,0.9621754209229036,1,2,0,2,2,0,0,0,2,1,0,0,0.13255515009432434,3815.4,0,kaggle
2775-SEFEE,1,-0.43991649313097614,0,1,-1.318164947398796,1,2,0,2,2,0,2,0,0,2,1,0,-0.09511103892843457,1397.475,0,kaggle
9003-CPATH,1,-0.43991649313097614,0,0,0.3920903288424788,1,2,1,0,0,2,0,0,0,0,0,2,0.50313588113137,3313.4,0,kaggle
1754-GKYPY,1,2.273158691738958,1,0,-0.4223169455581282,1,0,1,0,0,0,0,2,2,0,1,0,0.830509890164096,1938.9,0,kaggle
5294-CDGWY,1,-0.43991649313097614,1,1,0.758573602322752,0,1,0,2,2,2,0,2,2,1,0,2,-0.18152448293707302,3014.65,1,kaggle
7956-XQWGU,1,-0.43991649313097614,0,0,-0.21871512695797646,1,0,2,1,1,1,1,1,1,0,1,1,-1.5076384890696393,460.25,0,kaggle
1591-MQJTP,1,2.273158691738958,1,0,0.758573602322752,1,2,1,2,0,2,0,0,2,1,1,0,0.9601300561770538,4839.15,0,kaggle
5295-PCJOO,1,-0.43991649313097614,0,1,-1.1552834925186746,1,0,0,2,0,0,0,0,0,0,1,2,-0.5105602889699654,184.4,1,kaggle
2369-FEVNO,1,-0.43991649313097614,0,0,-1.2774445836787656,1,0,2,1,1,1,1,1,1,0,1,3,-1.491020519067978,19.9,0,kaggle
9863-JZAIC,1,-0.43991649313097614,0,0,0.10704778280226633,1,0,0,0,0,0,0,2,0,0,0,3,-0.3244390249513595,2010.55,1,kaggle
7471-MQPOS,1,2.273158691738958,1,1,1.5729808767233588,1,2,0,0,2,2,2,0,2,1,1,0,0.2704843011081128,5139.65,0,kaggle
7660-HDPJV,0,-0.43991649313097614,0,0,-1.2774445836787656,1,0,1,0,0,0,0,0,0,0,1,2,0.14751132309581955,69.2,1,kaggle
5115-SQAAU,0,-0.43991649313097614,1,1,1.4915401492832983,1,2,2,1,1,1,1,1,1,2,1,0,-1.3015756610490399,1673.4,0,kaggle
9845-QOMAD,1,-0.43991649313097614,1,1,-0.748079855318371,1,0,2,1,1,1,1,1,1,1,0,3,-1.4960059100684764,309.35,0,kaggle
7672-VFMXZ,1,-0.43991649313097614,1,0,1.002895784642934,1,0,0,2,0,0,2,0,0,0,0,2,-0.3011738669490337,3171.6,0,kaggle
9739-JLPQJ,0,-0.43991649313097614,1,1,1.6137012404433893,1,2,1,2,2,2,2,2,2,2,0,1,1.7528072252562945,8670.1,0,kaggle
9916-AYHTC,1,-0.43991649313097614,0,0,0.6364125111626608,1,0,2,1,1,1,1,1,1,2,0,1,-1.4926823160681442,916.0,0,kaggle
3855-ONCAR,0,-0.43991649313097614,1,1,-1.1552834925186746,1,0,1,0,0,0,0,2,0,0,1,3,0.46989994112804756,299.75,0,kaggle
1488-SYSFC,1,-0.43991649313097614,1,1,-0.055833672077855064,1,0,2,1,1,1,1,1,1,0,1,2,-1.4660935640654862,702.05,0,kaggle
7931-PXHFC,1,-0.43991649313097614,0,0,0.22920887396235737,1,0,0,0,0,2,2,0,2,1,1,3,-0.08181666292710564,2354.8,1,kaggle
3990-QYKBE,1,2.273158691738958,1,0,0.18848851024232702,1,2,1,0,0,0,0,2,2,0,1,2,0.9219087251732329,3473.4,1,kaggle
0970-QXPXW,0,-0.43991649313097614,0,0,-1.2774445836787656,1,0,2,1,1,1,1,1,1,0,0,3,-1.4993295040688086,19.65,0,kaggle
3259-KNMRR,1,2.273158691738958,0,0,1.002895784642934,1,2,0,0,2,2,0,2,2,2,1,0,0.4981504901308714,4438.2,0,kaggle
6120-RJKLU,0,2.273158691738958,1,0,1.2064976032430856,1,0,0,2,0,2,2,2,2,2,1,1,0.5047976781315361,4819.75,0,kaggle
9572-WUKSB,1,-0.43991649313097614,1,0,-1.1960038562387048,0,1,0,0,0,0,2,0,0,0,1,2,-1.1586611190347533,92.25,0,kaggle
5893-KCLGT,0,-0.43991649313097614,0,1,1.6137012404433893,1,0,2,1,1,1,1,1,1,2,1,3,-1.4960059100684764,1567.0,0,kaggle
0076-LVEPS,1,-0.43991649313097614,0,1,-0.13727439951791576,0,1,0,2,2,2,2,0,0,0,1,3,-0.6567984249845842,1242.45,0,kaggle
3640-JQGJG,1,-0.43991649313097614,1,1,-0.7888002190384014,1,0,0,0,0,0,0,0,0,0,0,0,-0.6634456129852487,559.2,0,kaggle
4919-MOAVT,1,-0.43991649313097614,0,1,-1.1960038562387048,1,0,1,0,0,0,0,0,0,0,0,2,0.16246749609731476,220.1,1,kaggle
1596-OQSPS,0,-0.43991649313097614,0,0,-0.8702409464784621,1,0,0,0,2,0,0,0,0,0,0,2,-0.45405919096431707,531.15,0,kaggle
9867-XOBQA,0,-0.43991649313097614,0,1,-0.46303730927815856,0,1,0,2,2,2,2,2,0,2,0,3,-0.3859255139575061,1183.2,0,kaggle
9546-KDTRB,0,-0.43991649313097614,0,0,-0.5444780367182193,1,2,2,1,1,1,1,1,1,0,0,0,-1.33148800705203,465.85,0,kaggle
3090-HAWSU,1,-0.43991649313097614,0,0,1.1657772395230555,1,2,1,2,0,2,2,2,2,2,1,1,1.5567151792366918,6876.05,1,kaggle
9820-RMCQV,0,-0.43991649313097614,0,0,-0.8702409464784621,1,0,0,2,0,0,0,0,0,0,0,1,-0.5388108379727895,501.0,1,kaggle
3174-RKMOW,1,-0.43991649313097614,1,1,0.10704778280226633,1,2,1,0,2,2,2,2,2,0,1,2,1.5018758782312098,3782.4,0,kaggle
1760-CAZHT,1,-0.43991649313097614,0,1,-0.30015585439803716,1,0,2,1,1,1,1,1,1,0,0,3,-1.461108173064988,460.2,0,kaggle
7839-QRKXN,0,-0.43991649313097614,0,0,-1.2774445836787656,1,0,2,1,1,1,1,1,1,0,1,3,-1.481049737066981,20.2,1,kaggle
8441-SHIPE,0,-0.43991649313097614,0,0,1.4100994218432374,1,2,2,1,1,1,1,1,1,2,1,0,-1.3015756610490399,1790.35,0,kaggle
5204-QZXPU,1,-0.43991649313097614,0,0,-0.5444780367182193,0,1,0,0,0,2,0,2,0,0,1,2,-0.8346107040023594,733.35,1,kaggle
4597-ELFTS,1,-0.43991649313097614,0,0,0.9621754209229036,1,2,2,1,1,1,1,1,1,1,0,2,-1.3248408190513656,1334.0,1,kaggle
1320-GVNHT,1,-0.43991649313097614,1,1,1.6137012404433893,1,2,1,2,2,2,0,2,2,2,1,1,1.4503601712260603,7767.25,0,kaggle
1047-RNXZV,1,-0.43991649313097614,0,0,0.43281069256250915,1,0,2,1,1,1,1,1,1,2,0,3,-1.502653098069141,876.15,0,kaggle
3541-ZNUHK,0,-0.43991649313097614,1,1,0.9214550572028734,1,2,1,2,2,0,0,0,0,0,1,2,0.6759627691486464,4600.95,0,kaggle
8450-JOVAH,1,-0.43991649313097614,1,1,-1.2367242199587352,1,2,0,2,0,0,0,0,0,0,0,3,-0.2679379269457112,113.55,1,kaggle
8725-JEDFD,1,-0.43991649313097614,0,0,-0.21871512695797646,1,0,1,0,0,0,0,0,0,0,1,3,0.142525932095321,1793.25,0,kaggle
7562-UXTPG,0,-0.43991649313097614,0,0,-0.7888002190384014,1,0,1,0,0,0,0,0,0,0,1,3,0.179085466098976,886.7,0,kaggle
8071-SBTRN,0,-0.43991649313097614,0,0,1.5322605130033284,1,2,1,2,2,2,0,2,2,2,1,3,1.541759006235197,7737.55,0,kaggle
1113-IUJYX,0,-0.43991649313097614,1,0,-0.748079855318371,1,0,1,2,2,0,2,2,2,1,0,3,1.3689321182179202,1348.9,1,kaggle
6668-CNMFP,0,-0.43991649313097614,1,1,-0.5444780367182193,1,2,1,0,0,0,2,0,2,1,1,0,0.8172155141627669,1686.85,0,kaggle
5626-MGTUK,0,-0.43991649313097614,0,0,-0.5037576729981889,1,2,1,2,0,0,0,2,0,0,1,0,0.8089065291619363,1879.25,0,kaggle
5681-LLOEI,1,-0.43991649313097614,1,1,0.43281069256250915,1,2,1,2,0,2,2,0,0,1,1,1,0.8803638001690798,4013.8,0,kaggle
8212-DJRCH,1,-0.43991649313097614,1,1,-1.1145631287986442,1,0,1,2,0,2,0,0,2,0,1,3,0.8504514541660894,434.5,0,kaggle
4323-OHFOW,0,2.273158691738958,1,0,1.5322605130033284,1,2,1,0,2,0,2,2,2,1,1,0,1.3556377422165908,7195.35,0,kaggle
4933-BSAIP,0,-0.43991649313097614,1,0,0.3106496014024181,1,0,2,1,1,1,1,1,1,2,0,3,-1.517609271070636,780.1,0,kaggle
2030-BTZRO,1,-0.43991649313097614,1,1,-1.0738427650786138,1,0,2,1,1,1,1,1,1,2,1,1,-1.4744025490663168,107.6,0,kaggle
1116-DXXDF,1,-0.43991649313097614,0,0,0.26992923768238775,1,0,1,2,0,2,0,2,2,2,1,2,1.1861344481996465,3801.7,0,kaggle
9274-CNFMO,1,2.273158691738958,1,0,-1.1552834925186746,1,2,1,0,0,0,0,0,0,0,0,2,0.3386179781149237,308.7,1,kaggle
7758-XKCBS,1,-0.43991649313097614,0,0,-0.7073594915983407,0,1,0,0,0,0,2,0,0,0,1,2,-1.1653083070354178,438.25,1,kaggle
8992-JQYUN,1,-0.43991649313097614,1,0,-1.2774445836787656,0,1,0,0,0,2,0,2,2,0,1,2,-0.47898614596680894,50.35,1,kaggle
6563-VNPMN,0,2.273158691738958,0,0,0.5142514200025698,1,0,1,2,2,0,2,0,0,0,1,0,0.6959043331506402,3778.1,0,kaggle
0617-AQNWT,0,-0.43991649313097614,1,0,1.2879383306831464,0,1,0,2,0,2,2,0,2,2,0,2,-0.562075995975115,3147.5,1,kaggle
2267-WTPYD,0,2.273158691738958,1,0,1.002895784642934,1,2,1,0,2,2,0,0,2,0,0,1,0.9717626351782166,5438.95,0,kaggle
0270-THENM,1,-0.43991649313097614,1,1,1.6137012404433893,1,2,0,2,2,2,2,0,0,2,0,0,0.16911468409797886,5102.35,0,kaggle
2446-PLQVO,1,-0.43991649313097614,0,0,-1.2774445836787656,1,0,1,0,0,0,0,0,0,0,1,2,0.18407085709947407,70.3,1,kaggle
4707-MAXGU,1,-0.43991649313097614,1,0,1.6137012404433893,1,2,2,1,1,1,1,1,1,2,0,1,-1.2932666760482092,1872.2,0,kaggle
2710-WYVXG,0,-0.43991649313097614,0,0,-1.1960038562387048,1,0,0,2,2,0,2,0,2,2,0,3,0.21065960910213194,213.35,0,kaggle
3005-NFMTA,1,2.273158691738958,0,0,0.9214550572028734,1,2,1,2,0,0,0,2,2,0,1,2,1.1312951471941644,5617.75,1,kaggle
6300-BWMJX,0,-0.43991649313097614,1,0,1.0843365120829946,1,2,1,0,0,2,2,2,0,0,0,2,0.9501592741760567,5386.5,0,kaggle
8784-CGILN,0,-0.43991649313097614,0,0,-0.5851984004382496,1,2,1,0,0,0,2,2,2,0,1,0,1.1661928841976528,1776.95,1,kaggle
5389-FFVKB,1,2.273158691738958,1,0,-0.015113308357824713,1,0,1,0,0,0,0,0,2,0,1,1,0.5164302571326987,2483.05,1,kaggle
7009-LGECI,0,-0.43991649313097614,0,0,-1.1552834925186746,1,0,0,2,0,0,0,0,0,0,1,0,-0.47233895796614456,235.65,0,kaggle
8444-WRIDW,0,2.273158691738958,0,0,1.369379058123207,1,2,1,0,2,0,0,0,0,0,1,1,0.5214156481331973,5224.35,1,kaggle
5022-KVDQT,1,-0.43991649313097614,0,0,-0.21871512695797646,1,2,1,0,0,2,0,0,0,0,1,2,0.5496661971360212,2272.8,0,kaggle
7976-CICYS,1,-0.43991649313097614,0,0,-1.1552834925186746,1,0,2,1,1,1,1,1,1,0,1,1,-1.46443176706532,83.75,0,kaggle
1036-GUDCL,1,-0.43991649313097614,1,1,1.125056875803025,1,0,0,2,2,0,2,2,2,0,1,1,0.4748853321285456,4663.4,0,kaggle
2005-DWQZJ,0,-0.43991649313097614,1,1,-0.9924020376385531,1,0,2,1,1,1,1,1,1,2,0,3,-1.5192710680708021,201.7,0,kaggle
8148-WOCMK,1,-0.43991649313097614,1,1,-0.9924020376385531,1,0,2,1,1,1,1,1,1,2,0,1,-1.5009913010689746,125.0,0,kaggle
7815-PDTHL,1,-0.43991649313097614,0,0,0.10704778280226633,1,0,2,1,1,1,1,1,1,2,1,3,-1.481049737066981,684.4,0,kaggle
9451-LPGOO,1,-0.43991649313097614,0,0,-1.0331224013585834,1,2,1,0,0,0,0,0,2,0,1,2,0.7324638671542947,620.35,1,kaggle
9173-IVZVP,0,-0.43991649313097614,1,1,0.8400143297628127,1,0,2,1,1,1,1,1,1,2,0,3,-1.4577845790646555,1146.05,0,kaggle
9129-UXERG,0,2.273158691738958,0,0,-0.5851984004382496,1,2,1,0,2,0,2,2,2,0,1,1,1.290827659210112,1806.35,0,kaggle
3635-JBPSG,0,-0.43991649313097614,0,0,-0.7073594915983407,0,1,0,0,2,0,0,0,2,2,1,3,-0.8628612530051836,603.0,0,kaggle
7964-ZRKKG,1,-0.43991649313097614,1,0,1.4100994218432374,1,2,1,0,2,0,0,2,0,1,1,0,0.785641371159611,5798.3,0,kaggle
5868-YWPDW,1,2.273158691738958,1,0,-1.0738427650786138,1,0,1,0,2,0,0,0,2,0,1,2,0.6460504231456565,519.15,1,kaggle
6229-LSCKB,1,2.273158691738958,0,0,-1.0738427650786138,1,0,1,0,0,0,0,2,0,0,1,2,0.4964886931307054,497.6,0,kaggle
2025-JKFWI,1,-0.43991649313097614,0,0,-0.7888002190384014,1,2,1,0,0,0,2,2,2,0,1,3,1.1379423351948288,1301.7,1,kaggle
4078-SAYYN,0,-0.43991649313097614,0,0,-0.8702409464784621,1,2,1,0,0,2,0,2,2,0,1,2,1.1961052302006432,1129.75,1,kaggle
1724-IQWNM,1,-0.43991649313097614,0,1,-1.2774445836787656,1,0,2,1,1,1,1,1,1,0,1,3,-1.5109620830699715,19.3,0,kaggle
8217-QYOHV,1,-0.43991649313097614,0,0,-1.1145631287986442,1,0,0,2,0,0,2,0,0,0,1,3,-0.2995120699488677,266.95,0,kaggle
5546-QUERU,1,-0.43991649313097614,0,0,-0.7888002190384014,1,0,2,1,1,1,1,1,1,1,1,3,-1.4893587220678117,257.0,0,kaggle
9940-HPQPG,0,-0.43991649313097614,1,0,-0.9516816739185228,1,2,1,2,2,2,0,0,0,0,0,0,0.896981770170741,865.8,1,kaggle
6897-UUBNU,1,-0.43991649313097614,0,0,-0.13727439951791576,1,0,1,0,2,0,2,2,0,0,0,3,0.827186296163764,2623.65,0,kaggle
6127-IYJOZ,1,2.273158691738958,0,0,-1.2774445836787656,1,0,0,0,0,0,0,0,0,0,1,3,-0.62854787598176,45.85,0,kaggle
6618-RYATB,0,-0.43991649313097614,0,0,-1.2774445836787656,1,2,1,0,0,2,0,0,0,0,1,3,0.4915033021302069,79.55,1,kaggle
8930-XOTDP,0,-0.43991649313097614,1,1,-0.5851984004382496,1,0,0,0,0,0,0,2,0,0,0,3,-0.2928648819482031,1082.8,0,kaggle
5916-QEWPT,0,-0.43991649313097614,1,0,-1.2367242199587352,1,0,0,0,0,2,0,2,2,0,0,1,0.14086413509515497,147.8,0,kaggle
5060-TQUQN,1,-0.43991649313097614,1,1,-0.0965540357978854,1,2,1,0,2,0,2,0,0,0,1,0,0.6244470621434968,2570.2,0,kaggle
0531-XBKMM,1,-0.43991649313097614,0,1,1.369379058123207,1,2,0,2,2,0,2,0,0,2,0,0,0.03118553308419093,4378.9,0,kaggle
8465-SBRXP,1,-0.43991649313097614,1,1,0.22920887396235737,1,2,1,0,0,2,2,2,0,2,1,0,1.001674981181207,3616.25,0,kaggle
2408-PSJVE,1,-0.43991649313097614,1,1,0.47353105628253944,1,0,0,0,2,2,2,0,0,0,1,3,-0.09511103892843457,2924.05,0,kaggle
9079-YEXQJ,0,-0.43991649313097614,0,0,0.880734693482843,1,2,1,0,2,2,2,2,2,0,0,2,1.5400972092350305,6014.85,1,kaggle
9700-ZCLOT,1,-0.43991649313097614,0,0,-1.2367242199587352,1,0,2,1,1,1,1,1,1,0,0,3,-1.4876969250676457,32.7,0,kaggle
8738-JOKAR,0,-0.43991649313097614,0,0,0.3920903288424788,1,0,0,2,2,0,2,0,2,1,1,3,0.09765741309083585,2882.25,0,kaggle
4534-WGCIR,0,-0.43991649313097614,1,1,1.0436161483629645,1,2,2,1,1,1,1,1,1,2,0,1,-1.3165318340505352,1509.9,0,kaggle
1930-WNXSB,1,-0.43991649313097614,1,1,1.0436161483629645,1,0,1,0,2,0,0,2,2,0,1,2,0.9335413041743955,5305.05,0,kaggle
2685-SREOM,0,-0.43991649313097614,1,1,-0.30015585439803716,1,2,1,0,0,2,0,0,2,0,1,2,0.8089065291619363,2368.4,1,kaggle
3508-CFVZL,0,-0.43991649313097614,0,0,1.5729808767233588,1,2,1,2,2,2,2,2,2,2,0,3,1.5467443972356951,7985.9,0,kaggle
0402-CQAJN,0,-0.43991649313097614,0,0,0.18848851024232702,1,2,1,0,2,2,0,2,2,0,1,0,1.2343265612044643,3545.35,1,kaggle
6692-UDPJC,0,-0.43991649313097614,1,1,-0.748079855318371,1,2,1,0,0,0,2,2,0,0,1,2,0.893658176170409,1301.0,1,kaggle
1273-MTETI,0,2.273158691738958,0,0,-1.1552834925186746,1,2,1,0,0,2,0,0,2,0,1,2,0.8005975441611056,372.45,1,kaggle
0657-DOGUM,0,-0.43991649313097614,1,0,0.6364125111626608,1,2,0,2,0,0,2,0,0,1,1,0,-0.1383177609327537,2985.25,0,kaggle
5480-HPRRX,0,2.273158691738958,0,0,-1.1960038562387048,0,1,0,0,0,0,0,0,0,0,0,2,-1.3115464430500368,77.75,1,kaggle
8792-AOROI,0,-0.43991649313097614,1,0,-0.9924020376385531,1,0,0,2,0,0,2,0,2,2,0,3,0.02453834508352634,564.35,0,kaggle
0295-PPHDO,1,-0.43991649313097614,0,0,-1.2774445836787656,1,2,1,0,0,0,0,2,2,0,1,2,1.0199547481830342,95.45,1,kaggle
5146-YYFRZ,1,-0.43991649313097614,0,0,1.4100994218432374,1,0,2,1,1,1,1,1,1,2,0,0,-1.4893587220678117,1311.75,0,kaggle
1195-OIYEJ,1,-0.43991649313097614,0,0,-0.7888002190384014,1,0,1,0,0,0,0,2,2,0,1,2,0.8753784091685812,1135.7,1,kaggle
5906-CVLHP,0,-0.43991649313097614,1,1,0.5142514200025698,1,0,0,0,2,0,2,0,0,1,1,1,-0.35268957395418365,2319.8,1,kaggle
3452-SRFEG,1,-0.43991649313097614,0,0,0.6771328748826912,1,2,1,0,0,0,0,0,0,0,1,0,0.32698539911376057,3720.35,0,kaggle
4070-OKWVH,0,-0.43991649313097614,1,0,0.7992939660427822,1,2,1,0,2,2,0,2,0,0,0,0,0.9917041991802098,5025.8,0,kaggle
5297-MDOIR,0,-0.43991649313097614,1,0,1.247217966963116,1,0,1,2,0,2,0,0,0,1,1,1,0.544680806135523,5224.5,0,kaggle
6369-MCAKO,0,-0.43991649313097614,1,1,1.4508197855632678,1,2,0,2,2,2,2,2,2,2,1,0,0.8072447321617703,6185.8,0,kaggle
4926-UMJZD,0,-0.43991649313097614,1,0,-0.055833672077855064,1,0,0,0,0,0,2,0,0,0,1,3,-0.5172074769706297,1498.55,0,kaggle
6848-HJTXY,0,-0.43991649313097614,1,0,1.2879383306831464,1,0,2,1,1,1,1,1,1,2,0,1,-1.505976692069473,1208.6,0,kaggle
6341-AEVKX,0,-0.43991649313097614,1,0,1.2064976032430856,1,0,1,2,0,2,2,2,2,1,1,2,1.3140928172124378,6613.65,0,kaggle
4501-EQDRN,0,-0.43991649313097614,0,0,-1.2774445836787656,1,0,1,0,0,0,0,0,0,0,0,0,0.16412929309748078,69.7,1,kaggle
2990-HWIML,0,-0.43991649313097614,0,0,-1.0738427650786138,1,0,1,0,0,0,0,2,2,0,1,2,0.8222009051632655,573.3,1,kaggle
0682-USIXD,0,-0.43991649313097614,1,0,-0.46303730927815856,1,0,1,0,0,0,2,2,0,0,1,2,0.7075369121518029,1818.9,0,kaggle
6976-BWGLQ,0,-0.43991649313097614,1,1,1.6137012404433893,1,2,2,1,1,1,1,1,1,2,0,0,-1.3148700370503688,1787.35,0,kaggle
7078-NVFAM,0,-0.43991649313097614,1,1,-0.015113308357824713,0,1,0,2,2,0,0,0,0,0,1,2,-0.9841724340173105,1051.05,0,kaggle
8065-QBYTO,0,2.273158691738958,0,0,1.5729808767233588,1,2,1,2,2,0,2,2,0,1,1,1,1.1595456961969886,7181.25,0,kaggle
2133-TSRRM,0,-0.43991649313097614,0,1,0.06632741908223598,1,0,1,2,2,2,0,2,2,0,1,0,1.3489905542159264,3688.6,0,kaggle
7384-GHBPI,1,-0.43991649313097614,1,0,-1.1960038562387048,0,1,0,0,0,0,0,0,2,0,1,2,-0.9841724340173105,99.75,1,kaggle
7603-USHJS,1,-0.43991649313097614,0,1,-0.8295205827584317,1,2,1,0,0,0,0,0,0,0,1,1,0.29873485011093664,871.4,1,kaggle
7234-FECYN,0,2.273158691738958,0,0,-0.9924020376385531,1,2,1,0,0,2,0,2,2,0,0,2,1.2160467942026365,780.5,1,kaggle
2511-ALLCS,0,-0.43991649313097614,1,1,0.10704778280226633,1,2,2,1,1,1,1,1,1,2,0,0,-1.3447823830533592,821.6,0,kaggle
3191-CSNMG,0,-0.43991649313097614,1,1,-1.1960038562387048,1,0,1,0,0,0,0,2,0,0,1,2,0.5297246331340278,239.45,0,kaggle
7952-OBOYL,1,-0.43991649313097614,0,0,-1.1960038562387048,1,0,1,0,0,2,2,2,0,0,1,3,0.8338334841644282,244.45,0,kaggle
7470-DYNOE,1,-0.43991649313097614,0,0,0.8400143297628127,1,0,0,0,0,2,0,0,2,1,1,2,-0.12169979093109246,3357.9,0,kaggle
7853-OETYL,0,-0.43991649313097614,1,0,-1.1552834925186746,0,1,0,2,0,0,0,0,0,0,1,2,-1.1869116680375775,129.6,0,kaggle
1545-ACTAS,0,-0.43991649313097614,1,1,0.6364125111626608,1,0,1,2,0,2,0,2,2,1,1,0,1.1612074931971548,4977.2,0,kaggle
5876-HZVZM,0,-0.43991649313097614,1,1,-1.0738427650786138,1,0,0,2,2,0,0,0,0,0,0,1,-0.29452667894836937,365.35,1,kaggle
1400-MMYXY,1,2.273158691738958,1,0,-1.1960038562387048,1,2,1,0,2,2,0,2,2,0,1,2,1.3672703212177542,334.65,1,kaggle
5126-RCXYW,1,-0.43991649313097614,1,1,0.880734693482843,0,1,0,0,0,2,2,0,2,2,0,1,-0.6235624849812617,2424.05,0,kaggle
3085-QUOZK,0,-0.43991649313097614,0,0,-1.2774445836787656,1,0,0,0,0,0,0,0,0,0,0,3,-0.6916961619880726,43.95,1,kaggle
2363-BJLSL,1,-0.43991649313097614,0,0,1.2064976032430856,1,0,0,0,2,2,2,2,2,0,1,0,0.5197538511330312,4981.15,0,kaggle
1956-YIFGE,1,-0.43991649313097614,1,1,-0.4223169455581282,1,0,1,0,2,2,0,2,2,1,1,3,1.1728400721983174,2090.25,0,kaggle
3926-CUQZX,1,-0.43991649313097614,0,0,-1.2774445836787656,1,0,0,0,0,0,0,0,0,0,1,0,-0.6534748309842519,45.1,1,kaggle
7921-LMDFQ,1,2.273158691738958,0,0,0.758573602322752,1,0,1,0,0,2,0,2,2,1,1,0,0.9717626351782166,4905.75,0,kaggle
2925-MXLSX,0,-0.43991649313097614,0,0,-0.0965540357978854,1,2,0,0,2,2,0,2,0,1,1,1,0.13920233809498894,2038.7,0,kaggle
5820-PTRYM,0,2.273158691738958,1,0,0.9621754209229036,1,2,0,2,2,2,2,0,0,1,1,1,0.1225843680933277,4014.0,0,kaggle
9609-BENEA,1,-0.43991649313097614,1,0,0.10704778280226633,1,2,0,0,2,0,2,2,0,1,1,2,0.14086413509515497,2441.7,0,kaggle
6211-WHMYA,0,2.273158691738958,0,0,1.2879383306831464,0,1,0,0,2,0,2,2,0,0,1,2,-0.6950197559884049,2751.0,0,kaggle
4459-BBGHE,1,-0.43991649313097614,0,1,-0.0965540357978854,0,1,0,0,0,0,0,2,2,0,1,2,-0.6734163949862454,1307.8,0,kaggle
9945-PSVIP,0,-0.43991649313097614,1,1,-0.30015585439803716,1,0,2,1,1,1,1,1,1,2,1,3,-1.5309036470719648,383.65,0,kaggle
1041-RXHRA,0,-0.43991649313097614,0,0,0.35136996512244845,1,0,1,0,0,0,0,0,0,0,0,0,0.18240906009930805,2868.05,1,kaggle
1750-CSKKM,1,-0.43991649313097614,0,1,-0.9516816739185228,1,0,0,0,0,0,0,2,0,0,0,2,-0.31280644595019663,449.75,1,kaggle
9108-EJFJP,0,-0.43991649313097614,1,0,-1.2774445836787656,1,0,0,2,2,0,0,0,0,0,1,3,-0.3726311379561772,53.55,0,kaggle
0530-IJVDB,1,-0.43991649313097614,0,1,1.5322605130033284,1,2,1,2,2,2,2,2,2,2,1,2,1.656422999246659,7882.5,0,kaggle
0508-SQWPL,0,-0.43991649313097614,1,1,1.002895784642934,1,0,2,1,1,1,1,1,1,2,1,0,-1.4843733310673135,1087.7,0,kaggle
2215-ZAFGX,1,-0.43991649313097614,0,0,-0.9516816739185228,1,2,1,0,0,0,0,2,0,0,1,2,0.6892571451499756,791.7,0,kaggle
8213-TAZPM,0,-0.43991649313097614,1,1,1.4915401492832983,1,2,1,0,2,2,2,2,2,1,1,0,1.461992750227223,7493.05,0,kaggle
7142-HVGBG,1,2.273158691738958,1,0,0.43281069256250915,1,2,1,0,2,2,0,2,2,0,1,2,1.2708860952081187,4414.3,1,kaggle
1304-SEGFY,0,-0.43991649313097614,1,0,1.6137012404433893,1,2,1,0,0,2,0,2,2,2,1,2,1.099721004191008,6841.3,0,kaggle
7242-EDTYC,1,-0.43991649313097614,0,1,0.47353105628253944,1,0,2,1,1,1,1,1,1,2,0,0,-1.502653098069141,819.95,0,kaggle
2904-GGUAZ,0,-0.43991649313097614,1,0,1.6137012404433893,1,2,1,2,2,0,0,0,0,2,1,0,0.641065032145158,6052.25,0,kaggle
8267-ZNYVZ,0,-0.43991649313097614,1,0,0.025607055362205634,1,0,1,2,0,2,2,2,2,1,1,2,1.2958130502106107,3361.05,1,kaggle
5136-GFPMB,1,-0.43991649313097614,0,0,0.880734693482843,1,2,1,0,0,2,0,0,2,0,0,1,0.8188773111629334,4869.5,0,kaggle
2595-KIWPV,1,-0.43991649313097614,0,1,-0.21871512695797646,1,0,2,1,1,1,1,1,1,2,0,1,-1.4976677070686424,509.3,0,kaggle
5243-SAOTC,1,-0.43991649313097614,0,0,0.880734693482843,1,2,1,0,2,0,0,0,0,0,1,0,0.5014740841312035,4308.25,0,kaggle
9398-MMQTO,1,-0.43991649313097614,0,0,-1.1960038562387048,1,0,1,0,2,0,0,0,0,0,0,1,0.32200000811326246,221.1,0,kaggle
7619-PLRLP,0,-0.43991649313097614,1,0,0.8400143297628127,1,2,0,2,2,2,0,0,2,1,0,0,0.31036742911209936,3833.95,0,kaggle
6457-GIRWB,1,-0.43991649313097614,0,0,-1.2774445836787656,1,0,1,0,0,0,0,0,0,0,1,2,0.15249671409631763,69.35,1,kaggle
6508-NJYRO,1,-0.43991649313097614,1,0,-0.7073594915983407,1,0,2,1,1,1,1,1,1,1,0,3,-1.5275800530716328,294.95,0,kaggle
1450-SKCVI,0,-0.43991649313097614,0,0,0.9621754209229036,1,0,1,0,2,0,0,0,0,0,1,2,0.3020584441112687,4092.85,1,kaggle
4710-NKCAW,1,-0.43991649313097614,1,1,-1.1145631287986442,1,2,0,2,2,0,2,0,0,0,0,1,-0.012021188920128179,316.9,0,kaggle
5306-BVTKJ,1,-0.43991649313097614,1,1,0.6364125111626608,1,0,0,0,2,2,0,0,0,1,1,1,-0.29785027294870164,2651.2,0,kaggle
0357-NVCRI,0,-0.43991649313097614,0,1,-0.30015585439803716,1,0,2,1,1,1,1,1,1,0,0,1,-1.4860351280674797,471.7,0,kaggle
5570-PTWEH,0,-0.43991649313097614,1,0,-1.1960038562387048,1,2,1,0,0,0,0,0,0,0,1,1,0.34526516611558833,216.75,1,kaggle
2371-KFUOG,1,-0.43991649313097614,0,0,1.0436161483629645,1,0,1,2,2,0,0,2,2,1,0,0,1.1429277261953275,5720.95,0,kaggle
0463-ZSDNT,1,-0.43991649313097614,0,0,-0.9109613101984924,1,0,0,0,0,0,0,0,2,0,1,0,-0.2662761299455452,503.25,0,kaggle
6502-MJQAE,1,-0.43991649313097614,0,0,-1.2774445836787656,1,0,1,0,0,0,0,0,0,0,1,2,0.16080569909714826,69.6,1,kaggle
6257-DTAYD,1,-0.43991649313097614,1,0,1.5729808767233588,1,2,1,0,2,0,2,2,2,2,1,1,1.3091074262119398,7365.3,0,kaggle
4616-ULAOA,0,-0.43991649313097614,1,1,1.3286586944031769,1,2,1,0,2,2,2,2,2,2,1,1,1.5301264272340338,7245.9,0,kaggle
7693-LCKZL,1,-0.43991649313097614,1,1,-1.1145631287986442,1,2,1,0,2,0,0,0,0,0,1,2,0.5114448661322006,385.0,1,kaggle
7746-AWNQW,0,-0.43991649313097614,0,0,-0.1779947632379461,0,1,0,0,0,2,2,0,0,0,1,3,-0.9642308700153169,961.4,0,kaggle
5996-EBTKM,0,-0.43991649313097614,1,1,1.4100994218432374,1,2,0,0,0,2,2,0,2,2,1,0,0.17077648109814536,4615.9,0,kaggle
2758-RNWXS,1,-0.43991649313097614,0,0,0.10704778280226633,1,0,1,2,0,0,2,0,2,1,1,2,0.8122301231622688,3251.3,0,kaggle
2314-TNDJQ,0,-0.43991649313097614,1,1,1.6137012404433893,0,1,0,2,2,2,2,0,2,2,0,1,-0.3028356639492,3880.05,0,kaggle
2405-LBMUW,0,-0.43991649313097614,1,1,1.1657772395230555,0,1,0,2,2,0,2,0,2,1,1,0,-0.467353566965646,3088.75,0,kaggle
3454-JFUBC,1,2.273158691738958,0,0,1.4508197855632678,1,0,2,1,1,1,1,1,1,2,1,1,-1.4876969250676457,1396.0,0,kaggle
0032-PGELS,0,-0.43991649313097614,1,1,-1.2774445836787656,0,1,0,2,0,0,0,0,0,0,0,0,-1.1387195550327598,30.5,1,kaggle
9039-ZVJDC,1,-0.43991649313097614,0,0,-1.1960038562387048,1,0,2,1,1,1,1,1,1,0,1,3,-1.517609271070636,53.05,0,kaggle
6797-LNAQX,1,-0.43991649313097614,1,1,1.5322605130033284,1,2,1,0,2,0,0,2,2,2,0,0,1.114677177192503,6859.5,1,kaggle
9013-AQORL,0,-0.43991649313097614,0,1,0.6364125111626608,0,1,0,0,2,2,0,0,2,0,0,1,-0.6385186579827569,2108.35,0,kaggle
2898-MRKPI,1,-0.43991649313097614,1,1,1.4508197855632678,1,2,1,0,2,0,0,2,2,1,1,1,1.2060760122016398,6770.5,0,kaggle
2750-BJLSB,0,-0.43991649313097614,0,0,0.5956921474426305,1,0,1,2,0,2,2,2,2,1,1,2,1.2941512532104444,4730.6,0,kaggle
3648-GZPHF,1,-0.43991649313097614,1,1,-0.015113308357824713,0,1,0,0,0,2,2,0,0,1,1,3,-0.9476129000136557,1151.05,0,kaggle
2075-RMJIK,0,-0.43991649313097614,1,1,-1.1145631287986442,1,0,0,2,0,0,0,0,0,0,1,3,-0.5105602889699654,232.55,0,kaggle
9588-YRFHY,1,-0.43991649313097614,0,0,0.6771328748826912,1,0,2,1,1,1,1,1,1,2,1,1,-1.491020519067978,1022.6,0,kaggle
6394-MFYNG,0,-0.43991649313097614,0,0,0.6364125111626608,1,2,1,0,2,2,0,2,2,0,1,0,1.4171242312227377,5121.3,1,kaggle
1564-NTYXF,0,2.273158691738958,0,0,-0.7888002190384014,1,2,1,0,0,0,0,0,2,0,1,2,0.572931355138347,1127.2,1,kaggle
9364-YKUVW,1,-0.43991649313097614,0,0,-0.7073594915983407,1,0,2,1,1,1,1,1,1,0,1,3,-1.4943441130683104,309.4,0,kaggle
5392-AKEMH,0,-0.43991649313097614,0,0,-0.8295205827584317,1,0,0,0,0,0,0,0,0,0,1,2,-0.6551366279844181,523.1,0,kaggle
2451-YMUXS,1,2.273158691738958,0,0,1.4100994218432374,1,2,0,2,2,0,2,0,0,2,1,0,-0.007035797919630092,4250.1,0,kaggle
3914-FDRHP,1,-0.43991649313097614,0,0,-0.9516816739185228,1,0,1,0,0,0,2,2,0,0,0,2,0.7141841001524675,770.5,0,kaggle
3078-ZKNTS,0,-0.43991649313097614,1,1,-0.7888002190384014,1,0,2,1,1,1,1,1,1,2,1,0,-1.4960059100684764,246.7,0,kaggle
1024-KPRBB,0,-0.43991649313097614,0,0,0.22920887396235737,1,0,1,0,0,0,0,2,2,1,1,3,0.8089065291619363,3342.0,0,kaggle
4690-PKDQG,0,2.273158691738958,1,0,0.3920903288424788,1,2,1,0,2,2,0,2,0,0,1,2,1.0232783421833662,3930.6,0,kaggle
8155-IBNHG,0,-0.43991649313097614,1,0,-0.3408762181180675,1,2,1,0,0,0,0,0,0,0,1,1,0.35357415111641893,1747.85,1,kaggle
0886-QGENL,0,2.273158691738958,1,0,-0.21871512695797646,1,0,1,2,0,2,0,2,2,0,1,2,1.2127232002023045,2754.45,1,kaggle
9547-ITEFG,1,-0.43991649313097614,1,1,-0.9516816739185228,1,2,1,0,2,2,0,2,2,0,1,1,1.2575917192067896,897.75,0,kaggle
1264-FUHCX,0,-0.43991649313097614,1,0,0.6771328748826912,0,1,0,0,2,0,2,2,2,1,1,1,-0.28123230294704044,2780.6,0,kaggle
7789-CRUVC,0,2.273158691738958,1,0,1.1657772395230555,1,2,1,2,2,2,2,0,0,0,1,1,0.9784098231788811,5895.45,0,kaggle
6598-KELSS,1,-0.43991649313097614,0,1,0.7178532386027215,0,1,0,2,2,0,0,2,0,1,1,0,-0.721608507991063,2208.05,0,kaggle
8739-WWKDU,1,2.273158691738958,0,0,-0.30015585439803716,1,2,1,0,2,0,0,2,0,0,1,2,0.8222009051632655,2196.15,1,kaggle
8685-WHQPW,0,2.273158691738958,0,0,-0.4223169455581282,1,2,1,0,0,0,0,0,0,0,1,0,0.32033821111309646,1692.6,1,kaggle
4745-LSPLO,1,-0.43991649313097614,0,0,-1.2774445836787656,1,0,2,1,1,1,1,1,1,0,0,3,-1.4710789550659844,20.5,1,kaggle
8083-YTZES,1,-0.43991649313097614,0,0,-1.1552834925186746,1,2,1,0,0,0,0,0,0,0,1,2,0.31867641411292996,265.35,1,kaggle
7240-FQLHE,0,2.273158691738958,1,0,-0.5851984004382496,1,2,1,0,0,0,2,2,2,0,0,0,1.1628692901973208,1836.25,1,kaggle
6664-FPDAC,0,2.273158691738958,0,0,0.9621754209229036,1,2,1,0,2,2,2,2,2,1,1,2,1.5683477582378549,6418.9,1,kaggle
9972-VAFJJ,0,2.273158691738958,1,0,0.8400143297628127,1,0,1,0,2,2,2,2,0,1,1,2,0.9717626351782166,4871.45,0,kaggle
0422-UXFAP,0,-0.43991649313097614,1,0,0.758573602322752,1,2,1,0,0,2,0,2,2,1,1,2,1.1329569441943304,4947.55,0,kaggle
1904-WAJAA,0,-0.43991649313097614,1,1,-0.3408762181180675,1,2,0,2,2,2,0,0,0,2,0,2,-0.013682985920294679,1558.65,0,kaggle
5130-YPIRV,0,-0.43991649313097614,1,0,1.2064976032430856,1,0,0,2,2,2,0,2,0,2,1,1,0.24057195510512236,4284.2,0,kaggle
2843-CQMEG,1,-0.43991649313097614,0,0,-0.3408762181180675,1,0,0,0,2,0,0,0,0,0,1,3,-0.5005895069689685,1218.25,0,kaggle
6439-PKTRR,0,-0.43991649313097614,1,1,1.5322605130033284,1,2,0,2,2,2,2,2,0,2,0,2,0.5297246331340278,5617.95,0,kaggle
5351-QESIO,1,-0.43991649313097614,0,1,-1.2774445836787656,0,1,0,0,0,0,0,0,0,0,0,3,-1.3481059770536914,24.2,0,kaggle
0786-VSSUD,1,2.273158691738958,0,0,-0.6666391278783103,0,1,0,0,2,0,0,2,0,0,1,3,-0.8562140650045189,679.85,1,kaggle
5568-DMXZS,0,-0.43991649313097614,0,0,-0.9924020376385531,1,0,0,0,2,0,2,2,0,0,1,2,0.022876548083360315,554.45,0,kaggle
8468-FZTOE,0,-0.43991649313097614,1,1,1.6137012404433893,1,0,0,2,2,2,2,0,2,2,1,2,0.31867641411292996,5237.4,0,kaggle
6633-SYEUS,0,-0.43991649313097614,0,0,-0.38159658183809786,1,0,1,0,2,2,2,0,0,0,0,0,0.612814483142334,2032.3,0,kaggle
6447-GORXK,1,-0.43991649313097614,0,1,-0.055833672077855064,0,1,0,0,0,0,0,0,0,0,0,1,-1.3215172250510334,789.2,0,kaggle
6967-PEJLL,1,-0.43991649313097614,1,1,0.18848851024232702,0,1,0,2,0,2,2,0,0,1,1,2,-0.8163309370005319,1525.35,0,kaggle
3976-BWUCK,0,-0.43991649313097614,1,0,-0.0965540357978854,1,2,1,0,2,0,2,2,0,0,1,1,0.9750862291785486,2804.45,1,kaggle
5981-ZVXOT,0,2.273158691738958,0,0,0.10704778280226633,1,2,1,2,2,2,0,2,2,1,1,2,1.4486983742258936,3726.15,0,kaggle
1684-FLBGS,0,-0.43991649313097614,1,1,-0.38159658183809786,1,2,0,0,2,0,2,2,0,0,1,1,0.1574821050968162,1652.1,0,kaggle
1389-WNUIB,0,-0.43991649313097614,1,1,-0.5037576729981889,1,2,0,2,0,0,0,2,2,1,0,0,0.3735157151184122,1588.75,0,kaggle
0376-OIWME,1,-0.43991649313097614,1,0,0.14776814652229667,1,0,1,2,0,0,0,2,2,0,1,2,0.9584682591768874,3366.05,0,kaggle
3585-ISXZP,0,-0.43991649313097614,0,0,-0.9924020376385531,1,2,1,0,0,0,0,2,2,0,0,0,1.0266019361836989,778.1,1,kaggle
0218-QNVAS,1,-0.43991649313097614,1,1,1.5729808767233588,1,2,1,0,2,0,0,2,2,1,0,0,1.1894580421999785,7113.75,0,kaggle
6583-QGCSI,0,2.273158691738958,1,0,0.7178532386027215,1,2,1,0,2,0,0,2,0,0,1,2,0.7740087921584478,4367.35,1,kaggle
0804-YGEQV,0,-0.43991649313097614,1,1,0.43281069256250915,1,2,2,1,1,1,1,1,1,1,1,0,-1.3397969920528607,993.15,0,kaggle
7164-BPTUT,1,-0.43991649313097614,0,1,1.002895784642934,1,2,0,2,2,2,2,2,2,2,0,3,0.8238627021634315,5012.35,0,kaggle
4174-LPGTI,0,-0.43991649313097614,1,1,0.35136996512244845,1,0,0,0,2,0,2,0,2,1,1,0,0.05777428508684881,2728.6,1,kaggle
2523-EWWZL,0,-0.43991649313097614,1,0,-0.21871512695797646,1,0,1,0,2,0,0,0,0,0,1,2,0.37683930911874425,2093.4,0,kaggle
0928-XUTSN,0,-0.43991649313097614,0,0,-0.7888002190384014,1,0,1,0,0,0,0,0,2,0,1,2,0.5230774451333633,1011.8,0,kaggle
2108-XWMPY,1,-0.43991649313097614,0,0,-1.1960038562387048,0,1,0,2,2,0,0,0,0,0,1,3,-0.9742016520163136,106.85,1,kaggle
0052-YNYOT,0,-0.43991649313097614,0,0,1.4100994218432374,1,0,2,1,1,1,1,1,1,1,0,2,-1.4694171580658184,1343.4,0,kaggle
6304-IJFSQ,1,-0.43991649313097614,0,0,-1.1960038562387048,1,0,0,0,2,0,0,0,0,0,1,3,-0.49394231896830415,130.1,1,kaggle
9586-JGQKH,0,-0.43991649313097614,1,0,1.2879383306831464,1,2,1,0,2,0,2,2,2,2,1,0,1.3506523512160928,6794.75,0,kaggle
4501-VCPFK,1,-0.43991649313097614,0,0,-0.2594354906780068,0,1,0,0,0,2,2,0,0,0,0,2,-0.9642308700153169,1022.5,0,kaggle
6075-SLNIL,1,-0.43991649313097614,0,0,0.22920887396235737,1,2,1,0,2,2,0,0,2,0,1,1,1.0083221691818711,3691.2,0,kaggle
9347-AERRL,1,-0.43991649313097614,1,0,-0.38159658183809786,1,0,2,1,1,1,1,1,1,1,0,1,-1.5109620830699715,486.2,0,kaggle
0093-XWZFY,1,-0.43991649313097614,0,0,0.3106496014024181,1,2,1,0,2,2,0,2,2,0,1,1,1.3207400052131024,4036.85,1,kaggle
2274-XUATA,1,2.273158691738958,1,0,1.6137012404433893,0,1,0,2,2,2,2,2,2,2,1,0,-0.055227910924447524,4685.55,0,kaggle
1980-KXVPM,0,2.273158691738958,0,0,-1.1960038562387048,1,2,1,0,0,0,0,0,0,0,1,1,0.3419415721152558,256.25,1,kaggle
7703-ZEKEF,1,-0.43991649313097614,0,0,-0.38159658183809786,1,2,1,0,0,2,0,0,0,0,1,2,0.5396954151350245,1917.1,1,kaggle
0723-DRCLG,0,2.273158691738958,1,0,-1.2774445836787656,1,2,1,0,0,0,0,0,0,0,1,2,0.32200000811326246,74.45,1,kaggle
5482-NUPNA,0,-0.43991649313097614,0,0,-1.1552834925186746,1,0,0,2,2,0,2,0,0,0,1,3,-0.14496494893341827,272.15,1,kaggle
6691-CCIHA,0,-0.43991649313097614,1,0,1.2064976032430856,1,2,0,2,2,0,2,2,2,2,1,2,0.6709773781481484,5150.55,0,kaggle
1685-BQULA,0,-0.43991649313097614,0,0,0.3106496014024181,1,2,1,0,2,2,0,2,0,0,1,0,0.9518210711762233,3756.4,0,kaggle
9053-EJUNL,1,-0.43991649313097614,0,0,0.35136996512244845,1,2,1,0,2,0,0,2,0,0,1,2,0.8122301231622688,3645.75,0,kaggle
0666-UXTJO,1,2.273158691738958,1,0,0.06632741908223598,1,0,1,0,0,2,0,2,0,0,1,1,0.6792863631489789,2874.45,0,kaggle
1471-GIQKQ,0,-0.43991649313097614,0,0,-1.2774445836787656,1,0,0,0,2,0,0,0,0,0,0,2,-0.4922805219681379,49.95,0,kaggle
4807-IZYOZ,0,-0.43991649313097614,0,0,0.758573602322752,1,0,2,1,1,1,1,1,1,2,0,0,-1.4660935640654862,1020.75,0,kaggle
1122-JWTJW,1,-0.43991649313097614,1,1,-1.2774445836787656,1,0,1,0,0,0,0,0,0,0,1,3,0.19570343610063723,70.65,1,kaggle
9710-NJERN,0,-0.43991649313097614,0,0,0.26992923768238775,1,0,2,1,1,1,1,1,1,2,0,3,-1.4827115340671475,826.0,0,kaggle
9837-FWLCH,1,-0.43991649313097614,1,1,-0.8295205827584317,1,0,2,1,1,1,1,1,1,0,1,2,-1.5142856770703037,239.0,0,kaggle
1699-HPSBG,1,-0.43991649313097614,0,0,-0.8295205827584317,1,0,0,0,0,0,2,2,0,1,1,2,-0.16490651293541178,727.8,1,kaggle
7203-OYKCT,1,-0.43991649313097614,0,0,1.6137012404433893,1,2,1,0,2,2,0,2,2,1,1,2,1.3356961782145975,7544.3,0,kaggle
1035-IPQPU,0,2.273158691738958,1,0,1.247217966963116,1,2,1,0,2,2,0,2,2,0,1,2,1.28750406520978,6479.4,0,kaggle
7398-LXGYX,1,-0.43991649313097614,1,0,0.47353105628253944,1,2,1,2,0,2,0,0,0,0,1,1,0.6659919871476498,3626.35,0,kaggle
2823-LKABH,0,-0.43991649313097614,0,0,-0.5851984004382496,1,2,1,0,0,2,2,0,2,0,1,0,1.0066603721817051,1679.4,0,kaggle
8775-CEBBJ,0,-0.43991649313097614,0,0,-0.9516816739185228,1,0,0,0,0,0,0,0,0,0,1,0,-0.683387176987242,403.35,1,kaggle
0550-DCXLH,1,-0.43991649313097614,0,0,-0.7888002190384014,1,0,0,0,2,0,2,2,2,0,0,3,0.2854404741096075,931.55,0,kaggle
9281-CEDRU,0,-0.43991649313097614,1,0,1.4508197855632678,1,0,0,0,2,0,2,2,0,2,0,0,-0.021991970921125294,4326.25,0,kaggle
2235-DWLJU,0,2.273158691738958,0,0,-1.0738427650786138,0,1,0,0,0,0,0,2,2,0,1,2,-0.6767399889865777,263.05,0,kaggle
0871-OPBXW,0,-0.43991649313097614,0,0,-1.2367242199587352,1,0,2,1,1,1,1,1,1,0,1,3,-1.4860351280674797,39.25,0,kaggle
3605-JISKB,1,2.273158691738958,1,0,0.9214550572028734,1,2,0,2,2,0,0,0,0,1,0,1,-0.1582593249347472,3316.1,0,kaggle
6894-LFHLY,1,2.273158691738958,0,0,-1.2774445836787656,1,2,1,0,0,0,0,0,0,0,1,2,0.3652067301175816,75.75,1,kaggle
9767-FFLEM,1,-0.43991649313097614,0,0,0.22920887396235737,1,0,1,0,0,0,0,0,0,0,1,1,0.1574821050968162,2625.25,0,kaggle
0639-TSIQW,0,-0.43991649313097614,0,0,1.4100994218432374,1,2,1,2,2,2,0,2,0,0,1,1,1.2692242982079527,6886.25,1,kaggle
8456-QDAVC,1,-0.43991649313097614,0,0,-0.5444780367182193,1,0,1,0,0,0,0,2,0,0,1,0,0.46325275312738295,1495.1,0,kaggle
7750-EYXWZ,0,-0.43991649313097614,0,0,-0.8295205827584317,0,1,0,0,2,2,2,2,2,1,0,2,-0.13665596393258767,743.3,0,kaggle
2569-WGERO,0,-0.43991649313097614,0,0,1.6137012404433893,1,0,2,1,1,1,1,1,1,2,1,0,-1.4494755940638249,1419.4,0,kaggle
6840-RESVB,1,-0.43991649313097614,1,1,-0.3408762181180675,1,2,0,2,0,2,2,2,2,1,1,3,0.6659919871476498,1990.5,0,kaggle
2234-XADUH,0,-0.43991649313097614,1,1,1.6137012404433893,1,2,1,0,2,2,0,2,2,1,1,1,1.2775332832087833,7362.9,0,kaggle
4801-JZAZL,0,-0.43991649313097614,1,1,-0.8702409464784621,0,1,0,2,0,0,0,0,0,0,1,2,-1.16863190103575,346.45,0,kaggle
8361-LTMKD,1,2.273158691738958,1,0,-1.1552834925186746,1,2,1,0,0,0,0,0,0,0,1,3,0.32033821111309646,306.6,1,kaggle
3186-AJIEK,1,-0.43991649313097614,0,0,1.369379058123207,1,0,1,2,0,2,2,2,2,2,1,0,1.3589613362169235,6844.5,0,kaggle
